id,from_exercise_id,to_exercise_id,name,relationship,reason,effectiveness_rating,notes,created_at
ref-push-ups-01-reg,push-ups,incline-push-ups,Отжимания с наклоном - руки на возвышении,regression,difficulty-adjustment,78,"Уменьшает нагрузку за счёт поднятых рук и помогает закрепить нейтральную линию корпуса перед переходом к полу",2025-11-09T00:00:00Z
ref-push-ups-02-prog,push-ups,decline-push-ups,Отжимания с наклоном - ноги на возвышении,progression,skill-development,86,"Увеличивает нагрузку на верх груди и плечи, развивает силовой резерв после освоения базового варианта",2025-11-09T00:00:00Z
ref-push-ups-03-alt,push-ups,machine-chest-press-plate-loaded,Жим от груди в рычажном тренажере,alternative,equipment-availability,74,"Схожая нагрузка на грудь при необходимости тренироваться в зале без упора на собственный вес",2025-11-09T00:00:00Z
ref-incline-push-ups-01-prog,incline-push-ups,push-ups,Отжимания от пола,progression,skill-development,82,"После освоения облегчённого варианта пользователь получает следующий шаг для наращивания силы груди и кора",2025-11-09T00:00:00Z
ref-decline-push-ups-01-reg,decline-push-ups,push-ups,Отжимания от пола,regression,difficulty-adjustment,80,"Снятие избыточной нагрузки на плечевой пояс и контроль амплитуды при перегрузке продвинутого варианта",2025-11-09T00:00:00Z
ref-decline-push-ups-02-prog,decline-push-ups,ring-push-ups,Отжимания на кольцах,progression,skill-development,86,"Нестабильные кольца увеличивают требования к координации и силе стабилизаторов; переходи, когда уверенно держишь корпус в планке с ногами на возвышении",2025-11-11T00:00:00Z
ref-decline-push-ups-03-alt,decline-push-ups,push-ups-on-handles,Отжимания на упорах,alternative,equipment-availability,80,"Упоры увеличивают амплитуду и снижают нагрузку на запястья; подходит, если доступны параллельные бруски",2025-11-11T00:00:00Z
ref-machine-chest-press-plate-loaded-01-alt,machine-chest-press-plate-loaded,push-ups,Отжимания от пола,alternative,equipment-availability,76,"Позволяет продолжать тренировку грудных мышц вне зала, сохраняя схожий паттерн и целевую группу",2025-11-09T00:00:00Z
ref-dumbbell-bench-press-flat-01-reg,dumbbell-bench-press-flat,machine-chest-press-plate-loaded,Жим от груди в рычажном тренажере,regression,difficulty-adjustment,84,"Фиксированная траектория снижает требования к стабилизации и помогает отрабатывать технику перед переходом к свободным весам",2025-11-09T00:00:00Z
ref-machine-chest-press-plate-loaded-02-prog,machine-chest-press-plate-loaded,dumbbell-bench-press-flat,Жим гантелей лежа на горизонтальной скамье,progression,skill-development,82,"Следующий шаг после тренажёра: требует симметричной стабилизации и контроля плеч при свободных весах",2025-11-09T00:00:00Z
ref-dumbbell-bench-press-flat-02-prog,dumbbell-bench-press-flat,barbell-bench-press,Жим штанги лежа на горизонтальной скамье,progression,skill-development,88,"Позволяет работать с большими весами и требует более высокой силовой и технической готовности",2025-11-09T00:00:00Z
ref-barbell-bench-press-03-reg,barbell-bench-press,dumbbell-bench-press-flat,Жим гантелей лежа на горизонтальной скамье,regression,difficulty-adjustment,85,"Возврат к гантелям снижает вес, улучшает контроль амплитуды и позволяет работать без страховщика",2025-11-09T00:00:00Z
ref-dumbbell-bench-press-flat-03-alt,dumbbell-bench-press-flat,smith-machine-bench-press,Жим лежа в машине Смита,alternative,equipment-availability,80,"Подходит тем, кто предпочитает фиксированную траекторию и тренировку без партнёра",2025-11-09T00:00:00Z
ref-smith-machine-bench-press-04-alt,smith-machine-bench-press,dumbbell-bench-press-flat,Жим гантелей лежа на горизонтальной скамье,alternative,equipment-availability,78,"Свободные веса расширяют амплитуду и развивают симметричную стабилизацию, если доступны гантели",2025-11-09T00:00:00Z
ref-barbell-bench-press-04-reg,barbell-bench-press,machine-chest-press-plate-loaded,Жим от груди в рычажном тренажере,regression,difficulty-adjustment,83,"Фиксированная траектория снижает требования к стабилизаторам плеч и позволяет безопасно отрабатывать технику без тяжёлых рабочих весов.",2025-11-09T00:00:00Z
ref-machine-chest-press-plate-loaded-03-prog,machine-chest-press-plate-loaded,barbell-bench-press,Жим штанги лежа на горизонтальной скамье,progression,skill-development,86,"После освоения тренажёра переход к свободному весу развивает стабилизацию и позволяет нарастить рабочий вес.",2025-11-09T00:00:00Z
ref-barbell-bench-press-05-prog,barbell-bench-press,ring-push-ups,Отжимания на кольцах,progression,skill-development,88,"Кольца создают нестабильную опору, заставляя грудь и плечи работать в полном диапазоне при высоких требованиях к контролю корпуса.",2025-11-09T00:00:00Z
ref-ring-push-ups-01-reg,ring-push-ups,barbell-bench-press,Жим штанги лежа на горизонтальной скамье,regression,difficulty-adjustment,84,"Стабильная скамья позволяет сохранить силу груди без избыточной нестабильности, пока техника на кольцах не станет уверенной.",2025-11-09T00:00:00Z
ref-barbell-bench-press-06-alt,barbell-bench-press,neutral-grip-barbell-bench-press,Жим штанги с нейтральным хватом,alternative,injury-management,82,"Нейтральный хват разгружает плечевые и лучезапястные суставы при сопоставимой силовой нагрузке на грудь.",2025-11-09T00:00:00Z
ref-neutral-grip-barbell-bench-press-01-alt,neutral-grip-barbell-bench-press,barbell-bench-press,Жим штанги лежа на горизонтальной скамье,alternative,injury-management,82,"Возврат к прямому грифу возможен при отсутствии боли в плечах для максимального развития силы и привычной техники.",2025-11-09T00:00:00Z
ref-incline-dumbbell-press-01-reg,incline-dumbbell-press,incline-push-ups,Отжимания с наклоном - руки на возвышении,regression,difficulty-adjustment,80,"Снижаем вес за счёт опоры руками на возвышении: пользователь может отработать траекторию наклонного жима без гантелей перед возвратом к свободным весам.",2025-11-09T00:00:00Z
ref-incline-push-ups-02-prog,incline-push-ups,incline-dumbbell-press,Жим гантелей на наклонной скамье,progression,skill-development,82,"Следующий этап после отжиманий с наклоном: добавляем свободные веса и увеличиваем нагрузку на верх груди.",2025-11-09T00:00:00Z
ref-incline-push-ups-01-reg,incline-push-ups,svend-press,Жим Свенда,regression,difficulty-adjustment,65,"Сконцентрируйся на изометрическом сжатии груди без полной нагрузки тела, если удержание планки пока тяжёлое",2025-11-11T00:00:00Z
ref-incline-push-ups-04-alt,incline-push-ups,machine-chest-press-plate-loaded,Жим от груди в рычажном тренажере,alternative,equipment-availability,74,"Тренажёр с фиксированной траекторией позволяет дозировать сопротивление и развивать грудь, когда нужен стабильный упор",2025-11-11T00:00:00Z
ref-incline-dumbbell-press-03-alt,incline-dumbbell-press,smith-machine-incline-bench-press,Жим в машине Смита на наклонной скамье,alternative,injury-management,83,"Если требуется снизить нагрузку на плечевые суставы или тренироваться без страховщика, машина Смита даёт тот же акцент на верх груди с поддержкой траектории.",2025-11-09T00:00:00Z
ref-smith-machine-incline-bench-press-02-alt,smith-machine-incline-bench-press,incline-dumbbell-press,Жим гантелей на наклонной скамье,alternative,equipment-availability,81,"Когда машина недоступна или нужно увеличить амплитуду, переход к гантелям сохраняет наклон и нагрузку на верх груди.",2025-11-09T00:00:00Z
ref-dips-chest-focus-01-reg,dips-chest-focus,push-ups,Отжимания от пола,regression,difficulty-adjustment,80,"Переносит паттерн жима в более стабильную плоскость, упрощая контроль корпуса и разгружая плечи перед возвратом к брусьям.",2025-11-09T00:00:00Z
ref-push-ups-04-prog,push-ups,dips-chest-focus,Отжимания на брусьях с акцентом на грудь,progression,skill-development,84,"Следующий шаг после классических отжиманий: глубокая амплитуда на брусьях и больший акцент на нижнюю часть груди.",2025-11-09T00:00:00Z
ref-dips-chest-focus-02-prog,dips-chest-focus,ring-push-ups,Отжимания на кольцах,progression,skill-development,88,"Добавляет нестабильную опору и требует высокого контроля лопаток для силового роста и координации.",2025-11-09T00:00:00Z
ref-ring-push-ups-02-reg,ring-push-ups,dips-chest-focus,Отжимания на брусьях с акцентом на грудь,regression,difficulty-adjustment,82,"Возврат к брусьям снижает нестабильность, но сохраняет глубокую амплитуду и акцент на грудь.",2025-11-09T00:00:00Z
ref-dips-chest-focus-03-alt,dips-chest-focus,machine-chest-press-plate-loaded,Жим от груди в рычажном тренажере,alternative,equipment-availability,78,"Позволяет сохранить нагрузку на грудные и трицепсы при работе в тренажёре без риска сорваться с брусьев.",2025-11-09T00:00:00Z
ref-machine-chest-press-plate-loaded-04-alt,machine-chest-press-plate-loaded,dips-chest-focus,Отжимания на брусьях с акцентом на грудь,alternative,equipment-availability,79,"Для тех, кто готов вернуться к собственному весу: брусья требуют стабилизации корпуса и позволяют работать без тренажёра.",2025-11-09T00:00:00Z
ref-smith-machine-bench-press-05-reg,smith-machine-bench-press,machine-chest-press-plate-loaded,Жим от груди в рычажном тренажере,regression,difficulty-adjustment,83,"Фиксированная дуга рычагов снимает нагрузку со стабилизаторов плеч и позволяет сосредоточиться на технике жима перед возвращением к машине Смита.",2025-11-10T00:00:00Z
ref-machine-chest-press-plate-loaded-05-prog,machine-chest-press-plate-loaded,smith-machine-bench-press,Жим лежа в машине Смита,progression,skill-development,81,"После стабилизации техники в рычажном тренажёре машина Смита добавляет вертикальную траекторию и больше ответственности за контроль веса без страховщика.",2025-11-10T00:00:00Z
ref-smith-machine-bench-press-06-prog,smith-machine-bench-press,barbell-bench-press,Жим штанги лежа на горизонтальной скамье,progression,skill-development,87,"Свободная штанга требует контроля траектории и даёт потенциал для более тяжёлых рабочих весов, когда техника в машине Смита устойчиво отработана.",2025-11-10T00:00:00Z
ref-barbell-bench-press-07-reg,barbell-bench-press,smith-machine-bench-press,Жим лежа в машине Смита,regression,injury-management,84,"Фиксированная траектория снижает стресс на плечи и позволяет сохранить объём работы, если техника со свободной штангой временно страдает или нужен контроль веса.",2025-11-10T00:00:00Z
ref-smith-machine-bench-press-07-alt,smith-machine-bench-press,hammer-strength-chest-press,Жим от груди в тренажёре Хаммер (двусторонний),alternative,equipment-availability,79,"Если машина Смита занята, тренажёр Hammer позволяет безопасно тренировать грудь с похожей траекторией и поддержкой спины, но даёт независимую работу рук.",2025-11-10T00:00:00Z
ref-hammer-strength-chest-press-01-alt,hammer-strength-chest-press,smith-machine-bench-press,Жим лежа в машине Смита,alternative,preference,78,"Машина Смита обеспечивает вертикальную траекторию и привычную позицию на скамье, что полезно, если тренирующийся хочет ближе имитировать классический жим, сохраняя безопасность.",2025-11-10T00:00:00Z
ref-decline-dumbbell-press-01-reg,decline-dumbbell-press,machine-chest-press-plate-loaded,Жим от груди в рычажном тренажере,regression,difficulty-adjustment,82,"Фиксированная траектория и независимые рычаги позволяют безопасно проработать грудь перед возвратом к свободным весам",2025-11-10T00:00:00Z
ref-machine-chest-press-plate-loaded-06-prog,machine-chest-press-plate-loaded,decline-dumbbell-press,Жим гантелей на скамье с отрицательным наклоном,progression,skill-development,83,"Следующий шаг после тренажёра: свободные гантели требуют синхронной работы рук и контроля нижней части груди",2025-11-10T00:00:00Z
ref-decline-dumbbell-press-03-alt,decline-dumbbell-press,smith-machine-decline-bench-press,Жим в машине Смита на скамье с отрицательным наклоном,alternative,equipment-availability,80,"Подходит, когда нужны стойки с фиксацией: сохраняет акцент на нижней груди при меньших требованиях к стабилизации",2025-11-10T00:00:00Z
ref-smith-machine-decline-bench-press-01-alt,smith-machine-decline-bench-press,decline-dumbbell-press,Жим гантелей на скамье с отрицательным наклоном,alternative,preference,79,"Для тех, кто хочет больше свободы траектории и независимую работу рук, сохраняя акцент на нижнюю часть груди",2025-11-10T00:00:00Z
ref-push-ups-on-handles-01-reg,push-ups-on-handles,push-ups,Отжимания от пола,regression,difficulty-adjustment,80,"Убираем дополнительный диапазон за счёт опоры на пол и снижаем нагрузку на запястья — шаг назад, если техника на упорах пока нестабильна",2025-11-10T00:00:00Z
ref-push-ups-05-prog,push-ups,push-ups-on-handles,Отжимания на упорах,progression,skill-development,83,"Добавление упоров увеличивает амплитуду и требует большего контроля корпуса, что помогает прогрессировать после классических отжиманий",2025-11-10T00:00:00Z
ref-push-ups-on-handles-02-prog,push-ups-on-handles,weighted-push-ups,Отжимания с весом,progression,skill-development,86,"Добавление внешнего отягощения увеличивает силовую нагрузку и закрепляет контроль корпуса, достигнутый на упорах",2025-11-10T00:00:00Z
ref-weighted-push-ups-01-reg,weighted-push-ups,push-ups-on-handles,Отжимания на упорах,regression,difficulty-adjustment,84,"Переход на упоры сохраняет повышенный диапазон, но снимает дополнительный вес, позволяя восстановить технику",2025-11-10T00:00:00Z
ref-push-ups-on-handles-03-alt,push-ups-on-handles,machine-chest-press-plate-loaded,Жим от груди в рычажном тренажере,alternative,equipment-availability,78,"Для тренировок в зале можно переключиться на тренажёр с похожей траекторией и нагрузкой на грудь без упоров",2025-11-10T00:00:00Z
ref-push-ups-on-handles-04-alt,push-ups-on-handles,decline-push-ups,Отжимания с наклоном - ноги на возвышении,alternative,equipment-availability,79,"Если нет упоров, но нужна схожая нагрузка на верх груди, используй возвышение для ног и контролируй корпус",2025-11-11T00:00:00Z
ref-machine-chest-press-plate-loaded-07-alt,machine-chest-press-plate-loaded,push-ups-on-handles,Отжимания на упорах,alternative,preference,77,"Если хочется сохранить работу над грудью с большей амплитудой и без тренажёра, упоры дают близкий паттерн с собственным весом",2025-11-10T00:00:00Z
ref-machine-chest-press-plate-loaded-09-alt,machine-chest-press-plate-loaded,incline-push-ups,Отжимания с наклоном - руки на возвышении,alternative,equipment-availability,73,"Для домашних условий без тренажёра можно перейти на наклонные отжимания и сохранить акцент на груди",2025-11-11T00:00:00Z
ref-dumbbell-fly-flat-bench-01-reg,dumbbell-fly-flat-bench,dumbbell-fly-floor,Разведение гантелей лежа на полу,regression,injury-management,82,"Ограниченный полом диапазон защищает плечи и упрощает контроль траектории перед возвращением на скамью",2025-11-10T00:00:00Z
ref-dumbbell-fly-floor-01-prog,dumbbell-fly-floor,dumbbell-fly-flat-bench,Разведение гантелей лежа на горизонтальной скамье,progression,skill-development,80,"После освоения безопасного варианта на полу можно перейти на скамью для большего растяжения и мышечного отклика",2025-11-10T00:00:00Z
ref-dumbbell-fly-flat-bench-02-prog,dumbbell-fly-flat-bench,dumbbell-fly-incline-bench,Разведение гантелей на наклонной скамье,progression,skill-development,85,"Наклон увеличивает нагрузку на верх груди и требует большего контроля плечевых стабилизаторов",2025-11-10T00:00:00Z
ref-dumbbell-fly-incline-bench-01-reg,dumbbell-fly-incline-bench,dumbbell-fly-flat-bench,Разведение гантелей лежа на горизонтальной скамье,regression,difficulty-adjustment,83,"Возврат на горизонтальную скамью снижает угловую нагрузку и помогает восстановить контроль, если наклон пока слишком сложен",2025-11-10T00:00:00Z
ref-dumbbell-fly-flat-bench-03-alt,dumbbell-fly-flat-bench,cable-fly-flat,Сведение рук в кроссовере лежа,alternative,equipment-availability,84,"Кроссовер даёт постоянное натяжение и похожую амплитуду, если в зале предпочтительнее блочные тренажёры",2025-11-10T00:00:00Z
ref-cable-fly-flat-01-alt,cable-fly-flat,dumbbell-fly-flat-bench,Разведение гантелей лежа на горизонтальной скамье,alternative,preference,83,"Гантели обеспечивают свободную траекторию и акцент на стабилизацию плеч, когда хочется разнообразить тренировку без смены уровня сложности",2025-11-10T00:00:00Z
ref-dumbbell-fly-floor-02-reg,dumbbell-fly-floor,resistance-band-fly,Разведение с резиновыми лентами,regression,injury-management,75,"Ленты создают мягкое сопротивление и позволяют регулировать амплитуду, если плечи реагируют на гантели",
ref-resistance-band-fly-01-prog,resistance-band-fly,dumbbell-fly-floor,Разведение гантелей лежа на полу,progression,skill-development,78,"Добавление гантелей увеличивает сопротивление и укрепляет контроль плеч после работы с лентами",
ref-dumbbell-fly-floor-03-alt,dumbbell-fly-floor,pec-deck-fly,Разведение в тренажере Пек-дек,alternative,equipment-availability,81,"Пек-дек обеспечивает поддержку спины и стабильную траекторию, сохраняя акцент на грудь",
ref-pec-deck-fly-02-alt,pec-deck-fly,dumbbell-fly-floor,Разведение гантелей лежа на полу,alternative,preference,80,"Гантели на полу дают свободу траектории и доступны вне зала при схожем уровне сложности",
ref-dumbbell-fly-floor-04-prog,dumbbell-fly-floor,dumbbell-fly-incline-bench,Разведение гантелей на наклонной скамье,progression,skill-development,84,"Наклонная скамья увеличивает диапазон и акцент на верхнюю грудь, требует устойчивой лопаточной фиксации",
ref-dumbbell-fly-incline-bench-02-reg,dumbbell-fly-incline-bench,dumbbell-fly-floor,Разведение гантелей лежа на полу,regression,difficulty-adjustment,82,"Пол помогает контролировать нижнюю точку и даёт паузу в прогрессии, если наклонная скамья перегружает плечи",
ref-dumbbell-fly-incline-bench-03-prog,dumbbell-fly-incline-bench,cable-crossover-low-to-high,Кроссовер снизу вверх,progression,skill-development,86,"Стоячий кроссовер с нижнего блока требует активной работы корпуса и удержания верхней груди под постоянным напряжением",
ref-cable-crossover-low-to-high-01-reg,cable-crossover-low-to-high,dumbbell-fly-incline-bench,Разведение гантелей на наклонной скамье,regression,difficulty-adjustment,84,"Возврат к наклонным разведениям помогает восстановить технику в стабильном положении на скамье",
ref-dumbbell-fly-incline-bench-04-alt,dumbbell-fly-incline-bench,cable-fly-standing,Сведение рук в кроссовере стоя,alternative,equipment-availability,83,"Работа в кроссовере стоя даёт непрерывное натяжение и подходит, когда нет наклонной скамьи",
ref-cable-fly-standing-01-alt,cable-fly-standing,dumbbell-fly-incline-bench,Разведение гантелей на наклонной скамье,alternative,preference,82,"Когда требуется больше изоляции и контроля, наклонная скамья убирает нестабильность стоячего варианта",
ref-cable-fly-flat-02-reg,cable-fly-flat,pec-deck-fly,Разведение в тренажере Пек-дек,regression,difficulty-adjustment,79,"Pec Deck фиксирует корпус и рычаги, снижая требования к стабилизаторам плеч перед возвращением к кроссоверу лежа.",2025-11-11T00:00:00Z
ref-pec-deck-fly-03-prog,pec-deck-fly,cable-fly-flat,Сведение рук в кроссовере лежа,progression,skill-development,81,"Переход к кроссоверу добавляет свободу траектории и требует активной стабилизации плеч.",2025-11-11T00:00:00Z
ref-cable-fly-flat-02-prog,cable-fly-flat,cable-fly-standing,Сведение рук в кроссовере стоя,progression,skill-development,86,"Стоячий кроссовер добавляет требования к стабилизации корпуса и контролю плечевого пояса.",2025-11-11T00:00:00Z
ref-cable-fly-standing-02-reg,cable-fly-standing,cable-fly-flat,Сведение рук в кроссовере лежа,regression,difficulty-adjustment,83,"Лежачий вариант поддерживает тело и позволяет сосредоточиться на сокращении груди без потери баланса.",2025-11-11T00:00:00Z
ref-cable-fly-flat-03-alt,cable-fly-flat,resistance-band-fly,Разведение с резиновыми лентами,alternative,equipment-availability,74,"Ленты повторяют сведение рук и подходят для домашних условий при отсутствии кроссовера.",2025-11-11T00:00:00Z
ref-resistance-band-fly-02-alt,resistance-band-fly,cable-fly-flat,Сведение рук в кроссовере лежа,alternative,preference,76,"Кроссовер в зале обеспечивает более тяжёлое сопротивление и мягкую кривую нагрузки при том же паттерне.",2025-11-11T00:00:00Z
ref-cable-fly-standing-03-prog,cable-fly-standing,ring-push-ups,Отжимания на кольцах,progression,skill-development,88,"Кольца создают нестабильную опору, требуя высокого контроля корпуса и плеч при сохранении акцента на грудь.",2025-11-11T00:00:00Z
ref-ring-push-ups-03-reg,ring-push-ups,cable-fly-standing,Сведение рук в кроссовере стоя,regression,difficulty-adjustment,84,"Возврат к кроссоверу стоя снижает нестабильность, сохраняя акцент на приводе рук и контроле грудных мышц.",2025-11-11T00:00:00Z
ref-cable-fly-standing-04-alt,cable-fly-standing,cable-crossover-low-to-high,Кроссовер снизу вверх,alternative,preference,80,"Вариант с нижними блоками сохраняет стоячий формат и постоянное натяжение, меняя угол под цели пользователя.",2025-11-11T00:00:00Z
ref-cable-crossover-low-to-high-02-alt,cable-crossover-low-to-high,cable-fly-standing,Сведение рук в кроссовере стоя,alternative,preference,81,"Стоячий кроссовер в классической плоскости возвращает акцент на середину груди при тех же требованиях к стабилизации.",2025-11-11T00:00:00Z
ref-pec-deck-fly-04-reg,pec-deck-fly,resistance-band-fly,Разведение с резиновыми лентами,regression,difficulty-adjustment,76,"Эспандер позволяет дозировать сопротивление и отработать траекторию без жёсткой фиксации тренажёра — хороший шаг назад при дискомфорте в плечах.",2025-11-11T00:00:00Z
ref-resistance-band-fly-03-prog,resistance-band-fly,pec-deck-fly,Разведение в тренажере Пек-дек,progression,skill-development,79,"Переход к Pec Deck добавляет фиксированную траекторию и больший вес — следующий шаг после работы с лентами.",2025-11-11T00:00:00Z
ref-cable-crossover-low-to-high-03-prog,cable-crossover-low-to-high,ring-push-ups,Отжимания на кольцах,progression,skill-development,87,"Кольца требуют сильного кора и стабилизации плеч, сохраняя акцент на приведении рук и усиливая нагрузку на верх груди.",2025-11-11T00:00:00Z
ref-ring-push-ups-04-reg,ring-push-ups,cable-crossover-low-to-high,Кроссовер снизу вверх,regression,difficulty-adjustment,85,"Возврат к кроссоверу со снизу-вверх снижает нестабильность, сохраняя высокую нагрузку на верхнюю грудь при контролируемой траектории.",2025-11-11T00:00:00Z
ref-dumbbell-pullover-01-reg,dumbbell-pullover,dumbbell-fly-floor,Разведение гантелей лежа на полу,regression,injury-management,74,"Пол ограничивает разгибание плеч и даёт опору спине, поэтому проще контролировать траекторию при сохранении растяжения груди.",2025-11-11T00:00:00Z
ref-dumbbell-fly-floor-05-prog,dumbbell-fly-floor,dumbbell-pullover,Пуловер с гантелью,progression,skill-development,77,"После стабилизации движения на полу можно перейти на скамью и увеличить диапазон растяжения груди.",2025-11-11T00:00:00Z
ref-dumbbell-pullover-03-prog,dumbbell-pullover,dumbbell-fly-incline-bench,Разведение гантелей на наклонной скамье,progression,skill-development,82,"Наклон усиливает нагрузку на верх груди и требует большего контроля лопаток при сохранении изоляции.",2025-11-11T00:00:00Z
ref-dumbbell-fly-incline-bench-05-reg,dumbbell-fly-incline-bench,dumbbell-pullover,Пуловер с гантелью,regression,difficulty-adjustment,80,"Возврат к пуловеру снижает угол наклона и упрощает удержание контроля плеч, сохраняя растяжение груди.",2025-11-11T00:00:00Z
ref-dumbbell-pullover-02-alt,dumbbell-pullover,dumbbell-fly-flat-bench,Разведение гантелей лежа на горизонтальной скамье,alternative,preference,78,"Флай на скамье даёт похожее растяжение грудных мышц, но по дуге в горизонтальной плоскости — полезно для разнообразия.",2025-11-11T00:00:00Z
ref-dumbbell-fly-flat-bench-04-alt,dumbbell-fly-flat-bench,dumbbell-pullover,Пуловер с гантелью,alternative,preference,77,"Пуловер предлагает альтернативный вектор нагрузки на грудь и широчайшие, сохраняя работу с гантелью и скамьей.",2025-11-11T00:00:00Z
ref-resistance-band-fly-04-reg,resistance-band-fly,svend-press,Жим Свенда,regression,injury-management,68,"Жим Свенда позволяет дозировать усилие и держать плечи в безопасном диапазоне, если ленты пока вызывают дискомфорт.",2025-11-11T00:00:00Z
ref-svend-press-01-prog,svend-press,resistance-band-fly,Разведение с резиновыми лентами,progression,skill-development,72,"Добавление лент повышает сопротивление и учит контролировать траекторию разведения рук.",2025-11-11T00:00:00Z
ref-svend-press-02-prog,svend-press,incline-push-ups,Отжимания с наклоном - руки на возвышении,progression,difficulty-adjustment,72,"Следующий шаг после диска — подключаем поддержку корпуса и удержание планки на возвышении рук",2025-11-11T00:00:00Z
ref-resistance-band-fly-05-prog,resistance-band-fly,cable-fly-standing,Сведение рук в кроссовере стоя,progression,skill-development,80,"Кроссовер стоя даёт непрерывное натяжение и требует удержания корпуса, усложняя знакомый паттерн.",2025-11-11T00:00:00Z
ref-cable-fly-standing-05-reg,cable-fly-standing,resistance-band-fly,Разведение с резиновыми лентами,regression,difficulty-adjustment,78,"Возврат к лентам снижает требования к стабилизации и облегчает поддержание амплитуды, сохраняя работу на грудь.",2025-11-11T00:00:00Z
ref-resistance-band-fly-06-alt,resistance-band-fly,dumbbell-fly-flat-bench,Разведение гантелей лежа на горизонтальной скамье,alternative,equipment-availability,74,"Горизонтальный флай с гантелями даёт схожее растяжение и полезен, если тренировка проходит в зале.",2025-11-11T00:00:00Z
ref-dumbbell-fly-flat-bench-05-alt,dumbbell-fly-flat-bench,resistance-band-fly,Разведение с резиновыми лентами,alternative,equipment-availability,73,"Ленты позволяют сохранить акцент на груди дома, когда нет доступа к скамье и гантелям.",2025-11-11T00:00:00Z
ref-incline-barbell-bench-press-02-reg,incline-barbell-bench-press,smith-machine-incline-bench-press,Жим в машине Смита на наклонной скамье,regression,difficulty-adjustment,82,"Фиксированная траектория машины Смита убирает балансировку и помогает сосредоточиться на технике при меньшем риске для плеч.",2025-11-11T00:00:00Z
ref-incline-barbell-bench-press-01-prog,incline-barbell-bench-press,barbell-floor-press,Жим штанги лежа на полу,progression,skill-development,86,"Ограниченная амплитуда на полу заставляет развивать силу в верхней точке и контроль лопаток при работе с тяжелыми весами.",2025-11-11T00:00:00Z
ref-incline-barbell-bench-press-01-alt,incline-barbell-bench-press,incline-dumbbell-press,Жим гантелей на наклонной скамье,alternative,equipment-availability,84,"Двухгантельный вариант доступнее без стойки со штангой и развивает симметрию за счёт независимой работы рук.",2025-11-11T00:00:00Z
ref-smith-machine-incline-bench-press-01-prog,smith-machine-incline-bench-press,incline-barbell-bench-press,Жим штанги лежа на наклонной скамье,progression,skill-development,85,"Переход на свободную штангу учит контролировать траекторию и распределять нагрузку на стабилизаторы.",2025-11-11T00:00:00Z
ref-barbell-floor-press-01-reg,barbell-floor-press,incline-barbell-bench-press,Жим штанги лежа на наклонной скамье,regression,difficulty-adjustment,78,"Возврат к наклонной скамье снижает требования к силе фиксации и позволяет работать по полной амплитуде.",2025-11-11T00:00:00Z
ref-incline-dumbbell-press-04-alt,incline-dumbbell-press,incline-barbell-bench-press,Жим штанги лежа на наклонной скамье,alternative,equipment-availability,83,"Выбор штанги удобен при необходимости прогрессии нагрузки по мелким шагам и работе со страховщиком.",2025-11-11T00:00:00Z
ref-decline-barbell-bench-press-02-reg,decline-barbell-bench-press,smith-machine-decline-bench-press,Жим в машине Смита на скамье с отрицательным наклоном,regression,difficulty-adjustment,81,"Машина Смита стабилизирует штангу и помогает новичкам освоить работу под отрицательным углом без страховщика.",2025-11-11T00:00:00Z
ref-decline-barbell-bench-press-01-prog,decline-barbell-bench-press,hammer-chest-press-one-arm,Жим в хаммере одной рукой,progression,skill-development,85,"Односторонний хаммер развивает силу и контроль каждой стороны отдельно, повышая требования к стабилизаторам и силе хвата.",2025-11-11T00:00:00Z
ref-decline-barbell-bench-press-01-alt,decline-barbell-bench-press,decline-dumbbell-press,Жим гантелей на скамье с отрицательным наклоном,alternative,equipment-availability,83,"Гантели позволяют адаптировать амплитуду и нагрузку по отдельности на каждую руку, сохраняя акцент на нижнюю часть груди.",2025-11-11T00:00:00Z
ref-smith-machine-decline-bench-press-01-prog,smith-machine-decline-bench-press,decline-barbell-bench-press,Жим штанги лежа на скамье с отрицательным наклоном,progression,skill-development,84,"Свободная штанга усложняет контроль и улучшает силовой потенциал при работе без направляющих.",2025-11-11T00:00:00Z
ref-hammer-chest-press-one-arm-01-reg,hammer-chest-press-one-arm,decline-barbell-bench-press,Жим штанги лежа на скамье с отрицательным наклоном,regression,difficulty-adjustment,79,"Возврат к двустороннему жиму на скамье помогает снять избыточные требования к стабилизации и концентрироваться на силе.",2025-11-11T00:00:00Z
ref-decline-dumbbell-press-04-alt,decline-dumbbell-press,decline-barbell-bench-press,Жим штанги лежа на скамье с отрицательным наклоном,alternative,equipment-availability,82,"Штанга удобна при необходимости точного прироста веса и работе с ассистентом; амплитуда фиксирована и контроль проще.",2025-11-11T00:00:00Z
ref-ring-push-ups-05-reg,ring-push-ups,decline-push-ups,Отжимания с наклоном - ноги на возвышении,regression,skill-development,78,"Переход к устойчивой опоре позволяет сохранить силу груди и разгрузить стабилизаторы плеч при работе после колец",2025-11-11T00:00:00Z
ref-close-grip-push-ups-01-reg,close-grip-push-ups,push-ups,Отжимания от пола,regression,difficulty-adjustment,80,"Стандартная ширина ладоней уменьшает нагрузку на трицепсы и запястья, помогает восстановить объём перед узким хватом.",2025-11-11T00:00:00Z
ref-close-grip-push-ups-02-prog,close-grip-push-ups,weighted-push-ups,Отжимания с весом,progression,skill-development,87,"Жилет или диск усиливают работу трицепсов и груди, сохраняя знакомую механику и заставляя контролировать корпус в полной амплитуде.",2025-11-11T00:00:00Z
ref-close-grip-push-ups-03-alt,close-grip-push-ups,neutral-grip-barbell-bench-press,Жим штанги с нейтральным хватом,alternative,equipment-availability,78,"Швейцарский гриф даёт близкий акцент на трицепсы и внутреннюю грудь, если нужна прогрессия со свободным весом или тренировка в зале.",2025-11-11T00:00:00Z
ref-push-ups-06-prog,push-ups,close-grip-push-ups,Отжимания с узкой постановкой рук,progression,skill-development,84,"Постановка ладоней уже обучает удерживать локти близко к корпусу и укрепляет трицепсы перед более сложными вариациями.",2025-11-11T00:00:00Z
ref-weighted-push-ups-02-reg,weighted-push-ups,close-grip-push-ups,Отжимания с узкой постановкой рук,regression,difficulty-adjustment,82,"Снятие внешнего веса позволяет восстановить объём и технику узкого хвата без чрезмерной нагрузки на плечевой пояс.",2025-11-11T00:00:00Z
ref-neutral-grip-barbell-bench-press-02-alt,neutral-grip-barbell-bench-press,close-grip-push-ups,Отжимания с узкой постановкой рук,alternative,preference,80,"Бодивейт-вариант без оборудования сохраняет акцент на трицепсы, когда нет доступа к штанге или хочется снизить нагрузку на плечи.",2025-11-11T00:00:00Z
ref-wide-grip-push-ups-01-reg,wide-grip-push-ups,incline-push-ups,Отжимания с наклоном - руки на возвышении,regression,difficulty-adjustment,76,"Опора на возвышении снимает часть нагрузки с плеч и помогает удерживать правильную линию корпуса при широкой постановке рук.",2025-11-11T00:00:00Z
ref-wide-grip-push-ups-02-prog,wide-grip-push-ups,decline-push-ups,Отжимания с наклоном - ноги на возвышении,progression,skill-development,85,"Повышенный наклон увеличивает долю веса на руки и развивает силовой резерв после освоения широкого хвата на полу.",2025-11-11T00:00:00Z
ref-wide-grip-push-ups-03-alt,wide-grip-push-ups,machine-chest-press-plate-loaded,Жим от груди в рычажном тренажере,alternative,equipment-availability,75,"Если доступен тренажёр, можно сохранить акцент на грудь, регулируя сопротивление и не перегружая запястья.",2025-11-11T00:00:00Z
ref-incline-push-ups-03-prog,incline-push-ups,wide-grip-push-ups,Отжимания с широкой постановкой рук,progression,skill-development,80,"Переход на пол с широкой постановкой рук увеличивает амплитуду и развивает грудь при умеренной нагрузке на трицепсы.",2025-11-11T00:00:00Z
ref-decline-push-ups-02-reg,decline-push-ups,wide-grip-push-ups,Отжимания с широкой постановкой рук,regression,difficulty-adjustment,82,"Опускание ног до уровня пола снижает нагрузку на плечи, сохраняя акцент на грудь и широкий хват.",2025-11-11T00:00:00Z
ref-machine-chest-press-plate-loaded-08-alt,machine-chest-press-plate-loaded,wide-grip-push-ups,Отжимания с широкой постановкой рук,alternative,preference,77,"Бодивейт-вариант помогает сохранить объём работы на грудь, когда нужен отдых от тренажёра или нет доступа к залу.",2025-11-11T00:00:00Z
ref-plyometric-push-ups-01-reg,plyometric-push-ups,push-ups,Отжимания от пола,regression,difficulty-adjustment,85,"Возврат к базовым отжиманиям позволяет отработать технику и восстановить контроль корпуса перед взрывными движениями.",2025-11-12T00:00:00Z
ref-push-ups-07-prog,push-ups,plyometric-push-ups,Плиометрические отжимания,progression,skill-development,88,"Взрывные отжимания развивают мощность и скорость после освоения базовой техники классических отжиманий.",2025-11-12T00:00:00Z
ref-plyometric-push-ups-02-reg,plyometric-push-ups,decline-push-ups,Отжимания с наклоном - ноги на возвышении,regression,difficulty-adjustment,82,"Снижение взрывной нагрузки позволяет сохранить силовую работу на грудь без требований к мощности и координации.",2025-11-12T00:00:00Z
ref-decline-push-ups-03-prog,decline-push-ups,plyometric-push-ups,Плиометрические отжимания,progression,skill-development,86,"Добавление взрывного компонента развивает мощность после освоения силового варианта с наклоном.",2025-11-12T00:00:00Z
ref-plyometric-push-ups-03-reg,plyometric-push-ups,weighted-push-ups,Отжимания с весом,regression,difficulty-adjustment,80,"Переход к силовым отжиманиям с весом убирает взрывной компонент, сохраняя высокую нагрузку на грудь и трицепсы.",2025-11-12T00:00:00Z
ref-weighted-push-ups-03-prog,weighted-push-ups,plyometric-push-ups,Плиометрические отжимания,progression,skill-development,87,"Добавление взрывного движения развивает мощность после освоения силовых отжиманий с отягощением.",2025-11-12T00:00:00Z
ref-plyometric-push-ups-04-prog,plyometric-push-ups,one-arm-push-up,Отжимания на одной руке,progression,skill-development,90,"Односторонние отжимания требуют максимальной силы и стабильности корпуса, развивая функциональную мощь после взрывных движений.",2025-11-12T00:00:00Z
ref-one-arm-push-up-01-reg,one-arm-push-up,plyometric-push-ups,Плиометрические отжимания,regression,difficulty-adjustment,85,"Возврат к двусторонним взрывным отжиманиям снижает одностороннюю нагрузку, сохраняя развитие мощности.",2025-11-12T00:00:00Z
ref-plyometric-push-ups-05-prog,plyometric-push-ups,archer-push-ups,Отжимания лучника,progression,skill-development,88,"Отжимания лучника требуют экстремальной силы и координации, развивая одностороннюю мощь после двусторонних взрывных движений.",2025-11-12T00:00:00Z
ref-archer-push-ups-01-reg,archer-push-ups,plyometric-push-ups,Плиометрические отжимания,regression,difficulty-adjustment,86,"Возврат к двусторонним взрывным отжиманиям снижает одностороннюю нагрузку, сохраняя развитие мощности и координации.",2025-11-12T00:00:00Z
ref-plyometric-push-ups-06-alt,plyometric-push-ups,explosive-medicine-ball-press,Взрывной жим медболом,alternative,equipment-availability,82,"Взрывной жим медболом развивает схожую мощность верхней части тела с использованием медицинского мяча вместо собственного веса.",2025-11-12T00:00:00Z
ref-explosive-medicine-ball-press-01-alt,explosive-medicine-ball-press,plyometric-push-ups,Плиометрические отжимания,alternative,equipment-availability,80,"Плиометрические отжимания развивают взрывную силу без дополнительного оборудования, сохраняя акцент на мощность груди.",2025-11-12T00:00:00Z
ref-plyometric-push-ups-07-alt,plyometric-push-ups,ring-push-ups,Отжимания на кольцах,alternative,skill-development,85,"Отжимания на кольцах развивают схожую функциональную силу с акцентом на стабильность вместо взрывной мощности.",2025-11-12T00:00:00Z
ref-ring-push-ups-06-alt,ring-push-ups,plyometric-push-ups,Плиометрические отжимания,alternative,skill-development,83,"Плиометрические отжимания развивают взрывную силу вместо стабильности, сохраняя акцент на грудь и трицепсы.",2025-11-12T00:00:00Z
ref-ring-push-ups-07-reg,ring-push-ups,push-ups,Отжимания от пола,regression,difficulty-adjustment,82,"Возврат к стабильной опоре позволяет отработать технику и восстановить контроль корпуса перед нестабильными кольцами.",2025-11-12T00:00:00Z
ref-push-ups-08-prog,push-ups,ring-push-ups,Отжимания на кольцах,progression,skill-development,87,"Нестабильные кольца требуют высокого контроля и стабилизации после освоения базовых отжиманий на стабильной поверхности.",2025-11-12T00:00:00Z
ref-ring-push-ups-08-reg,ring-push-ups,weighted-push-ups,Отжимания с весом,regression,difficulty-adjustment,80,"Переход к стабильной опоре с весом убирает нестабильность, сохраняя высокую нагрузку на грудь и трицепсы.",2025-11-12T00:00:00Z
ref-weighted-push-ups-04-prog,weighted-push-ups,ring-push-ups,Отжимания на кольцах,progression,skill-development,88,"Добавление нестабильности колец развивает стабилизацию и контроль после освоения силовых отжиманий с отягощением.",2025-11-12T00:00:00Z
ref-ring-push-ups-09-reg,ring-push-ups,trx-push-ups,Отжимания в TRX,regression,skill-development,84,"TRX петли обеспечивают регулируемую нестабильность, что проще в освоении, чем полная нестабильность гимнастических колец.",2025-11-12T00:00:00Z
ref-trx-push-ups-01-prog,trx-push-ups,ring-push-ups,Отжимания на кольцах,progression,skill-development,86,"Переход к гимнастическим кольцам увеличивает нестабильность и требования к контролю после освоения TRX петель.",2025-11-12T00:00:00Z
ref-ring-push-ups-10-prog,ring-push-ups,one-arm-push-up,Отжимания на одной руке,progression,skill-development,92,"Односторонние отжимания требуют максимальной силы и стабильности, развивая функциональную мощь после нестабильных колец.",2025-11-12T00:00:00Z
ref-one-arm-push-up-02-reg,one-arm-push-up,ring-push-ups,Отжимания на кольцах,regression,difficulty-adjustment,88,"Возврат к двусторонним отжиманиям на кольцах снижает одностороннюю нагрузку, сохраняя развитие стабильности и контроля.",2025-11-12T00:00:00Z
ref-ring-push-ups-11-prog,ring-push-ups,archer-push-ups,Отжимания лучника,progression,skill-development,90,"Отжимания лучника требуют экстремальной силы и координации, развивая одностороннюю мощь после двусторонних нестабильных движений.",2025-11-12T00:00:00Z
ref-archer-push-ups-02-reg,archer-push-ups,ring-push-ups,Отжимания на кольцах,regression,difficulty-adjustment,87,"Возврат к двусторонним отжиманиям на кольцах снижает одностороннюю нагрузку, сохраняя развитие стабильности и функциональной силы.",2025-11-12T00:00:00Z
ref-dumbbell-press-neutral-grip-01-reg,dumbbell-press-neutral-grip,machine-chest-press-plate-loaded,Жим от груди в рычажном тренажере,regression,difficulty-adjustment,82,"Фиксированная траектория тренажера упрощает контроль движения и помогает отработать технику жима перед переходом к свободным весам с нейтральным хватом",2025-11-12T00:00:00Z
ref-dumbbell-press-neutral-grip-02-reg,dumbbell-press-neutral-grip,dumbbell-bench-press-flat,Жим гантелей лежа на горизонтальной скамье,regression,difficulty-adjustment,80,"Классический хват гантелей проще в освоении и требует меньше контроля, чем нейтральный хват, позволяя сосредоточиться на базовой технике жима",2025-11-12T00:00:00Z
ref-dumbbell-press-neutral-grip-01-prog,dumbbell-press-neutral-grip,neutral-grip-barbell-bench-press,Жим штанги с нейтральным хватом,progression,skill-development,86,"Переход на штангу с нейтральным хватом позволяет работать с большими весами и развивать максимальную силу при сохранении безопасного положения плеч",2025-11-12T00:00:00Z
ref-dumbbell-press-neutral-grip-02-prog,dumbbell-press-neutral-grip,alternating-dumbbell-bench-press,Жим гантелей (поочередно) лежа на горизонтальной скамье,progression,skill-development,84,"Поочередный жим требует активной работы кора для предотвращения ротации и развивает одностороннюю силу, усложняя базовый вариант",2025-11-12T00:00:00Z
ref-dumbbell-press-neutral-grip-01-alt,dumbbell-press-neutral-grip,neutral-grip-barbell-bench-press,Жим штанги с нейтральным хватом,alternative,equipment-availability,85,"Штанга с нейтральным хватом обеспечивает ту же безопасность для плеч и акцент на трицепсы, но позволяет работать с более тяжелыми весами при наличии швейцарского грифа",2025-11-12T00:00:00Z
ref-dumbbell-press-neutral-grip-02-alt,dumbbell-press-neutral-grip,smith-machine-bench-press,Жим лежа в машине Смита,alternative,equipment-availability,78,"Машина Смита обеспечивает безопасную фиксированную траекторию и позволяет тренироваться без страховщика, хотя хват отличается от нейтрального",2025-11-12T00:00:00Z
ref-smith-machine-incline-bench-press-01-reg,smith-machine-incline-bench-press,incline-push-ups,Отжимания с наклоном - руки на возвышении,regression,difficulty-adjustment,79,"Отжимания с наклоном позволяют отработать траекторию наклонного жима без веса и развить базовую силу верхней части груди перед переходом к отягощениям",2025-11-12T00:00:00Z
ref-smith-machine-incline-bench-press-02-reg,smith-machine-incline-bench-press,machine-chest-press-plate-loaded,Жим от груди в рычажном тренажере,regression,difficulty-adjustment,81,"Рычажный тренажер упрощает контроль движения и убирает наклон, позволяя сосредоточиться на базовой технике жима перед возвратом к наклонной скамье",2025-11-12T00:00:00Z
ref-smith-machine-incline-bench-press-03-prog,smith-machine-incline-bench-press,incline-hammer-strength-press,Жим в наклонном тренажере Хаммер,progression,skill-development,83,"Независимые рычаги тренажера Хаммер требуют большей стабилизации и симметричной работы рук, усложняя фиксированную траекторию машины Смита",2025-11-12T00:00:00Z
ref-smith-machine-incline-bench-press-03-alt,smith-machine-incline-bench-press,incline-hammer-strength-press,Жим в наклонном тренажере Хаммер,alternative,equipment-availability,82,"Тренажер Хаммер сохраняет наклон и акцент на верх груди, но обеспечивает независимую работу рук и выравнивание дисбалансов между сторонами",2025-11-12T00:00:00Z
ref-machine-chest-press-plate-loaded-10-prog,machine-chest-press-plate-loaded,dumbbell-press-neutral-grip,Жим гантелей с нейтральным хватом,progression,skill-development,82,"Следующий шаг после тренажера: свободные гантели с нейтральным хватом требуют большей стабилизации и контроля при сохранении безопасности для плеч",2025-11-12T00:00:00Z
ref-dumbbell-bench-press-flat-04-prog,dumbbell-bench-press-flat,dumbbell-press-neutral-grip,Жим гантелей с нейтральным хватом,progression,skill-development,80,"Нейтральный хват требует большего контроля и акцентирует работу трицепсов, усложняя классический вариант жима гантелей",2025-11-12T00:00:00Z
ref-neutral-grip-barbell-bench-press-03-reg,neutral-grip-barbell-bench-press,dumbbell-press-neutral-grip,Жим гантелей с нейтральным хватом,regression,difficulty-adjustment,86,"Возврат к гантелям снижает вес и улучшает контроль амплитуды, сохраняя нейтральный хват и безопасность для плеч",2025-11-12T00:00:00Z
ref-alternating-dumbbell-bench-press-01-reg,alternating-dumbbell-bench-press,dumbbell-press-neutral-grip,Жим гантелей с нейтральным хватом,regression,difficulty-adjustment,84,"Двусторонний жим с нейтральным хватом снижает требования к стабилизации корпуса, позволяя восстановить технику перед поочередным вариантом",2025-11-12T00:00:00Z
ref-neutral-grip-barbell-bench-press-04-alt,neutral-grip-barbell-bench-press,dumbbell-press-neutral-grip,Жим гантелей с нейтральным хватом,alternative,equipment-availability,85,"Гантели с нейтральным хватом обеспечивают ту же безопасность для плеч, но позволяют работать независимо каждой рукой и увеличивать амплитуду движения",2025-11-12T00:00:00Z
ref-smith-machine-bench-press-08-alt,smith-machine-bench-press,dumbbell-press-neutral-grip,Жим гантелей с нейтральным хватом,alternative,preference,78,"Гантели с нейтральным хватом обеспечивают большую свободу движения и акцент на трицепсы, если нужна альтернатива машине Смита",2025-11-12T00:00:00Z
ref-incline-push-ups-05-prog,incline-push-ups,smith-machine-incline-bench-press,Жим в машине Смита на наклонной скамье,progression,skill-development,79,"Следующий шаг после отжиманий: добавление веса в машине Смита развивает силу верхней части груди с контролируемой траекторией",2025-11-12T00:00:00Z
ref-machine-chest-press-plate-loaded-11-prog,machine-chest-press-plate-loaded,smith-machine-incline-bench-press,Жим в машине Смита на наклонной скамье,progression,skill-development,81,"Добавление наклона увеличивает нагрузку на верхнюю часть груди и требует большего контроля при работе в машине Смита",2025-11-12T00:00:00Z
ref-incline-hammer-strength-press-01-reg,incline-hammer-strength-press,smith-machine-incline-bench-press,Жим в машине Смита на наклонной скамье,regression,difficulty-adjustment,83,"Машина Смита упрощает контроль траектории и снижает требования к стабилизации, позволяя сосредоточиться на технике наклонного жима",2025-11-12T00:00:00Z
ref-incline-hammer-strength-press-02-alt,incline-hammer-strength-press,smith-machine-incline-bench-press,Жим в машине Смита на наклонной скамье,alternative,preference,82,"Машина Смита обеспечивает вертикальную траекторию и привычную позицию на скамье, если тренажер Хаммер недоступен или предпочтительнее фиксированная траектория",2025-11-12T00:00:00Z
ref-smith-machine-decline-bench-press-02-reg,smith-machine-decline-bench-press,smith-machine-bench-press,Жим лежа в машине Смита,regression,difficulty-adjustment,82,"Горизонтальная скамья убирает наклон вниз, упрощая упражнение и снижая нагрузку на плечи и требования к контролю дыхания. Отлично подходит для отработки техники жима в машине Смита перед переходом к наклонной версии.",2025-11-12T00:00:00Z
ref-smith-machine-bench-press-09-prog,smith-machine-bench-press,smith-machine-decline-bench-press,Жим в машине Смита на скамье с отрицательным наклоном,progression,skill-development,83,"Добавление отрицательного наклона увеличивает нагрузку на нижнюю часть груди и требует большего контроля дыхания и фиксации ног. Следующий шаг после освоения горизонтального жима в машине Смита.",2025-11-12T00:00:00Z
ref-cable-crossover-high-to-low-01-reg,cable-crossover-high-to-low,cable-fly-flat,Сведение рук в кроссовере лежа,regression,difficulty-adjustment,84,"Лежачее положение убирает требования к стабилизации корпуса и упрощает контроль движения, позволяя сосредоточиться на технике сведения рук перед переходом к стоячему варианту.",2025-11-12T00:00:00Z
ref-cable-fly-flat-04-prog,cable-fly-flat,cable-crossover-high-to-low,Кроссовер сверху вниз,progression,skill-development,85,"Стоячее положение с верхними блоками требует активной стабилизации корпуса и контроля движения, увеличивая сложность и акцентируя нижнюю часть груди.",2025-11-12T00:00:00Z
ref-cable-crossover-high-to-low-02-prog,cable-crossover-high-to-low,cable-fly-standing,Сведение рук в кроссовере стоя,progression,skill-development,87,"Стоячий кроссовер в классической плоскости требует большей стабилизации корпуса и контроля плечевого пояса, усложняя упражнение при сохранении акцента на грудь.",2025-11-12T00:00:00Z
ref-cable-fly-standing-06-reg,cable-fly-standing,cable-crossover-high-to-low,Кроссовер сверху вниз,regression,difficulty-adjustment,83,"Возврат к кроссоверу сверху вниз снижает требования к стабилизации, сохраняя стоячее положение и акцент на нижнюю часть груди.",2025-11-12T00:00:00Z
ref-cable-crossover-high-to-low-03-alt,cable-crossover-high-to-low,dumbbell-fly-decline-bench,Разведение гантелей на скамье с отрицательным наклоном,alternative,equipment-availability,82,"Гантели на скамье с отрицательным наклоном обеспечивают тот же акцент на нижнюю часть груди с использованием свободных весов вместо кабелей, позволяя работать вне зала при наличии скамьи.",2025-11-12T00:00:00Z
ref-dumbbell-fly-decline-bench-01-alt,dumbbell-fly-decline-bench,cable-crossover-high-to-low,Кроссовер сверху вниз,alternative,equipment-availability,81,"Кроссовер сверху вниз обеспечивает постоянное натяжение кабелей и тот же акцент на нижнюю часть груди, если предпочтительнее блочные тренажеры или нет доступа к скамье с отрицательным наклоном.",2025-11-12T00:00:00Z
ref-one-arm-push-up-03-reg,one-arm-push-up,weighted-push-ups,Отжимания с весом,regression,difficulty-adjustment,82,"Возврат к двусторонним отжиманиям с весом снижает одностороннюю нагрузку и требования к стабилизации корпуса, сохраняя высокую нагрузку на грудь и трицепсы.",2025-11-12T00:00:00Z
ref-weighted-push-ups-05-prog,weighted-push-ups,one-arm-push-up,Отжимания на одной руке,progression,skill-development,88,"Переход к односторонним отжиманиям требует максимальной силы кора и стабильности, развивая функциональную мощь после силовых отжиманий с отягощением.",2025-11-12T00:00:00Z
ref-one-arm-push-up-04-alt,one-arm-push-up,archer-push-ups,Отжимания лучника,alternative,preference,84,"Отжимания лучника предлагают альтернативный паттерн односторонней нагрузки с широкой постановкой рук и смещением веса, развивая схожую силу и координацию.",2025-11-12T00:00:00Z
ref-archer-push-ups-03-alt,archer-push-ups,one-arm-push-up,Отжимания на одной руке,alternative,preference,85,"Отжимания на одной руке предлагают более строгий вариант односторонней нагрузки с узкой опорой, развивая максимальную силу и стабильность корпуса.",2025-11-12T00:00:00Z
ref-one-arm-push-up-05-alt,one-arm-push-up,hammer-chest-press-one-arm,Жим в хаммере одной рукой,alternative,equipment-availability,80,"Жим в хаммере одной рукой обеспечивает одностороннюю работу в тренажере с фиксированной траекторией, если требуется тренировка в зале или уменьшить требования к стабилизации корпуса.",2025-11-12T00:00:00Z
ref-hammer-chest-press-one-arm-02-alt,hammer-chest-press-one-arm,one-arm-push-up,Отжимания на одной руке,alternative,equipment-availability,81,"Отжимания на одной руке обеспечивают одностороннюю работу с собственным весом, если нет доступа к тренажеру или нужна тренировка вне зала с акцентом на стабильность корпуса.",2025-11-12T00:00:00Z
ref-hammer-chest-press-one-arm-03-reg,hammer-chest-press-one-arm,hammer-strength-chest-press,Жим от груди в тренажёре Хаммер (двусторонний),regression,difficulty-adjustment,83,"Переход к двустороннему жиму в том же тренажере снижает требования к стабилизации корпуса и односторонней координации, позволяя работать с большими весами и восстановить технику.",2025-11-12T00:00:00Z
ref-hammer-strength-chest-press-02-prog,hammer-strength-chest-press,hammer-chest-press-one-arm,Жим в хаммере одной рукой,progression,skill-development,85,"Переход к одностороннему жиму требует активной работы кора для предотвращения ротации и развивает одностороннюю силу, выявляя мышечные дисбалансы между сторонами.",2025-11-12T00:00:00Z
ref-hammer-chest-press-one-arm-04-reg,hammer-chest-press-one-arm,alternating-dumbbell-bench-press,Жим гантелей (поочередно) лежа на горизонтальной скамье,regression,difficulty-adjustment,81,"Поочередный жим гантелей снижает требования к стабилизации за счет меньшего веса на каждую руку и позволяет отработать одностороннюю координацию перед переходом к полной односторонней нагрузке в тренажере.",2025-11-12T00:00:00Z
ref-alternating-dumbbell-bench-press-02-prog,alternating-dumbbell-bench-press,hammer-chest-press-one-arm,Жим в хаммере одной рукой,progression,skill-development,84,"Переход к одностороннему жиму в тренажере требует работы с полной нагрузкой на одну сторону и развивает максимальную стабильность корпуса для предотвращения компенсаций.",2025-11-12T00:00:00Z
ref-dumbbell-fly-decline-bench-02-reg,dumbbell-fly-decline-bench,dumbbell-fly-flat-bench,Разведение гантелей лежа на горизонтальной скамье,regression,difficulty-adjustment,84,"Горизонтальная скамья убирает отрицательный наклон, упрощая упражнение и снижая нагрузку на плечи, требования к контролю дыхания и фиксации ног. Отлично подходит для отработки техники разведения гантелей перед переходом к наклонной версии.",2025-11-13T00:00:00Z
ref-dumbbell-fly-flat-bench-06-prog,dumbbell-fly-flat-bench,dumbbell-fly-decline-bench,Разведение гантелей на скамье с отрицательным наклоном,progression,skill-development,85,"Добавление отрицательного наклона увеличивает нагрузку на нижнюю часть груди и требует большего контроля дыхания, фиксации ног и координации. Следующий шаг после освоения горизонтального разведения гантелей.",2025-11-13T00:00:00Z
ref-dumbbell-fly-decline-bench-03-reg,dumbbell-fly-decline-bench,dumbbell-fly-floor,Разведение гантелей лежа на полу,regression,injury-management,82,"Положение на полу ограничивает диапазон движения и предотвращает чрезмерное растяжение плечевых суставов, упрощая контроль траектории и снижая риск травм. Идеально подходит для начинающих и людей с проблемами плеч.",2025-11-13T00:00:00Z
ref-dumbbell-fly-floor-06-prog,dumbbell-fly-floor,dumbbell-fly-decline-bench,Разведение гантелей на скамье с отрицательным наклоном,progression,skill-development,83,"Добавление отрицательного наклона увеличивает диапазон движения и нагрузку на нижнюю часть груди, требуя большего контроля плеч и координации. Следующий шаг после освоения безопасного варианта на полу.",2025-11-13T00:00:00Z
ref-dumbbell-fly-decline-bench-04-prog,dumbbell-fly-decline-bench,cable-crossover-high-to-low,Кроссовер сверху вниз,progression,skill-development,87,"Стоячее положение с верхними блоками требует активной стабилизации корпуса и контроля движения, увеличивая сложность упражнения при сохранении акцента на нижнюю часть груди и обеспечивая постоянное натяжение на всем протяжении амплитуды.",2025-11-13T00:00:00Z
ref-cable-crossover-high-to-low-04-reg,cable-crossover-high-to-low,dumbbell-fly-decline-bench,Разведение гантелей на скамье с отрицательным наклоном,regression,difficulty-adjustment,84,"Возврат к скамье с отрицательным наклоном убирает требования к стабилизации корпуса стоя, позволяя сосредоточиться на технике разведения гантелей и контроле дыхания при работе с нижней частью груди.",2025-11-13T00:00:00Z
ref-dumbbell-fly-decline-bench-05-alt,dumbbell-fly-decline-bench,cable-fly-standing,Сведение рук в кроссовере стоя,alternative,equipment-availability,80,"Стоячий кроссовер обеспечивает постоянное натяжение кабелей и функциональную работу с акцентом на грудь, если предпочтительнее блочные тренажеры или нет доступа к скамье с отрицательным наклоном.",2025-11-13T00:00:00Z
ref-cable-fly-standing-07-alt,cable-fly-standing,dumbbell-fly-decline-bench,Разведение гантелей на скамье с отрицательным наклоном,alternative,equipment-availability,81,"Гантели на скамье с отрицательным наклоном обеспечивают тот же акцент на нижнюю часть груди с использованием свободных весов, позволяя работать вне зала при наличии скамьи с отрицательным наклоном.",2025-11-13T00:00:00Z
ref-weighted-push-ups-06-reg,weighted-push-ups,push-ups,Отжимания от пола,regression,difficulty-adjustment,85,"Снятие дополнительного веса возвращает к базовым отжиманиям, позволяя восстановить технику и увеличить объем работы без чрезмерной нагрузки на плечевой пояс и корпус.",2025-11-13T00:00:00Z
ref-push-ups-09-prog,push-ups,weighted-push-ups,Отжимания с весом,progression,skill-development,86,"Добавление внешнего отягощения увеличивает силовую нагрузку на грудь, трицепсы и передние дельты, развивая максимальную силу после освоения базовых отжиманий.",2025-11-13T00:00:00Z
ref-weighted-push-ups-07-prog,weighted-push-ups,archer-push-ups,Отжимания лучника,progression,skill-development,89,"Отжимания лучника требуют экстремальной односторонней силы и координации, развивая функциональную мощь после силовых отжиманий с отягощением.",2025-11-13T00:00:00Z
ref-archer-push-ups-04-reg,archer-push-ups,weighted-push-ups,Отжимания с весом,regression,difficulty-adjustment,84,"Возврат к двусторонним отжиманиям с весом снижает одностороннюю нагрузку и требования к координации, сохраняя высокую силовую нагрузку на грудь и трицепсы.",2025-11-13T00:00:00Z
ref-weighted-push-ups-08-alt,weighted-push-ups,barbell-bench-press,Жим штанги лежа на горизонтальной скамье,alternative,equipment-availability,83,"Жим штанги обеспечивает схожую силовую нагрузку на грудь, плечи и трицепсы с возможностью работы с большими весами в зале, если доступна скамья и штанга.",2025-11-13T00:00:00Z
ref-barbell-bench-press-08-alt,barbell-bench-press,weighted-push-ups,Отжимания с весом,alternative,equipment-availability,82,"Отжимания с весом позволяют сохранить силовую работу на грудь вне зала, сохраняя схожий паттерн движения и нагрузку на грудные мышцы, трицепсы и передние дельты.",2025-11-13T00:00:00Z
ref-weighted-push-ups-09-alt,weighted-push-ups,dumbbell-bench-press-flat,Жим гантелей лежа на горизонтальной скамье,alternative,equipment-availability,81,"Жим гантелей обеспечивает схожую нагрузку на грудь с большей амплитудой движения и независимой работой рук, если доступна скамья и гантели.",2025-11-13T00:00:00Z
ref-dumbbell-bench-press-flat-05-alt,dumbbell-bench-press-flat,weighted-push-ups,Отжимания с весом,alternative,equipment-availability,80,"Отжимания с весом позволяют сохранить силовую работу на грудь вне зала, сохраняя схожий паттерн движения и нагрузку на грудные мышцы.",2025-11-13T00:00:00Z
ref-weighted-push-ups-10-alt,weighted-push-ups,trx-push-ups,Отжимания в TRX,alternative,equipment-availability,79,"TRX петли обеспечивают схожую функциональную нагрузку на грудь с нестабильностью, развивая стабилизацию корпуса, если доступны петли TRX.",2025-11-13T00:00:00Z
ref-trx-push-ups-02-alt,trx-push-ups,weighted-push-ups,Отжимания с весом,alternative,equipment-availability,78,"Отжимания с весом обеспечивают схожую силовую нагрузку на грудь без нестабильности, если нет доступа к TRX петлям или нужна более стабильная опора.",2025-11-13T00:00:00Z
ref-weighted-push-ups-11-alt,weighted-push-ups,diamond-push-ups,Алмазные отжимания,alternative,preference,80,"Алмазные отжимания обеспечивают схожую силовую нагрузку с акцентом на трицепсы и внутреннюю часть груди без дополнительного веса, если нужна альтернатива с собственным весом.",2025-11-13T00:00:00Z
ref-diamond-push-ups-01-alt,diamond-push-ups,weighted-push-ups,Отжимания с весом,alternative,preference,81,"Отжимания с весом обеспечивают схожую силовую нагрузку на грудь и трицепсы с возможностью прогрессии веса, если нужна альтернатива с отягощением.",2025-11-13T00:00:00Z
ref-weighted-push-ups-12-alt,weighted-push-ups,push-ups-with-pause,Отжимания с паузой,alternative,preference,82,"Отжимания с паузой обеспечивают схожую силовую нагрузку с увеличением времени под напряжением без дополнительного веса, развивая силу в нижней точке движения.",2025-11-13T00:00:00Z
ref-push-ups-with-pause-01-alt,push-ups-with-pause,weighted-push-ups,Отжимания с весом,alternative,preference,81,"Отжимания с весом обеспечивают схожую силовую нагрузку на грудь и трицепсы с возможностью прогрессии веса, если нужна альтернатива с отягощением.",2025-11-13T00:00:00Z
ref-dumbbell-bench-press-alternating-floor-01-reg,dumbbell-bench-press-alternating-floor,dumbbell-bench-press-flat,Жим гантелей лежа на горизонтальной скамье,regression,difficulty-adjustment,85,"Двусторонний жим гантелей снижает требования к стабилизации корпуса и односторонней координации, позволяя отработать технику жима перед переходом к поочередному варианту.",2025-11-13T00:00:00Z
ref-dumbbell-bench-press-flat-06-prog,dumbbell-bench-press-flat,dumbbell-bench-press-alternating-floor,Жим гантелей (поочередно) лежа на полу,progression,skill-development,83,"Поочередный жим требует активной работы кора для предотвращения ротации и развивает одностороннюю силу, усложняя базовый вариант жима гантелей.",2025-11-13T00:00:00Z
ref-dumbbell-bench-press-alternating-floor-02-reg,dumbbell-bench-press-alternating-floor,dumbbell-fly-floor,Разведение гантелей лежа на полу,regression,difficulty-adjustment,80,"Разведение гантелей на полу снижает требования к силе и стабилизации, позволяя отработать технику изолирующего движения перед возвратом к поочередному жиму.",2025-11-13T00:00:00Z
ref-dumbbell-fly-floor-07-prog,dumbbell-fly-floor,dumbbell-bench-press-alternating-floor,Жим гантелей (поочередно) лежа на полу,progression,skill-development,82,"Поочередный жим увеличивает силовую нагрузку и требует активной работы кора, развивая функциональную силу после освоения разведения гантелей на полу.",2025-11-13T00:00:00Z
ref-dumbbell-bench-press-alternating-floor-03-reg,dumbbell-bench-press-alternating-floor,machine-chest-press-plate-loaded,Жим от груди в рычажном тренажере,regression,difficulty-adjustment,82,"Фиксированная траектория тренажера упрощает контроль движения и убирает требования к стабилизации корпуса, позволяя отработать технику жима перед возвратом к поочередному варианту.",2025-11-13T00:00:00Z
ref-machine-chest-press-plate-loaded-12-prog,machine-chest-press-plate-loaded,dumbbell-bench-press-alternating-floor,Жим гантелей (поочередно) лежа на полу,progression,skill-development,81,"Поочередный жим требует активной работы кора и односторонней координации, развивая функциональную силу после освоения тренажера.",2025-11-13T00:00:00Z
ref-dumbbell-bench-press-alternating-floor-04-reg,dumbbell-bench-press-alternating-floor,dumbbell-press-neutral-grip,Жим гантелей с нейтральным хватом,regression,difficulty-adjustment,83,"Двусторонний жим с нейтральным хватом снижает требования к стабилизации корпуса и односторонней координации, позволяя восстановить технику перед поочередным вариантом.",2025-11-13T00:00:00Z
ref-dumbbell-press-neutral-grip-03-prog,dumbbell-press-neutral-grip,dumbbell-bench-press-alternating-floor,Жим гантелей (поочередно) лежа на полу,progression,skill-development,84,"Поочередный жим требует активной работы кора для предотвращения ротации и развивает одностороннюю силу, усложняя базовый вариант жима с нейтральным хватом.",2025-11-13T00:00:00Z
ref-dumbbell-bench-press-alternating-floor-05-prog,dumbbell-bench-press-alternating-floor,alternating-dumbbell-bench-press,Жим гантелей (поочередно) лежа на горизонтальной скамье,progression,skill-development,86,"Переход на скамью увеличивает диапазон движения и требует большей стабилизации и контроля, усложняя поочередный жим на полу.",2025-11-13T00:00:00Z
ref-alternating-dumbbell-bench-press-03-reg,alternating-dumbbell-bench-press,dumbbell-bench-press-alternating-floor,Жим гантелей (поочередно) лежа на полу,regression,difficulty-adjustment,84,"Положение на полу ограничивает диапазон движения и снижает требования к стабилизации, позволяя отработать технику поочередного жима перед переходом на скамью.",2025-11-13T00:00:00Z
ref-dumbbell-bench-press-alternating-floor-06-prog,dumbbell-bench-press-alternating-floor,incline-alternating-dumbbell-press,Жим гантелей (поочередно) лежа на наклонной скамье,progression,skill-development,87,"Наклонная скамья увеличивает нагрузку на верхнюю часть груди и требует большей стабилизации и контроля, усложняя поочередный жим на горизонтальной поверхности.",2025-11-13T00:00:00Z
ref-incline-alternating-dumbbell-press-01-reg,incline-alternating-dumbbell-press,dumbbell-bench-press-alternating-floor,Жим гантелей (поочередно) лежа на полу,regression,difficulty-adjustment,85,"Положение на полу убирает наклон и снижает требования к стабилизации, позволяя отработать технику поочередного жима перед переходом на наклонную скамью.",2025-11-13T00:00:00Z
ref-dumbbell-bench-press-alternating-floor-07-prog,dumbbell-bench-press-alternating-floor,hammer-chest-press-one-arm,Жим в хаммере одной рукой,progression,skill-development,85,"Односторонний жим в тренажере требует работы с полной нагрузкой на одну сторону и развивает максимальную стабильность корпуса, усложняя поочередный жим на полу.",2025-11-13T00:00:00Z
ref-hammer-chest-press-one-arm-05-reg,hammer-chest-press-one-arm,dumbbell-bench-press-alternating-floor,Жим гантелей (поочередно) лежа на полу,regression,difficulty-adjustment,82,"Поочередный жим на полу снижает требования к стабилизации за счет меньшего веса на каждую руку и позволяет отработать одностороннюю координацию перед переходом к полной односторонней нагрузке в тренажере.",2025-11-13T00:00:00Z
ref-dumbbell-bench-press-alternating-floor-08-alt,dumbbell-bench-press-alternating-floor,kettlebell-floor-press,Жим гири лежа на полу,alternative,equipment-availability,81,"Жим гири на полу обеспечивает схожую нагрузку на грудь с ограниченной амплитудой и уникальной формой гири, развивая функциональную силу, если доступна гиря.",2025-11-13T00:00:00Z
ref-kettlebell-floor-press-01-alt,kettlebell-floor-press,dumbbell-bench-press-alternating-floor,Жим гантелей (поочередно) лежа на полу,alternative,equipment-availability,80,"Поочередный жим гантелей обеспечивает схожую нагрузку на грудь с односторонней работой и развитием стабилизации корпуса, если доступны гантели.",2025-11-13T00:00:00Z
ref-dumbbell-bench-press-alternating-floor-09-alt,dumbbell-bench-press-alternating-floor,landmine-press,Жим лэндмайн,alternative,equipment-availability,79,"Жим лэндмайн обеспечивает схожую функциональную нагрузку на грудь с акцентом на стабилизацию корпуса, если доступна лэндмайн-установка.",2025-11-13T00:00:00Z
ref-landmine-press-01-alt,landmine-press,dumbbell-bench-press-alternating-floor,Жим гантелей (поочередно) лежа на полу,alternative,equipment-availability,78,"Поочередный жим гантелей на полу обеспечивает схожую нагрузку на грудь с односторонней работой, если нет доступа к лэндмайн-установке или нужна тренировка лежа.",2025-11-13T00:00:00Z
ref-dumbbell-bench-press-alternating-floor-10-alt,dumbbell-bench-press-alternating-floor,barbell-floor-press,Жим штанги лежа на полу,alternative,equipment-availability,82,"Жим штанги на полу обеспечивает схожую нагрузку на грудь с ограниченной амплитудой и возможностью работы с большими весами, если доступна штанга.",2025-11-13T00:00:00Z
ref-barbell-floor-press-02-alt,barbell-floor-press,dumbbell-bench-press-alternating-floor,Жим гантелей (поочередно) лежа на полу,alternative,equipment-availability,81,"Поочередный жим гантелей обеспечивает схожую нагрузку на грудь с односторонней работой и развитием стабилизации корпуса, если доступны гантели и нужна односторонняя координация.",2025-11-13T00:00:00Z
ref-kettlebell-floor-press-01-reg,kettlebell-floor-press,machine-chest-press-plate-loaded,Жим от груди в рычажном тренажере,regression,difficulty-adjustment,82,"Фиксированная траектория тренажера упрощает контроль движения и убирает требования к стабилизации формы гири, позволяя отработать технику жима перед переходом к свободным весам.",2025-11-13T00:00:00Z
ref-machine-chest-press-plate-loaded-13-prog,machine-chest-press-plate-loaded,kettlebell-floor-press,Жим гири лежа на полу,progression,skill-development,81,"Переход к гире требует контроля уникальной формы снаряда и стабилизации, развивая функциональную силу после освоения тренажера.",2025-11-13T00:00:00Z
ref-kettlebell-floor-press-02-reg,kettlebell-floor-press,dumbbell-fly-floor,Разведение гантелей лежа на полу,regression,difficulty-adjustment,78,"Разведение гантелей на полу снижает силовую нагрузку и требования к контролю формы снаряда, позволяя отработать технику изолирующего движения перед возвратом к жиму гири.",2025-11-13T00:00:00Z
ref-dumbbell-fly-floor-08-prog,dumbbell-fly-floor,kettlebell-floor-press,Жим гири лежа на полу,progression,skill-development,80,"Переход к жиму гири увеличивает силовую нагрузку и требует контроля уникальной формы снаряда, развивая функциональную силу после освоения разведения гантелей на полу.",2025-11-13T00:00:00Z
ref-kettlebell-floor-press-02-prog,kettlebell-floor-press,barbell-floor-press,Жим штанги лежа на полу,progression,skill-development,85,"Переход к штанге требует большего контроля траектории и позволяет работать с большими весами, усложняя жим гири за счет необходимости симметричной стабилизации.",2025-11-13T00:00:00Z
ref-barbell-floor-press-03-reg,barbell-floor-press,kettlebell-floor-press,Жим гири лежа на полу,regression,difficulty-adjustment,83,"Возврат к гире снижает вес и требования к симметричной стабилизации, сохраняя ограниченную амплитуду и безопасность для плеч.",2025-11-13T00:00:00Z
ref-kettlebell-floor-press-03-prog,kettlebell-floor-press,alternating-dumbbell-bench-press,Жим гантелей (поочередно) лежа на горизонтальной скамье,progression,skill-development,84,"Переход на скамью с поочередным жимом увеличивает диапазон движения и требует активной работы кора для предотвращения ротации, усложняя жим гири на полу.",2025-11-13T00:00:00Z
ref-alternating-dumbbell-bench-press-04-reg,alternating-dumbbell-bench-press,kettlebell-floor-press,Жим гири лежа на полу,regression,difficulty-adjustment,82,"Возврат к жиму гири на полу ограничивает диапазон движения и снижает требования к стабилизации корпуса, позволяя отработать технику перед переходом на скамью.",2025-11-13T00:00:00Z
ref-kettlebell-floor-press-04-prog,kettlebell-floor-press,dumbbell-bench-press-flat,Жим гантелей лежа на горизонтальной скамье,progression,skill-development,86,"Переход на скамью увеличивает диапазон движения и требует большей стабилизации и контроля, усложняя жим гири на полу за счет полной амплитуды.",2025-11-13T00:00:00Z
ref-dumbbell-bench-press-flat-07-reg,dumbbell-bench-press-flat,kettlebell-floor-press,Жим гири лежа на полу,regression,difficulty-adjustment,84,"Возврат к жиму гири на полу ограничивает диапазон движения и снижает нагрузку на плечи, позволяя отработать технику перед переходом на скамью.",2025-11-13T00:00:00Z
ref-kettlebell-floor-press-03-alt,kettlebell-floor-press,barbell-floor-press,Жим штанги лежа на полу,alternative,equipment-availability,83,"Жим штанги на полу обеспечивает схожую нагрузку на грудь с ограниченной амплитудой и возможностью работы с большими весами, если доступна штанга.",2025-11-13T00:00:00Z
ref-barbell-floor-press-04-alt,barbell-floor-press,kettlebell-floor-press,Жим гири лежа на полу,alternative,equipment-availability,82,"Жим гири на полу обеспечивает схожую нагрузку на грудь с ограниченной амплитудой и уникальной формой гири, развивая функциональную силу, если доступна гиря.",2025-11-13T00:00:00Z
ref-landmine-press-01-reg,landmine-press,standing-cable-crossover-press,Жим в кроссовере стоя,regression,difficulty-adjustment,81,"Жим в кроссовере стоя упрощает контроль траектории и снижает требования к стабилизации корпуса, позволяя отработать технику функционального жима перед возвратом к лэндмайну.",2025-11-13T00:00:00Z
ref-standing-cable-crossover-press-01-prog,standing-cable-crossover-press,landmine-press,Жим лэндмайн,progression,skill-development,83,"Переход к лэндмайну требует большей стабилизации корпуса и контроля уникальной траектории движения, развивая функциональную силу после освоения кроссовера.",2025-11-13T00:00:00Z
ref-landmine-press-02-reg,landmine-press,machine-chest-press-plate-loaded,Жим от груди в рычажном тренажере,regression,difficulty-adjustment,80,"Фиксированная траектория тренажера упрощает контроль движения и убирает требования к стабилизации корпуса стоя, позволяя отработать технику жима перед возвратом к лэндмайну.",2025-11-13T00:00:00Z
ref-machine-chest-press-plate-loaded-14-prog,machine-chest-press-plate-loaded,landmine-press,Жим лэндмайн,progression,skill-development,82,"Переход к лэндмайну требует стабилизации корпуса стоя и контроля уникальной траектории движения, развивая функциональную силу после освоения тренажера.",2025-11-13T00:00:00Z
ref-landmine-press-02-prog,landmine-press,trx-push-ups,Отжимания в TRX,progression,skill-development,85,"Переход к TRX петлям добавляет нестабильность и требует большего контроля корпуса, усложняя лэндмайн за счет необходимости стабилизации нестабильной опоры.",2025-11-13T00:00:00Z
ref-trx-push-ups-03-reg,trx-push-ups,landmine-press,Жим лэндмайн,regression,difficulty-adjustment,83,"Возврат к лэндмайну снижает нестабильность опоры, сохраняя функциональную нагрузку на грудь и стабилизацию корпуса стоя.",2025-11-13T00:00:00Z
ref-landmine-press-03-prog,landmine-press,hammer-chest-press-one-arm,Жим в хаммере одной рукой,progression,skill-development,87,"Односторонний жим в тренажере требует работы с полной нагрузкой на одну сторону и развивает максимальную стабильность корпуса, усложняя двусторонний лэндмайн.",2025-11-13T00:00:00Z
ref-hammer-chest-press-one-arm-06-reg,hammer-chest-press-one-arm,landmine-press,Жим лэндмайн,regression,difficulty-adjustment,84,"Возврат к двустороннему лэндмайну снижает одностороннюю нагрузку и требования к стабилизации, сохраняя функциональную работу стоя.",2025-11-13T00:00:00Z
ref-landmine-press-02-alt,landmine-press,standing-cable-crossover-press,Жим в кроссовере стоя,alternative,equipment-availability,82,"Жим в кроссовере стоя обеспечивает схожую функциональную нагрузку на грудь с постоянным натяжением кабелей, если нет доступа к лэндмайн-установке.",2025-11-13T00:00:00Z
ref-standing-cable-crossover-press-02-alt,standing-cable-crossover-press,landmine-press,Жим лэндмайн,alternative,equipment-availability,81,"Жим лэндмайн обеспечивает схожую функциональную нагрузку на грудь с уникальной траекторией движения, если доступна лэндмайн-установка.",2025-11-13T00:00:00Z
ref-landmine-press-03-alt,landmine-press,trx-push-ups,Отжимания в TRX,alternative,equipment-availability,80,"TRX петли обеспечивают схожую функциональную нагрузку на грудь с нестабильностью, развивая стабилизацию корпуса, если доступны петли TRX.",2025-11-13T00:00:00Z
ref-trx-push-ups-04-alt,trx-push-ups,landmine-press,Жим лэндмайн,alternative,equipment-availability,79,"Жим лэндмайн обеспечивает схожую функциональную нагрузку на грудь с уникальной траекторией движения, если нет доступа к TRX петлям или нужна более стабильная опора.",2025-11-13T00:00:00Z
ref-trx-push-ups-05-reg,trx-push-ups,push-ups,Отжимания от пола,regression,difficulty-adjustment,82,"Возврат к стабильной опоре на полу снижает требования к стабилизации корпуса и контролю нестабильности, позволяя отработать технику отжиманий перед переходом к TRX петлям.",2025-11-13T00:00:00Z
ref-push-ups-10-prog,push-ups,trx-push-ups,Отжимания в TRX,progression,skill-development,85,"Переход к TRX петлям добавляет нестабильность и требует большего контроля корпуса и стабилизации, развивая функциональную силу после освоения базовых отжиманий на стабильной поверхности.",2025-11-13T00:00:00Z
ref-trx-push-ups-06-alt,trx-push-ups,close-grip-push-ups,Отжимания с узкой постановкой рук,alternative,equipment-availability,78,"Отжимания с узкой постановкой рук обеспечивают схожую нагрузку на грудь и трицепсы без нестабильности, если нет доступа к TRX петлям или нужна более стабильная опора.",2025-11-13T00:00:00Z
ref-close-grip-push-ups-04-alt,close-grip-push-ups,trx-push-ups,Отжимания в TRX,alternative,equipment-availability,77,"TRX петли обеспечивают схожую функциональную нагрузку на грудь и трицепсы с нестабильностью, развивая стабилизацию корпуса, если доступны петли TRX.",2025-11-13T00:00:00Z
ref-diamond-push-ups-02-reg,diamond-push-ups,close-grip-push-ups,Отжимания с узкой постановкой рук,regression,difficulty-adjustment,84,"Отжимания с узкой постановкой рук снижают нагрузку на запястья и локти, упрощая выполнение за счет отсутствия необходимости формировать алмаз, позволяя отработать технику узкого хвата перед переходом к алмазным отжиманиям.",2025-11-13T00:00:00Z
ref-close-grip-push-ups-05-prog,close-grip-push-ups,diamond-push-ups,Алмазные отжимания,progression,skill-development,86,"Алмазные отжимания увеличивают акцент на трицепсы и внутреннюю часть груди за счет более узкой постановки рук в форме алмаза, требуя большей силы и гибкости запястий.",2025-11-13T00:00:00Z
ref-diamond-push-ups-03-prog,diamond-push-ups,push-ups-with-pause,Отжимания с паузой,progression,skill-development,88,"Отжимания с паузой увеличивают время под напряжением и требуют большей силы для начала движения вверх, усложняя алмазные отжимания за счет устранения рефлекторного сокращения мышц.",2025-11-13T00:00:00Z
ref-push-ups-with-pause-02-reg,push-ups-with-pause,diamond-push-ups,Алмазные отжимания,regression,difficulty-adjustment,85,"Возврат к алмазным отжиманиям убирает паузу в нижней точке, снижая требования к силе в статической фазе, но сохраняя акцент на трицепсы и внутреннюю часть груди.",2025-11-13T00:00:00Z
ref-diamond-push-ups-04-alt,diamond-push-ups,close-grip-push-ups,Отжимания с узкой постановкой рук,alternative,preference,82,"Отжимания с узкой постановкой рук обеспечивают схожую нагрузку на трицепсы и внутреннюю часть груди без чрезмерной нагрузки на запястья, если алмазная форма вызывает дискомфорт.",2025-11-13T00:00:00Z
ref-close-grip-push-ups-06-alt,close-grip-push-ups,diamond-push-ups,Алмазные отжимания,alternative,preference,83,"Алмазные отжимания обеспечивают более интенсивный акцент на трицепсы и внутреннюю часть груди за счет более узкой постановки рук в форме алмаза, если нужна более сложная альтернатива.",2025-11-13T00:00:00Z
ref-push-ups-with-pause-03-reg,push-ups-with-pause,push-ups,Отжимания от пола,regression,difficulty-adjustment,85,"Убирая паузу в нижней точке, возвращаемся к базовым отжиманиям, что снижает время под напряжением и требования к силе в статической фазе, позволяя восстановить технику и увеличить объем работы.",2025-11-13T00:00:00Z
ref-push-ups-11-prog,push-ups,push-ups-with-pause,Отжимания с паузой,progression,skill-development,86,"Добавление паузы на 2-3 секунды в нижней точке увеличивает время под напряжением и требует большей силы для начала движения вверх, развивая силу в нижней точке после освоения базовых отжиманий.",2025-11-13T00:00:00Z
ref-push-ups-with-pause-04-prog,push-ups-with-pause,decline-push-ups,Отжимания с наклоном - ноги на возвышении,progression,skill-development,87,"Добавление наклона с ногами на возвышении увеличивает нагрузку на верхнюю часть груди и плечи, усложняя упражнение с паузой за счет дополнительного сопротивления и требований к стабильности корпуса.",2025-11-13T00:00:00Z
ref-decline-push-ups-04-reg,decline-push-ups,push-ups-with-pause,Отжимания с паузой,regression,difficulty-adjustment,84,"Убирая наклон и возвращаясь к горизонтальной плоскости, снижаем нагрузку на плечи, сохраняя паузу в нижней точке для развития силы в статической фазе.",2025-11-13T00:00:00Z
ref-push-ups-with-pause-05-alt,push-ups-with-pause,close-grip-push-ups,Отжимания с узкой постановкой рук,alternative,preference,82,"Отжимания с узкой постановкой рук обеспечивают схожую силовую нагрузку с акцентом на трицепсы и внутреннюю часть груди без паузы, если нужна альтернатива с другим акцентом на мышцы.",2025-11-13T00:00:00Z
ref-close-grip-push-ups-07-alt,close-grip-push-ups,push-ups-with-pause,Отжимания с паузой,alternative,preference,83,"Отжимания с паузой обеспечивают схожую силовую нагрузку с увеличением времени под напряжением и развитием силы в нижней точке, если нужна альтернатива с темповым компонентом.",2025-11-13T00:00:00Z
ref-archer-push-ups-05-prog,archer-push-ups,one-arm-push-up,Отжимания на одной руке,progression,skill-development,90,"Отжимания на одной руке требуют максимальной односторонней силы и стабильности корпуса, развивая функциональную мощь после освоения отжиманий лучника с широкой постановкой рук.",2025-11-13T00:00:00Z
ref-one-arm-push-up-06-reg,one-arm-push-up,archer-push-ups,Отжимания лучника,regression,difficulty-adjustment,88,"Возврат к отжиманиям лучника снижает требования к силе за счет широкой постановки рук и смещения веса, сохраняя одностороннюю нагрузку и развитие координации.",2025-11-13T00:00:00Z
ref-archer-push-ups-06-alt,archer-push-ups,hammer-chest-press-one-arm,Жим в хаммере одной рукой,alternative,equipment-availability,82,"Жим в хаммере одной рукой обеспечивает одностороннюю работу в тренажере с фиксированной траекторией, если требуется тренировка в зале или уменьшить требования к стабилизации корпуса при сохранении односторонней нагрузки.",2025-11-13T00:00:00Z
ref-hammer-chest-press-one-arm-07-alt,hammer-chest-press-one-arm,archer-push-ups,Отжимания лучника,alternative,equipment-availability,81,"Отжимания лучника обеспечивают одностороннюю работу с собственным весом и развитием стабилизации корпуса, если нет доступа к тренажеру или нужна тренировка вне зала с акцентом на функциональную силу.",2025-11-13T00:00:00Z
ref-barbell-floor-press-05-reg,barbell-floor-press,smith-machine-bench-press,Жим лежа в машине Смита,regression,difficulty-adjustment,82,"Фиксированная траектория машины Смита упрощает контроль движения и снижает требования к силе фиксации, позволяя отработать технику жима перед возвратом к ограниченной амплитуде на полу.",2025-11-13T00:00:00Z
ref-smith-machine-bench-press-10-prog,smith-machine-bench-press,barbell-floor-press,Жим штанги лежа на полу,progression,skill-development,84,"Ограниченная амплитуда на полу требует большей силы в верхней точке и контроля лопаток, усложняя жим в машине Смита за счет необходимости развивать силу фиксации.",2025-11-13T00:00:00Z
ref-barbell-floor-press-06-reg,barbell-floor-press,dumbbell-bench-press-flat,Жим гантелей лежа на горизонтальной скамье,regression,difficulty-adjustment,83,"Гантели на скамье обеспечивают полную амплитуду движения и снижают требования к силе фиксации, позволяя отработать технику жима перед возвратом к ограниченной амплитуде на полу.",2025-11-13T00:00:00Z
ref-dumbbell-bench-press-flat-08-prog,dumbbell-bench-press-flat,barbell-floor-press,Жим штанги лежа на полу,progression,skill-development,85,"Ограниченная амплитуда на полу требует большей силы в верхней точке и контроля лопаток, усложняя жим гантелей за счет необходимости развивать силу фиксации при работе с тяжелыми весами.",2025-11-13T00:00:00Z
ref-barbell-floor-press-05-prog,barbell-floor-press,barbell-bench-press,Жим штанги лежа на горизонтальной скамье,progression,skill-development,88,"Полная амплитуда движения на скамье требует большей силы и контроля на всем протяжении движения, усложняя жим на полу за счет необходимости контролировать траекторию в полном диапазоне.",2025-11-13T00:00:00Z
ref-barbell-bench-press-09-reg,barbell-bench-press,barbell-floor-press,Жим штанги лежа на полу,regression,difficulty-adjustment,85,"Ограниченная амплитуда на полу снижает требования к контролю траектории и позволяет сосредоточиться на силе фиксации, если полная амплитуда временно вызывает дискомфорт в плечах.",2025-11-13T00:00:00Z
ref-barbell-floor-press-06-alt,barbell-floor-press,barbell-bench-press,Жим штанги лежа на горизонтальной скамье,alternative,equipment-availability,86,"Классический жим штанги обеспечивает полную амплитуду движения и схожую силовую нагрузку на грудь, если доступна скамья и нужна работа по полному диапазону.",2025-11-13T00:00:00Z
ref-barbell-bench-press-10-alt,barbell-bench-press,barbell-floor-press,Жим штанги лежа на полу,alternative,injury-management,84,"Жим на полу обеспечивает ограниченную амплитуду и снижает нагрузку на плечевые суставы, сохраняя силовую работу на грудь и трицепсы, если полная амплитуда вызывает дискомфорт.",2025-11-13T00:00:00Z
ref-barbell-floor-press-07-alt,barbell-floor-press,neutral-grip-barbell-bench-press,Жим штанги с нейтральным хватом,alternative,injury-management,83,"Нейтральный хват обеспечивает более безопасное положение плеч и схожую силовую нагрузку на грудь, если нужна альтернатива с меньшей нагрузкой на суставы при работе со штангой.",2025-11-13T00:00:00Z
ref-neutral-grip-barbell-bench-press-05-alt,neutral-grip-barbell-bench-press,barbell-floor-press,Жим штанги лежа на полу,alternative,equipment-availability,82,"Жим на полу обеспечивает ограниченную амплитуду и схожую силовую нагрузку на грудь, если нужна альтернатива с акцентом на силу фиксации при работе со штангой.",2025-11-13T00:00:00Z
ref-hammer-strength-chest-press-03-reg,hammer-strength-chest-press,machine-chest-press-plate-loaded,Жим от груди в рычажном тренажере,regression,difficulty-adjustment,81,"Базовый рычажный тренажер упрощает контроль движения и снижает требования к стабилизации, позволяя отработать технику жима перед возвратом к тренажеру Хаммер с независимыми рычагами.",2025-11-13T00:00:00Z
ref-machine-chest-press-plate-loaded-15-prog,machine-chest-press-plate-loaded,hammer-strength-chest-press,Жим от груди в тренажёре Хаммер (двусторонний),progression,skill-development,83,"Независимые рычаги тренажера Хаммер требуют большей стабилизации и симметричной работы рук, усложняя базовый тренажер за счет необходимости контролировать каждую руку отдельно.",2025-11-13T00:00:00Z
ref-hammer-strength-chest-press-04-reg,hammer-strength-chest-press,incline-push-ups,Отжимания с наклоном - руки на возвышении,regression,difficulty-adjustment,75,"Отжимания с наклоном позволяют отработать траекторию жима без веса и развить базовую силу верхней части груди перед переходом к тренажеру, если нужна тренировка вне зала.",2025-11-13T00:00:00Z
ref-incline-push-ups-06-prog,incline-push-ups,hammer-strength-chest-press,Жим от груди в тренажёре Хаммер (двусторонний),progression,skill-development,80,"Тренажер Хаммер добавляет сопротивление и требует стабилизации при работе с независимыми рычагами, развивая силу груди после освоения отжиманий с наклоном.",2025-11-13T00:00:00Z
ref-hammer-strength-chest-press-05-prog,hammer-strength-chest-press,barbell-bench-press,Жим штанги лежа на горизонтальной скамье,progression,skill-development,87,"Свободная штанга требует контроля траектории и стабилизации, усложняя тренажер за счет необходимости контролировать движение без фиксированной траектории и независимых рычагов.",2025-11-13T00:00:00Z
ref-barbell-bench-press-11-reg,barbell-bench-press,hammer-strength-chest-press,Жим от груди в тренажёре Хаммер (двусторонний),regression,difficulty-adjustment,84,"Тренажер Хаммер упрощает контроль траектории и снижает требования к стабилизации, позволяя отработать технику жима перед возвратом к свободной штанге, если техника временно страдает.",2025-11-13T00:00:00Z
ref-hammer-strength-chest-press-06-prog,hammer-strength-chest-press,dumbbell-bench-press-flat,Жим гантелей лежа на горизонтальной скамье,progression,skill-development,85,"Свободные гантели требуют большей стабилизации и контроля, усложняя тренажер за счет необходимости контролировать движение каждой рукой независимо без фиксированной траектории.",2025-11-13T00:00:00Z
ref-dumbbell-bench-press-flat-09-reg,dumbbell-bench-press-flat,hammer-strength-chest-press,Жим от груди в тренажёре Хаммер (двусторонний),regression,difficulty-adjustment,83,"Тренажер Хаммер упрощает контроль движения и снижает требования к стабилизации, позволяя отработать технику жима перед возвратом к свободным гантелям, если техника временно страдает.",2025-11-13T00:00:00Z
ref-hammer-strength-chest-press-07-alt,hammer-strength-chest-press,dumbbell-bench-press-flat,Жим гантелей лежа на горизонтальной скамье,alternative,equipment-availability,84,"Гантели обеспечивают большую амплитуду движения и независимую работу рук, сохраняя схожую нагрузку на грудь, если тренажер Хаммер недоступен или нужна работа со свободными весами.",2025-11-13T00:00:00Z
ref-dumbbell-bench-press-flat-10-alt,dumbbell-bench-press-flat,hammer-strength-chest-press,Жим от груди в тренажёре Хаммер (двусторонний),alternative,equipment-availability,83,"Тренажер Хаммер обеспечивает фиксированную траекторию и безопасную работу без страховщика, сохраняя схожую нагрузку на грудь, если доступен тренажер или нужна более стабильная опора.",2025-11-13T00:00:00Z
ref-hammer-strength-chest-press-08-alt,hammer-strength-chest-press,incline-hammer-strength-press,Жим в наклонном тренажере Хаммер,alternative,preference,85,"Наклонный тренажер Хаммер сохраняет независимые рычаги и безопасную работу, но смещает акцент на верхнюю часть груди, если нужна вариация с другим углом нагрузки.",2025-11-13T00:00:00Z
ref-incline-hammer-strength-press-03-alt,incline-hammer-strength-press,hammer-strength-chest-press,Жим от груди в тренажёре Хаммер (двусторонний),alternative,preference,84,"Горизонтальный тренажер Хаммер сохраняет независимые рычаги и безопасную работу, но смещает акцент на среднюю часть груди, если нужна вариация с другим углом нагрузки.",2025-11-13T00:00:00Z
ref-standing-cable-crossover-press-01-reg,standing-cable-crossover-press,machine-chest-press-plate-loaded,Жим от груди в рычажном тренажере,regression,difficulty-adjustment,82,"Фиксированная траектория тренажера упрощает контроль движения и убирает требования к стабилизации корпуса стоя, позволяя отработать технику жима перед возвратом к функциональному варианту в кроссовере.",2025-11-13T00:00:00Z
ref-machine-chest-press-plate-loaded-16-prog,machine-chest-press-plate-loaded,standing-cable-crossover-press,Жим в кроссовере стоя,progression,skill-development,84,"Переход к кроссоверу стоя добавляет требования к стабилизации корпуса и контролю движения стоя, развивая функциональную силу после освоения тренажера.",2025-11-13T00:00:00Z
ref-standing-cable-crossover-press-02-reg,standing-cable-crossover-press,smith-machine-bench-press,Жим лежа в машине Смита,regression,difficulty-adjustment,81,"Лежачее положение в машине Смита убирает требования к стабилизации корпуса стоя и упрощает контроль траектории, позволяя отработать технику жима перед возвратом к функциональному варианту в кроссовере.",2025-11-13T00:00:00Z
ref-smith-machine-bench-press-11-prog,smith-machine-bench-press,standing-cable-crossover-press,Жим в кроссовере стоя,progression,skill-development,83,"Переход к кроссоверу стоя добавляет требования к стабилизации корпуса и контролю движения стоя, развивая функциональную силу после освоения жима в машине Смита.",2025-11-13T00:00:00Z
ref-standing-cable-crossover-press-03-reg,standing-cable-crossover-press,incline-push-ups,Отжимания с наклоном - руки на возвышении,regression,difficulty-adjustment,78,"Отжимания с наклоном позволяют отработать траекторию жима без веса и развить базовую силу верхней части груди перед переходом к отягощениям в кроссовере.",2025-11-13T00:00:00Z
ref-incline-push-ups-07-prog,incline-push-ups,standing-cable-crossover-press,Жим в кроссовере стоя,progression,skill-development,80,"Переход к кроссоверу стоя добавляет сопротивление и требования к стабилизации корпуса, развивая функциональную силу после освоения отжиманий с наклоном.",2025-11-13T00:00:00Z
ref-standing-cable-crossover-press-03-prog,standing-cable-crossover-press,trx-push-ups,Отжимания в TRX,progression,skill-development,85,"Переход к TRX петлям добавляет нестабильность и требует большего контроля корпуса, усложняя кроссовер за счет необходимости стабилизации нестабильной опоры.",2025-11-13T00:00:00Z
ref-trx-push-ups-07-reg,trx-push-ups,standing-cable-crossover-press,Жим в кроссовере стоя,regression,difficulty-adjustment,83,"Возврат к кроссоверу стоя снижает нестабильность опоры, сохраняя функциональную нагрузку на грудь и стабилизацию корпуса стоя.",2025-11-13T00:00:00Z
ref-standing-cable-crossover-press-04-prog,standing-cable-crossover-press,barbell-bench-press,Жим штанги лежа на горизонтальной скамье,progression,skill-development,87,"Свободная штанга требует контроля траектории и стабилизации, усложняя кроссовер за счет необходимости контролировать движение без фиксированной траектории и постоянного натяжения кабелей.",2025-11-13T00:00:00Z
ref-barbell-bench-press-12-reg,barbell-bench-press,standing-cable-crossover-press,Жим в кроссовере стоя,regression,difficulty-adjustment,84,"Возврат к кроссоверу стоя упрощает контроль траектории за счет постоянного натяжения кабелей, сохраняя функциональную нагрузку на грудь, если техника со свободной штангой временно страдает.",2025-11-13T00:00:00Z
ref-standing-cable-crossover-press-03-alt,standing-cable-crossover-press,hammer-strength-chest-press,Жим от груди в тренажёре Хаммер (двусторонний),alternative,equipment-availability,82,"Тренажер Хаммер обеспечивает фиксированную траекторию и безопасную работу без страховщика, сохраняя схожую нагрузку на грудь, если кроссовер недоступен или нужна более стабильная опора.",2025-11-13T00:00:00Z
ref-hammer-strength-chest-press-09-alt,hammer-strength-chest-press,standing-cable-crossover-press,Жим в кроссовере стоя,alternative,equipment-availability,81,"Кроссовер стоя обеспечивает функциональную нагрузку на грудь с постоянным натяжением кабелей и требованиями к стабилизации корпуса, если тренажер Хаммер недоступен или нужна более функциональная работа.",2025-11-13T00:00:00Z
ref-standing-cable-crossover-press-04-alt,standing-cable-crossover-press,dumbbell-bench-press-flat,Жим гантелей лежа на горизонтальной скамье,alternative,equipment-availability,83,"Гантели обеспечивают большую амплитуду движения и независимую работу рук, сохраняя схожую нагрузку на грудь, если кроссовер недоступен или нужна работа со свободными весами.",2025-11-13T00:00:00Z
ref-dumbbell-bench-press-flat-11-alt,dumbbell-bench-press-flat,standing-cable-crossover-press,Жим в кроссовере стоя,alternative,equipment-availability,82,"Кроссовер стоя обеспечивает функциональную нагрузку на грудь с постоянным натяжением кабелей и требованиями к стабилизации корпуса, если гантели недоступны или нужна более функциональная работа.",2025-11-13T00:00:00Z
ref-standing-cable-crossover-press-05-alt,standing-cable-crossover-press,cable-fly-standing,Сведение рук в кроссовере стоя,alternative,preference,80,"Сведение рук в кроссовере стоя обеспечивает изолирующую нагрузку на грудь с постоянным натяжением кабелей, если нужна альтернатива с акцентом на изоляцию вместо жима.",2025-11-13T00:00:00Z
ref-cable-fly-standing-08-alt,cable-fly-standing,standing-cable-crossover-press,Жим в кроссовере стоя,alternative,preference,81,"Жим в кроссовере стоя обеспечивает базовую нагрузку на грудь с постоянным натяжением кабелей, если нужна альтернатива с акцентом на базовое движение вместо изоляции.",2025-11-13T00:00:00Z
ref-incline-hammer-strength-press-04-reg,incline-hammer-strength-press,machine-chest-press-plate-loaded,Жим от груди в рычажном тренажере,regression,difficulty-adjustment,81,"Горизонтальный тренажер упрощает контроль движения и убирает наклон, позволяя сосредоточиться на базовой технике жима перед возвратом к наклонному варианту в тренажере Хаммер.",2025-11-13T00:00:00Z
ref-machine-chest-press-plate-loaded-17-prog,machine-chest-press-plate-loaded,incline-hammer-strength-press,Жим в наклонном тренажере Хаммер,progression,skill-development,83,"Добавление наклона и независимых рычагов увеличивает нагрузку на верхнюю часть груди и требует большей стабилизации, развивая силу после освоения горизонтального тренажера.",2025-11-13T00:00:00Z
ref-incline-hammer-strength-press-05-reg,incline-hammer-strength-press,incline-push-ups,Отжимания с наклоном - руки на возвышении,regression,difficulty-adjustment,79,"Отжимания с наклоном позволяют отработать траекторию наклонного жима без веса и развить базовую силу верхней части груди перед переходом к отягощениям в тренажере.",2025-11-13T00:00:00Z
ref-incline-push-ups-08-prog,incline-push-ups,incline-hammer-strength-press,Жим в наклонном тренажере Хаммер,progression,skill-development,81,"Тренажер Хаммер добавляет сопротивление и требует стабилизации при работе с независимыми рычагами, развивая силу верхней части груди после освоения отжиманий с наклоном.",2025-11-13T00:00:00Z
ref-incline-hammer-strength-press-04-prog,incline-hammer-strength-press,incline-barbell-bench-press,Жим штанги лежа на наклонной скамье,progression,skill-development,86,"Свободная штанга требует контроля траектории и стабилизации, усложняя тренажер за счет необходимости контролировать движение без фиксированной траектории и независимых рычагов.",2025-11-13T00:00:00Z
ref-incline-barbell-bench-press-03-reg,incline-barbell-bench-press,incline-hammer-strength-press,Жим в наклонном тренажере Хаммер,regression,difficulty-adjustment,84,"Тренажер Хаммер упрощает контроль траектории и снижает требования к стабилизации, позволяя отработать технику наклонного жима перед возвратом к свободной штанге, если техника временно страдает.",2025-11-13T00:00:00Z
ref-incline-hammer-strength-press-05-prog,incline-hammer-strength-press,incline-dumbbell-press,Жим гантелей на наклонной скамье,progression,skill-development,85,"Свободные гантели требуют большей стабилизации и контроля, усложняя тренажер за счет необходимости контролировать движение каждой рукой независимо без фиксированной траектории.",2025-11-13T00:00:00Z
ref-incline-dumbbell-press-05-reg,incline-dumbbell-press,incline-hammer-strength-press,Жим в наклонном тренажере Хаммер,regression,difficulty-adjustment,83,"Тренажер Хаммер упрощает контроль движения и снижает требования к стабилизации, позволяя отработать технику наклонного жима перед возвратом к свободным гантелям, если техника временно страдает.",2025-11-13T00:00:00Z
ref-incline-hammer-strength-press-06-prog,incline-hammer-strength-press,incline-alternating-dumbbell-press,Жим гантелей (поочередно) лежа на наклонной скамье,progression,skill-development,87,"Поочередный жим требует активной работы кора для предотвращения ротации и развивает одностороннюю силу, усложняя тренажер за счет необходимости контролировать движение поочередно каждой рукой.",2025-11-13T00:00:00Z
ref-incline-alternating-dumbbell-press-02-reg,incline-alternating-dumbbell-press,incline-hammer-strength-press,Жим в наклонном тренажере Хаммер,regression,difficulty-adjustment,85,"Тренажер Хаммер упрощает контроль движения и снижает требования к стабилизации корпуса, позволяя отработать технику наклонного жима перед возвратом к поочередному варианту, если техника временно страдает.",2025-11-13T00:00:00Z
ref-incline-hammer-strength-press-06-alt,incline-hammer-strength-press,incline-dumbbell-press,Жим гантелей на наклонной скамье,alternative,equipment-availability,84,"Гантели обеспечивают большую амплитуду движения и независимую работу рук, сохраняя тот же наклон и акцент на верхнюю часть груди, если тренажер Хаммер недоступен или нужна работа со свободными весами.",2025-11-13T00:00:00Z
ref-incline-dumbbell-press-06-alt,incline-dumbbell-press,incline-hammer-strength-press,Жим в наклонном тренажере Хаммер,alternative,equipment-availability,83,"Тренажер Хаммер обеспечивает фиксированную траекторию и безопасную работу без страховщика, сохраняя тот же наклон и акцент на верхнюю часть груди, если доступен тренажер или нужна более стабильная опора.",2025-11-13T00:00:00Z
ref-incline-hammer-strength-press-07-alt,incline-hammer-strength-press,incline-barbell-bench-press,Жим штанги лежа на наклонной скамье,alternative,equipment-availability,85,"Штанга обеспечивает возможность работы с большими весами и привычную технику жима, сохраняя тот же наклон и акцент на верхнюю часть груди, если тренажер Хаммер недоступен или нужна работа со штангой.",2025-11-13T00:00:00Z
ref-incline-barbell-bench-press-04-alt,incline-barbell-bench-press,incline-hammer-strength-press,Жим в наклонном тренажере Хаммер,alternative,equipment-availability,84,"Тренажер Хаммер обеспечивает фиксированную траекторию и безопасную работу без страховщика, сохраняя тот же наклон и акцент на верхнюю часть груди, если доступен тренажер или нужна более стабильная опора.",2025-11-13T00:00:00Z
ref-explosive-medicine-ball-press-02-reg,explosive-medicine-ball-press,push-ups,Отжимания от пола,regression,difficulty-adjustment,78,"Базовые отжимания убирают требования к взрывной мощности, координации ловли мяча и стабилизации корпуса в динамике, позволяя отработать технику жима перед переходом к взрывным движениям.",2025-11-13T00:00:00Z
ref-push-ups-12-prog,push-ups,explosive-medicine-ball-press,Взрывной жим медболом,progression,skill-development,85,"Добавление взрывного компонента и ловли мяча развивает мощность и координацию после освоения базовых отжиманий, подготавливая к скоростно-силовым движениям.",2025-11-13T00:00:00Z
ref-explosive-medicine-ball-press-03-reg,explosive-medicine-ball-press,machine-chest-press-plate-loaded,Жим от груди в рычажном тренажере,regression,difficulty-adjustment,82,"Фиксированная траектория тренажера убирает требования к взрывной мощности, координации ловли мяча и стабилизации корпуса стоя, позволяя отработать технику жима в стабильном положении.",2025-11-13T00:00:00Z
ref-machine-chest-press-plate-loaded-18-prog,machine-chest-press-plate-loaded,explosive-medicine-ball-press,Взрывной жим медболом,progression,skill-development,83,"Добавление взрывного компонента, ловли мяча и стабилизации корпуса стоя развивает мощность и координацию после освоения тренажера, подготавливая к скоростно-силовым движениям.",2025-11-13T00:00:00Z
ref-explosive-medicine-ball-press-04-prog,explosive-medicine-ball-press,one-arm-push-up,Отжимания на одной руке,progression,skill-development,88,"Односторонние отжимания требуют максимальной силы и стабильности корпуса, развивая функциональную мощь после освоения взрывного жима медболом с двусторонней работой.",2025-11-13T00:00:00Z
ref-one-arm-push-up-07-reg,one-arm-push-up,explosive-medicine-ball-press,Взрывной жим медболом,regression,difficulty-adjustment,85,"Возврат к двустороннему взрывному жиму снижает одностороннюю нагрузку и требования к максимальной силе, сохраняя развитие мощности и координации.",2025-11-13T00:00:00Z
ref-explosive-medicine-ball-press-05-alt,explosive-medicine-ball-press,standing-cable-crossover-press,Жим в кроссовере стоя,alternative,equipment-availability,81,"Жим в кроссовере стоя обеспечивает схожую функциональную нагрузку на грудь с постоянным натяжением кабелей, если нет доступа к медболу или нужна более контролируемая траектория без ловли мяча.",2025-11-13T00:00:00Z
ref-standing-cable-crossover-press-06-alt,standing-cable-crossover-press,explosive-medicine-ball-press,Взрывной жим медболом,alternative,equipment-availability,80,"Взрывной жим медболом развивает схожую функциональную мощность с акцентом на взрывную силу и координацию ловли, если доступен медбол и нужна тренировка скоростно-силовых качеств.",2025-11-13T00:00:00Z
ref-explosive-medicine-ball-press-06-alt,explosive-medicine-ball-press,landmine-press,Жим лэндмайн,alternative,equipment-availability,82,"Жим лэндмайн обеспечивает схожую функциональную нагрузку на грудь стоя с уникальной траекторией движения, если нет доступа к медболу или нужна более стабильная опора без ловли мяча.",2025-11-13T00:00:00Z
ref-landmine-press-04-alt,landmine-press,explosive-medicine-ball-press,Взрывной жим медболом,alternative,equipment-availability,81,"Взрывной жим медболом развивает схожую функциональную мощность с акцентом на взрывную силу и координацию ловли, если доступен медбол и нужна тренировка скоростно-силовых качеств.",2025-11-13T00:00:00Z
