id,type,name,description,difficulty,category,primary_muscle_group,tracking_type,location,minimum_experience,popularity_score,is_verified,certification_source,version,created_at,updated_at,metadata
dumbbell-bench-press-flat,strength,Жим гантелей лежа на горизонтальной скамье,"Базовое силовое упражнение для развития грудных мышц, плеч и трицепсов. Выполняется лежа на горизонтальной скамье с гантелями в руках. Обеспечивает больший диапазон движения и лучшую изоляцию мышц по сравнению с жимом штанги.",intermediate,strength-compound,chest,weight-reps,both,6,85,true,NSCA,2.0.0,2024-01-15T10:00:00Z,2024-01-15T10:00:00Z,"{""tags"":[""upper-body"",""strength"",""beginner-friendly""],""estimatedDuration"":300,""caloriesPerMinute"":8,""searchKeywords"":[""жим гантелей"",""dumbbell bench press"",""грудь"",""пекторальные""]}"
barbell-bench-press,strength,Жим штанги лежа на горизонтальной скамье,"Классическое базовое упражнение для развития максимальной силы и массы грудных мышц, передних дельт и трицепсов. Выполняется лежа на горизонтальной скамье со штангой. Позволяет работать с максимальными весами и является основой для развития силы верхней части тела.",intermediate,strength-compound,chest,weight-reps,gym,6,95,true,NSCA,2.0.0,2024-01-15T10:00:00Z,2024-01-15T10:00:00Z,"{""tags"":[""upper-body"",""strength"",""compound""],""estimatedDuration"":300,""caloriesPerMinute"":10,""searchKeywords"":[""жим штанги"",""barbell bench press"",""грудь"",""базовое упражнение""]}"
push-ups,strength,Отжимания от пола,"Базовое упражнение с собственным весом для развития грудных мышц, передних дельт и трицепсов. Выполняется в планке с опусканием и подъемом тела. Отлично подходит для домашних тренировок и развития функциональной силы верхней части тела.",beginner,strength-compound,chest,bodyweight-reps,both,0,90,true,NSCA,2.0.0,2024-01-15T10:00:00Z,2024-01-15T10:00:00Z,"{""tags"":[""upper-body"",""strength"",""beginner-friendly"",""home-workout"",""no-equipment""],""estimatedDuration"":180,""caloriesPerMinute"":6,""searchKeywords"":[""отжимания"",""push-ups"",""грудь"",""собственный вес""]}"
incline-dumbbell-press,strength,Жим гантелей на наклонной скамье,"Упражнение для развития верхней части грудных мышц, передних дельт и трицепсов. Выполняется на скамье с положительным наклоном 30-45 градусов. Обеспечивает больший диапазон движения и лучшую изоляцию верхней части груди по сравнению с горизонтальным жимом.",intermediate,strength-compound,chest,weight-reps,gym,6,80,true,NSCA,2.0.0,2024-01-15T10:00:00Z,2024-01-15T10:00:00Z,"{""tags"":[""upper-body"",""strength"",""beginner-friendly""],""estimatedDuration"":300,""caloriesPerMinute"":8,""searchKeywords"":[""жим гантелей наклон"",""incline dumbbell press"",""верх груди"",""пекторальные""]}"
dips-chest-focus,strength,Отжимания на брусьях с акцентом на грудь,"Базовое упражнение с собственным весом для развития грудных мышц, трицепсов и передних дельт. Выполняется на брусьях с наклоном корпуса вперед для акцента на грудные мышцы. Отлично развивает функциональную силу верхней части тела и стабильность корпуса.",intermediate,strength-compound,chest,bodyweight-reps,gym,6,75,true,NSCA,2.0.0,2024-01-15T10:00:00Z,2024-01-15T10:00:00Z,"{""tags"":[""upper-body"",""strength"",""compound"",""bodyweight""],""estimatedDuration"":240,""caloriesPerMinute"":9,""searchKeywords"":[""отжимания на брусьях"",""dips"",""грудь"",""брусья""]}"
machine-chest-press-plate-loaded,strength,Жим от груди в рычажном тренажере,"Безопасное упражнение в рычажном тренажере с естественной траекторией движения и независимыми рукоятками. Отлично подходит для начинающих и тех, кто тренируется без страховщика. Обеспечивает стабильную нагрузку на грудные мышцы, плечи и трицепсы с фиксированной траекторией движения.",beginner,strength-compound,chest,weight-reps,gym,3,70,true,NSCA,2.0.0,2024-01-15T10:00:00Z,2024-01-15T10:00:00Z,"{""tags"":[""upper-body"",""strength"",""beginner-friendly"",""machine"",""safe""],""estimatedDuration"":240,""caloriesPerMinute"":7,""searchKeywords"":[""жим от груди"",""machine chest press"",""тренажер"",""грудь""]}"
smith-machine-bench-press,strength,Жим лежа в машине Смита,"Безопасное упражнение в машине Смита с фиксированной вертикальной траекторией движения штанги. Отлично подходит для тренировок без страховщика и позволяет сосредоточиться на технике выполнения. Обеспечивает стабильную нагрузку на грудные мышцы, плечи и трицепсы с контролируемым движением.",intermediate,strength-compound,chest,weight-reps,gym,6,75,true,NSCA,2.0.0,2024-01-15T10:00:00Z,2024-01-15T10:00:00Z,"{""tags"":[""upper-body"",""strength"",""machine"",""safe"",""no-spotter""],""estimatedDuration"":300,""caloriesPerMinute"":8,""searchKeywords"":[""жим в смите"",""smith machine"",""машина смита"",""грудь""]}"
decline-dumbbell-press,strength,Жим гантелей на скамье с отрицательным наклоном,"Упражнение для развития нижней части грудных мышц, передних дельт и трицепсов. Выполняется на скамье с отрицательным наклоном -15-30 градусов. Обеспечивает акцент на нижнюю часть грудных мышц и дополняет горизонтальный и наклонный жим для полного развития груди.",intermediate,strength-compound,chest,weight-reps,gym,6,70,true,NSCA,2.0.0,2024-01-15T10:00:00Z,2024-01-15T10:00:00Z,"{""tags"":[""upper-body"",""strength"",""decline"",""chest-lower""],""estimatedDuration"":300,""caloriesPerMinute"":8,""searchKeywords"":[""жим гантелей наклон"",""decline dumbbell press"",""низ груди"",""пекторальные""]}"
push-ups-on-handles,strength,Отжимания на упорах,"Упражнение с собственным весом для развития грудных мышц, передних дельт и трицепсов с увеличенным диапазоном движения. Выполняется с использованием специальных упоров, что позволяет опускаться ниже и лучше растягивать грудные мышцы. Отлично подходит для домашних тренировок и развития функциональной силы.",beginner,strength-compound,chest,bodyweight-reps,both,3,75,true,NSCA,2.0.0,2024-01-15T10:00:00Z,2024-01-15T10:00:00Z,"{""tags"":[""upper-body"",""strength"",""beginner-friendly"",""home-workout"",""extended-range""],""estimatedDuration"":240,""caloriesPerMinute"":7,""searchKeywords"":[""отжимания на упорах"",""push-ups on handles"",""грудь"",""увеличенный диапазон""]}"
dumbbell-fly-flat-bench,strength,Разведение гантелей лежа на горизонтальной скамье,Изолирующее упражнение для развития грудных мышц с акцентом на растяжение и сокращение. Выполняется лежа на горизонтальной скамье с разведением гантелей по широкой дуге. Отлично подходит для завершения тренировки груди и улучшения мышечного контроля.,intermediate,strength-isolation,chest,weight-reps,gym,6,75,true,NSCA,2.0.0,2024-01-15T10:00:00Z,2024-01-15T10:00:00Z,"{""tags"":[""upper-body"",""strength"",""isolation"",""chest"",""fly""],""estimatedDuration"":300,""caloriesPerMinute"":6,""searchKeywords"":[""разведение гантелей"",""dumbbell fly"",""грудь"",""изоляция"",""пекторальные"",""flyes""]}"
dumbbell-fly-floor,strength,Разведение гантелей лежа на полу,"Безопасное изолирующее упражнение для грудных мышц с ограниченным диапазоном движения. Выполняется лежа на полу с гантелями, что предотвращает чрезмерное растяжение плечевых суставов. Идеально подходит для начинающих и людей с проблемами плеч.",beginner,strength-isolation,chest,weight-reps,both,0,70,true,NSCA,2.0.0,2024-01-15T10:00:00Z,2024-01-15T10:00:00Z,"{""tags"":[""upper-body"",""strength"",""isolation"",""chest"",""fly"",""beginner-friendly"",""home-workout""],""estimatedDuration"":240,""caloriesPerMinute"":5,""searchKeywords"":[""разведение гантелей"",""dumbbell fly floor"",""грудь"",""изоляция"",""пол"",""безопасно""]}"
dumbbell-fly-incline-bench,strength,Разведение гантелей на наклонной скамье,"Изолирующее упражнение для грудных мышц с акцентом на верхнюю часть груди. Выполняется на скамье с положительным наклоном 30-45 градусов. Более сложное упражнение, требующее хорошего контроля и координации. Отлично дополняет горизонтальные разведения для полного развития груди.",intermediate,strength-isolation,chest,weight-reps,gym,6,80,true,NSCA,2.0.0,2024-01-15T10:00:00Z,2024-01-15T10:00:00Z,"{""tags"":[""upper-body"",""strength"",""isolation"",""chest"",""fly"",""incline""],""estimatedDuration"":300,""caloriesPerMinute"":6,""searchKeywords"":[""разведение гантелей наклон"",""dumbbell fly incline"",""грудь верх"",""изоляция"",""наклонная скамья""]}"
cable-fly-flat,strength,Сведение рук в кроссовере лежа,Изолирующее упражнение для грудных мышц с постоянным натяжением кабелей на протяжении всей амплитуды движения. Выполняется лежа на горизонтальной скамье с использованием кроссовера. Обеспечивает постоянное напряжение мышц и отлично подходит для завершения тренировки груди.,intermediate,strength-isolation,chest,weight-reps,gym,6,85,true,NSCA,2.0.0,2024-01-15T10:00:00Z,2024-01-15T10:00:00Z,"{""tags"":[""upper-body"",""strength"",""isolation"",""chest"",""cable"",""fly""],""estimatedDuration"":300,""caloriesPerMinute"":7,""searchKeywords"":[""сведение рук кроссовер"",""cable fly"",""грудь"",""кабели"",""постоянное напряжение""]}"
cable-fly-standing,strength,Сведение рук в кроссовере стоя,Функциональное изолирующее упражнение для грудных мышц с постоянным натяжением кабелей. Выполняется стоя с использованием кроссовера. Требует стабилизации корпуса и вовлекает больше стабилизирующих мышц. Отлично подходит для развития функциональной силы и координации.,intermediate,strength-isolation,chest,weight-reps,gym,6,80,true,NSCA,2.0.0,2024-01-15T10:00:00Z,2024-01-15T10:00:00Z,"{""tags"":[""upper-body"",""strength"",""isolation"",""chest"",""cable"",""fly"",""functional""],""estimatedDuration"":300,""caloriesPerMinute"":8,""searchKeywords"":[""сведение рук стоя"",""cable fly standing"",""грудь"",""кабели"",""функциональное""]}"
pec-deck-fly,strength,Разведение в тренажере Пек-дек,"Безопасное изолирующее упражнение для грудных мышц с фиксированной траекторией движения. Выполняется в специальном тренажере Пек-дек, который обеспечивает стабильную и безопасную изоляцию грудных мышц. Отлично подходит для начинающих и людей с проблемами плеч.",beginner,strength-isolation,chest,weight-reps,gym,6,75,true,NSCA,2.0.0,2024-01-15T10:00:00Z,2024-01-15T10:00:00Z,"{""tags"":[""upper-body"",""strength"",""isolation"",""chest"",""machine"",""fly"",""safe""],""estimatedDuration"":300,""caloriesPerMinute"":6,""searchKeywords"":[""пек дек"",""pec deck"",""грудь"",""тренажер"",""безопасно""]}"
cable-crossover-low-to-high,strength,Кроссовер снизу вверх,"Изолирующее упражнение для грудных мышц с акцентом на верхнюю часть груди. Выполняется стоя с использованием кроссовера, где кабели установлены в нижнем положении. Обеспечивает постоянное натяжение и отлично прорабатывает верхнюю часть грудных мышц.",intermediate,strength-isolation,chest,weight-reps,gym,6,80,true,NSCA,2.0.0,2024-01-15T10:00:00Z,2024-01-15T10:00:00Z,"{""tags"":[""upper-body"",""strength"",""isolation"",""chest"",""cable"",""fly"",""upper-chest""],""estimatedDuration"":300,""caloriesPerMinute"":7,""searchKeywords"":[""кроссовер снизу"",""cable crossover low"",""грудь верх"",""кабели"",""верхняя часть""]}"
dumbbell-pullover,strength,Пуловер с гантелью,"Изолирующее упражнение для грудных мышц и широчайших с акцентом на растяжение и расширение грудной клетки. Выполняется лежа на скамье с гантелью, держа ее обеими руками. Отлично подходит для развития грудных мышц и улучшения осанки.",intermediate,strength-isolation,chest,weight-reps,gym,6,75,true,NSCA,2.0.0,2024-01-15T10:00:00Z,2024-01-15T10:00:00Z,"{""tags"":[""upper-body"",""strength"",""isolation"",""chest"",""pullover"",""stretch""],""estimatedDuration"":300,""caloriesPerMinute"":6,""searchKeywords"":[""пуловер"",""dumbbell pullover"",""грудь"",""растяжение"",""широчайшие""]}"
resistance-band-fly,strength,Разведение с резиновыми лентами,"Домашнее изолирующее упражнение для грудных мышц с использованием резиновых лент. Выполняется стоя или сидя с лентами, обеспечивающими постоянное натяжение. Отлично подходит для домашних тренировок, восстановления и начинающих.",beginner,strength-isolation,chest,bodyweight-reps,home,0,65,true,NSCA,2.0.0,2024-01-15T10:00:00Z,2024-01-15T10:00:00Z,"{""tags"":[""upper-body"",""strength"",""isolation"",""chest"",""fly"",""home-workout"",""beginner-friendly""],""estimatedDuration"":240,""caloriesPerMinute"":5,""searchKeywords"":[""разведение ленты"",""resistance band fly"",""грудь"",""дома"",""резинки""]}"
incline-barbell-bench-press,strength,Жим штанги лежа на наклонной скамье,"Классическое базовое упражнение для развития верхней части грудных мышц, передних дельт и трицепсов. Выполняется лежа на наклонной скамье под углом 30-45 градусов со штангой. Позволяет работать с большими весами и обеспечивает максимальное развитие силы верха груди. Отлично дополняет горизонтальный жим для полного развития грудных мышц.",intermediate,strength-compound,chest,weight-reps,gym,6,85,true,NSCA,2.0.0,2024-01-15T10:00:00Z,2024-01-15T10:00:00Z,"{""tags"":[""upper-body"",""strength"",""compound"",""gym-equipment"",""incline""],""estimatedDuration"":300,""caloriesPerMinute"":10,""searchKeywords"":[""жим штанги наклон"",""incline barbell bench press"",""верх груди"",""пекторальные"",""наклонная скамья"",""barbell incline press"",""жим наклон""]}"
decline-barbell-bench-press,strength,Жим штанги лежа на скамье с отрицательным наклоном,"Классическое базовое упражнение для развития нижней части грудных мышц, передних дельт и трицепсов. Выполняется лежа на скамье с отрицательным наклоном -15 градусов со штангой. Позволяет работать с большими весами и обеспечивает максимальное развитие силы низа груди. Отлично дополняет горизонтальный и наклонный жим для полного развития грудных мышц.",intermediate,strength-compound,chest,weight-reps,gym,6,82,true,NSCA,2.0.0,2024-01-15T10:00:00Z,2024-01-15T10:00:00Z,"{""tags"":[""upper-body"",""strength"",""compound"",""gym-equipment"",""decline""],""estimatedDuration"":300,""caloriesPerMinute"":10,""searchKeywords"":[""жим штанги decline"",""decline barbell bench press"",""низ груди"",""пекторальные"",""отрицательный наклон"",""barbell decline press"",""жим наклон вниз""]}"
close-grip-push-ups,strength,Отжимания с узкой постановкой рук,"Базовое упражнение с собственным весом для развития трицепсов, внутренней части грудных мышц и передних дельт. Выполняется в планке с узкой постановкой рук (на ширине плеч или уже). Узкий хват создает больший акцент на трицепсах по сравнению с обычными отжиманиями, делая упражнение более сложным и эффективным для развития силы рук и груди. Отлично подходит для домашних тренировок.",intermediate,strength-compound,chest,bodyweight-reps,both,3,80,true,NSCA,2.0.0,2024-01-15T10:00:00Z,2024-01-15T10:00:00Z,"{""tags"":[""upper-body"",""strength"",""beginner-friendly"",""home-workout"",""no-equipment"",""triceps-focus""],""estimatedDuration"":240,""caloriesPerMinute"":7,""searchKeywords"":[""отжимания узким хватом"",""close grip push-ups"",""close-grip pushups"",""трицепс"",""внутренняя часть груди"",""narrow push-ups"",""трицепсовые отжимания""]}"
wide-grip-push-ups,strength,Отжимания с широкой постановкой рук,"Базовое упражнение с собственным весом для развития грудных мышц, передних дельт и трицепсов. Выполняется в планке с широкой постановкой рук (значительно шире плеч). Широкий хват создает больший акцент на грудные мышцы по сравнению с обычными отжиманиями, делая упражнение более легким для трицепсов, но требующим хорошей гибкости плеч. Отлично подходит для начинающих и домашних тренировок, так как позволяет выполнять больше повторений за счет меньшей нагрузки на трицепсы.",beginner,strength-compound,chest,bodyweight-reps,both,0,85,true,NSCA,2.0.0,2024-01-15T10:00:00Z,2024-01-15T10:00:00Z,"{""tags"":[""upper-body"",""strength"",""beginner-friendly"",""home-workout"",""no-equipment"",""chest-focus""],""estimatedDuration"":240,""caloriesPerMinute"":7,""searchKeywords"":[""отжимания широким хватом"",""wide grip push-ups"",""wide-grip pushups"",""грудь"",""пекторальные"",""широкая постановка рук"",""chest push-ups""]}"
decline-push-ups,strength,Отжимания с наклоном - ноги на возвышении,"Продвинутое упражнение с собственным весом для развития верхней части грудных мышц, передних дельт и трицепсов. Выполняется в планке с ногами, расположенными на возвышении (скамья, стул, платформа). Наклон увеличивает нагрузку на верхнюю часть груди и плечи, усложняя упражнение по сравнению с классическими отжиманиями. Требует хорошей стабильности корпуса и силы верхней части тела. Отлично подходит для домашних тренировок и прогрессии от базовых отжиманий.",intermediate,strength-compound,chest,bodyweight-reps,both,3,82,true,NSCA,2.0.0,2024-01-15T10:00:00Z,2024-01-15T10:00:00Z,"{""tags"":[""upper-body"",""strength"",""bodyweight"",""home-workout"",""intermediate-friendly"",""chest-upper""],""estimatedDuration"":240,""caloriesPerMinute"":8,""searchKeywords"":[""отжимания наклон"",""decline push-ups"",""decline pushups"",""верх груди"",""пекторальные"",""ноги на возвышении"",""incline push-ups"",""отжимания с наклоном""]}"
incline-push-ups,strength,Отжимания с наклоном - руки на возвышении,"Базовое упражнение с собственным весом для развития грудных мышц, передних дельт и трицепсов. Выполняется в планке с постановкой рук на возвышенность (скамья, стул, платформа). Упрощенная версия классических отжиманий за счет уменьшения нагрузки благодаря углу наклона. Отлично подходит для начинающих, людей с ограниченными возможностями и прогрессии к полноценным отжиманиям от пола.",beginner,strength-compound,chest,bodyweight-reps,both,0,80,true,NSCA,2.0.0,2024-01-15T10:00:00Z,2024-01-15T10:00:00Z,"{""tags"":[""upper-body"",""strength"",""beginner-friendly"",""home-workout"",""no-equipment"",""bodyweight""],""estimatedDuration"":180,""caloriesPerMinute"":5,""searchKeywords"":[""отжимания с наклоном"",""incline push-ups"",""incline pushups"",""руки на возвышении"",""hands elevated"",""грудь"",""пекторальные"",""упрощенные отжимания""]}"
plyometric-push-ups,strength,Плиометрические отжимания,"Продвинутое упражнение с собственным весом для развития взрывной силы, мощности и скорости грудных мышц, передних дельт и трицепсов. Выполняется в планке с мощным взрывным отталкиванием от пола, подъемом корпуса вверх и отрывом рук от земли. Требует высокой координации, контроля и стабильности корпуса для безопасного выполнения. Отлично подходит для спортсменов и продвинутых любителей фитнеса, стремящихся развить взрывную силу верхней части тела. Также известны как отжимания с хлопком, но базовый вариант выполняется без хлопка.",advanced,plyometric,chest,bodyweight-reps,both,6,75,true,NSCA,2.0.0,2024-01-15T10:00:00Z,2024-01-15T10:00:00Z,"{""tags"":[""upper-body"",""strength"",""advanced-only"",""home-workout"",""bodyweight"",""plyometric"",""explosive""],""estimatedDuration"":180,""caloriesPerMinute"":12,""searchKeywords"":[""плиометрические отжимания"",""plyometric push-ups"",""взрывные отжимания"",""explosive push-ups"",""plyo"",""power push-ups"",""отжимания с отрывом рук"",""грудь"",""взрывная сила""]}"
ring-push-ups,strength,Отжимания на кольцах,"Продвинутое упражнение с собственным весом для развития грудных мышц, передних дельт, трицепсов и стабилизаторов корпуса с использованием гимнастических колец. Нестабильность колец требует значительно большего контроля, координации и силы стабилизирующих мышц по сравнению с классическими отжиманиями. Отлично подходит для спортсменов, гимнастов и продвинутых любителей фитнеса, стремящихся развить функциональную силу и стабильность верхней части тела.",advanced,strength-compound,chest,bodyweight-reps,both,12,70,true,NSCA,2.0.0,2024-01-15T10:00:00Z,2024-01-15T10:00:00Z,"{""tags"":[""upper-body"",""strength"",""advanced-only"",""bodyweight"",""unstable""],""estimatedDuration"":300,""caloriesPerMinute"":9,""searchKeywords"":[""отжимания на кольцах"",""ring push-ups"",""gymnastic rings push-ups"",""кольца"",""rings"",""гимнастические кольца"",""нестабильная поверхность"",""unstable surface"",""продвинутые отжимания"",""advanced push-ups""]}"
dumbbell-press-neutral-grip,strength,Жим гантелей с нейтральным хватом,"Базовое силовое упражнение для развития грудных мышц, трицепсов и передних дельт с использованием нейтрального хвата (ладони направлены друг к другу). Выполняется лежа на горизонтальной скамье с гантелями в нейтральном положении. Нейтральный хват снижает нагрузку на плечевые суставы по сравнению с классическим жимом, акцентируя работу трицепсов и внутренней части груди. Отлично подходит для людей с проблемами плеч и дополняет традиционные жимы для полного развития мышц верхней части тела.",intermediate,strength-compound,chest,weight-reps,gym,6,78,true,NSCA,2.0.0,2024-01-15T10:00:00Z,2024-01-15T10:00:00Z,"{""tags"":[""upper-body"",""strength"",""compound"",""gym-equipment"",""neutral-grip"",""shoulder-friendly""],""estimatedDuration"":300,""caloriesPerMinute"":8,""searchKeywords"":[""жим гантелей нейтральный хват"",""dumbbell press neutral grip"",""нейтральный хват"",""neutral grip press"",""молотковый хват"",""hammer grip"",""грудь"",""трицепс"",""плечи безопасно""]}"
smith-machine-incline-bench-press,strength,Жим в машине Смита на наклонной скамье,"Безопасное базовое упражнение для развития верхней части грудных мышц, передних дельт и трицепсов. Выполняется лежа на наклонной скамье под углом 30-45 градусов в машине Смита с фиксированной вертикальной траекторией движения штанги. Отлично подходит для тренировок без страховщика и позволяет сосредоточиться на технике выполнения. Обеспечивает стабильную нагрузку на верхнюю часть грудных мышц, плечи и трицепсы с контролируемым движением и акцентом на верх груди.",intermediate,strength-compound,chest,weight-reps,gym,6,77,true,NSCA,2.0.0,2024-01-15T10:00:00Z,2024-01-15T10:00:00Z,"{""tags"":[""upper-body"",""strength"",""compound"",""gym-equipment"",""machine"",""safe"",""no-spotter"",""incline"",""chest-upper""],""estimatedDuration"":300,""caloriesPerMinute"":8,""searchKeywords"":[""жим в смита наклон"",""smith machine incline press"",""машина смита наклон"",""жим наклонная скамья смит"",""incline smith machine"",""верх груди смит"",""верхняя часть груди машина смита"",""smith incline bench press""]}"
smith-machine-decline-bench-press,strength,Жим в машине Смита на скамье с отрицательным наклоном,"Безопасное базовое упражнение для развития нижней части грудных мышц, передних дельт и трицепсов. Выполняется лежа на скамье с отрицательным наклоном -15-30 градусов в машине Смита с фиксированной вертикальной траекторией движения штанги. Отлично подходит для тренировок без страховщика и позволяет сосредоточиться на технике выполнения. Обеспечивает стабильную нагрузку на нижнюю часть грудных мышц, плечи и трицепсы с контролируемым движением и акцентом на низ груди. Положение головой вниз требует особого контроля дыхания и надежной фиксации ног.",intermediate,strength-compound,chest,weight-reps,gym,6,76,true,NSCA,2.0.0,2024-01-15T10:00:00Z,2024-01-15T10:00:00Z,"{""tags"":[""upper-body"",""strength"",""compound"",""gym-equipment"",""machine"",""safe"",""no-spotter"",""decline"",""chest-lower""],""estimatedDuration"":300,""caloriesPerMinute"":8,""searchKeywords"":[""жим в смита decline"",""smith machine decline press"",""машина смита отрицательный наклон"",""жим decline скамья смит"",""decline smith machine"",""низ груди смит"",""нижняя часть груди машина смита"",""smith decline bench press"",""жим наклон вниз смит""]}"
cable-crossover-high-to-low,strength,Кроссовер сверху вниз,"Изолирующее упражнение для грудных мышц с акцентом на нижнюю часть груди. Выполняется стоя с использованием кроссовера, где кабели установлены в верхнем положении. Движение выполняется сверху вниз и внутрь, обеспечивая постоянное натяжение на протяжении всей амплитуды и отлично прорабатывая нижнюю часть грудных мышц. Требует хорошей стабильности корпуса и контроля движения.",intermediate,strength-isolation,chest,weight-reps,gym,6,80,true,NSCA,2.0.0,2024-01-15T10:00:00Z,2024-01-15T10:00:00Z,"{""tags"":[""upper-body"",""strength"",""isolation"",""chest"",""cable"",""fly"",""chest-lower""],""estimatedDuration"":300,""caloriesPerMinute"":7,""searchKeywords"":[""кроссовер сверху"",""cable crossover high"",""грудь низ"",""кабели"",""нижняя часть"",""cable crossover high to low"",""кроссовер сверху вниз""]}"
one-arm-push-up,strength,Отжимания на одной руке,"Продвинутое упражнение с собственным весом для развития максимальной силы грудных мышц, трицепсов, передних дельт и стабилизаторов корпуса. Выполняется в планке с опорой на одну руку, вторая рука за спиной. Широкая постановка ног необходима для стабильности и предотвращения ротации корпуса. Требует исключительной силы кора, стабильности и координации для правильного выполнения.",advanced,strength-compound,chest,bodyweight-reps,both,6,70,true,NSCA,2.0.0,2024-01-15T10:00:00Z,2024-01-15T10:00:00Z,"{""tags"":[""upper-body"",""strength"",""bodyweight"",""advanced-only"",""home-workout""],""estimatedDuration"":300,""caloriesPerMinute"":10,""searchKeywords"":[""отжимания на одной руке"",""one arm push up"",""single arm push up"",""односторонние отжимания"",""продвинутые отжимания"",""упражнение для груди"",""single arm pushup""]}"
hammer-chest-press-one-arm,strength,Жим в хаммере одной рукой,"Продвинутое силовое упражнение для развития грудных мышц, передних дельт и трицепсов с акцентом на одностороннюю работу и стабилизацию корпуса. Выполняется одной рукой на рычажном тренажере Хаммер (Hammer Strength) с независимыми рукоятками. Односторонняя работа развивает функциональную силу, улучшает межмышечную координацию и выявляет дисбалансы между сторонами тела. Требует хорошей стабильности корпуса и контроля движения для предотвращения компенсаций и ротации. Отлично дополняет двусторонние жимы для полного развития мышц верхней части тела.",advanced,strength-compound,chest,weight-reps,gym,6,72,true,NSCA,2.0.0,2024-01-15T10:00:00Z,2024-01-15T10:00:00Z,"{""tags"":[""upper-body"",""strength"",""compound"",""gym-equipment"",""machine"",""one-arm"",""unilateral""],""estimatedDuration"":300,""caloriesPerMinute"":8,""searchKeywords"":[""жим в хаммере одной рукой"",""hammer chest press one arm"",""односторонний жим"",""single arm chest press"",""hammer strength"",""односторонняя работа"",""unilateral chest press""]}"
cable-pullover,strength,Пуловер с кабелем,"Изолирующее упражнение для развития широчайших мышц и грудных мышц с акцентом на растяжение и расширение грудной клетки. Выполняется стоя с использованием блочного тренажера с кабелем в верхнем положении. Постоянное натяжение кабеля обеспечивает равномерную нагрузку на всем протяжении амплитуды движения, что превосходит версию с гантелей. Отлично развивает ширину и толщину спины, улучшает осанку и дополняет базовые тяговые упражнения для полного развития верхней части тела.",intermediate,strength-isolation,back,weight-reps,gym,6,78,true,NSCA,2.0.0,2024-01-15T10:00:00Z,2024-01-15T10:00:00Z,"{""tags"":[""upper-body"",""strength"",""isolation"",""cable"",""gym-equipment"",""pullover"",""intermediate-friendly""],""estimatedDuration"":300,""caloriesPerMinute"":6,""searchKeywords"":[""пуловер с кабелем"",""cable pullover"",""пуловер кабель"",""pullover cable"",""широчайшие"",""lats"",""грудь"",""chest"",""растяжение"",""stretch"",""блочный тренажер"",""cable machine"",""пуловер"",""upper chest"",""верхняя часть груди""]}"
dumbbell-fly-decline-bench,strength,Разведение гантелей на скамье с отрицательным наклоном,"Изолирующее упражнение для развития грудных мышц с акцентом на нижнюю часть груди. Выполняется на скамье с отрицательным наклоном -15-30 градусов с разведением гантелей по широкой дуге. Более сложное упражнение, требующее хорошего контроля и координации. Отлично дополняет горизонтальные и наклонные разведения для полного развития груди. Положение головой вниз требует особого контроля дыхания и надежной фиксации ног.",intermediate,strength-isolation,chest,weight-reps,gym,6,78,true,NSCA,2.0.0,2024-01-15T10:00:00Z,2024-01-15T10:00:00Z,"{""tags"":[""upper-body"",""strength"",""isolation"",""chest"",""fly"",""decline"",""chest-lower""],""estimatedDuration"":300,""caloriesPerMinute"":6,""searchKeywords"":[""разведение гантелей decline"",""dumbbell fly decline"",""разведение отрицательный наклон"",""decline fly"",""низ груди"",""изоляция"",""наклонная скамья вниз"",""decline bench fly"",""lower chest fly"",""нижняя часть груди""]}"
weighted-push-ups,strength,Отжимания с весом,"Продвинутое упражнение с собственным весом и дополнительным отягощением для развития максимальной силы и массы грудных мышц, передних дельт и трицепсов. Выполняется в планке с опусканием и подъемом тела с использованием жилета-утяжелителя или пояса для отягощений. Дополнительный вес значительно увеличивает нагрузку на мышцы верхней части тела, делая упражнение более эффективным для развития силы и массы по сравнению с обычными отжиманиями. Требует хорошей базовой силы и правильной техники выполнения классических отжиманий. Отлично подходит для прогрессии от базовых отжиманий и развития функциональной силы верхней части тела.",intermediate,strength-compound,chest,weight-reps,both,3,82,true,NSCA,2.0.0,2024-01-15T10:00:00Z,2024-01-15T10:00:00Z,"{""tags"":[""upper-body"",""strength"",""compound"",""bodyweight"",""home-workout"",""intermediate-friendly"",""weighted""],""estimatedDuration"":300,""caloriesPerMinute"":9,""searchKeywords"":[""отжимания с весом"",""weighted push-ups"",""weighted pushups"",""отжимания с отягощением"",""push-ups with weight"",""отжимания с жилетом"",""weighted push-up"",""push-ups weighted"",""отягощенные отжимания""]}"
dumbbell-bench-press-alternating-floor,strength,Жим гантелей (поочередно) лежа на полу,"Промежуточное силовое упражнение для развития грудных мышц, трицепсов и передних дельт с акцентом на одностороннюю работу и стабилизацию корпуса. Выполняется лежа на полу с поочередным жимом гантелей. Положение на полу ограничивает диапазон движения, обеспечивая безопасность для плечевых суставов и уменьшая риск травм. Поочередное выполнение требует активной работы кора для предотвращения ротации позвоночника, что делает упражнение отличным инструментом для развития функциональной силы и улучшения межмышечной координации. Увеличивает сложность за счет односторонней работы и требований к стабилизации. Отлично подходит для прогрессии от базового жима гантелей.",intermediate,strength-compound,chest,weight-reps,both,6,72,true,NSCA,2.0.0,2024-01-15T10:00:00Z,2024-01-15T10:00:00Z,"{""tags"":[""upper-body"",""strength"",""intermediate-friendly"",""home-workout"",""shoulder-friendly"",""unilateral""],""estimatedDuration"":300,""caloriesPerMinute"":8,""searchKeywords"":[""жим гантелей поочередно"",""alternating dumbbell press floor"",""поочередный жим"",""one arm dumbbell press"",""грудь"",""floor press"",""лежа на полу""]}"
alternating-dumbbell-bench-press,strength,Жим гантелей (поочередно) лежа на горизонтальной скамье,"Промежуточное силовое упражнение для развития грудных мышц, трицепсов и передних дельт с акцентом на одностороннюю работу и стабилизацию корпуса. Выполняется лежа на горизонтальной скамье с поочередным жимом гантелей. Увеличенный диапазон движения на скамье по сравнению с версией на полу требует большей стабилизации и контроля, что делает упражнение более сложным и эффективным для развития функциональной силы, межмышечной координации и выявления мышечных дисбалансов. Поочередное выполнение требует активной работы кора для предотвращения ротации позвоночника на протяжении всей амплитуды движения. Отлично подходит для прогрессии от жима гантелей поочередно на полу и развития функциональной силы верхней части тела.",intermediate,strength-compound,chest,weight-reps,gym,6,74,true,NSCA,2.0.0,2024-01-15T10:00:00Z,2024-01-15T10:00:00Z,"{""tags"":[""upper-body"",""strength"",""intermediate-friendly"",""gym-equipment"",""unilateral"",""core""],""estimatedDuration"":300,""caloriesPerMinute"":8,""searchKeywords"":[""жим гантелей поочередно скамья"",""alternating dumbbell bench press"",""alternating dumbbell press bench"",""поочередный жим гантелей"",""one arm dumbbell bench press"",""грудь"",""bench press alternating"",""лежа на скамье"",""unilateral bench press""]}"
incline-alternating-dumbbell-press,strength,Жим гантелей (поочередно) лежа на наклонной скамье,"Промежуточное силовое упражнение для развития верхней части грудных мышц, трицепсов и передних дельт с акцентом на одностороннюю работу и стабилизацию корпуса. Выполняется на скамье с положительным наклоном 30-45 градусов с поочередным жимом гантелей. Увеличенный диапазон движения на наклонной скамье требует большей стабилизации и контроля по сравнению с версией на горизонтальной скамье, что делает упражнение более сложным и эффективным для развития функциональной силы, межмышечной координации и выявления мышечных дисбалансов. Поочередное выполнение требует активной работы кора для предотвращения ротации позвоночника на протяжении всей амплитуды движения. Отлично подходит для прогрессии от жима гантелей поочередно на горизонтальной скамье и развития функциональной силы верхней части тела.",intermediate,strength-compound,chest,weight-reps,gym,6,73,true,NSCA,2.0.0,2024-01-15T10:00:00Z,2024-01-15T10:00:00Z,"{""tags"":[""upper-body"",""strength"",""intermediate-friendly"",""gym-equipment"",""unilateral"",""core"",""chest-upper""],""estimatedDuration"":300,""caloriesPerMinute"":8,""searchKeywords"":[""жим гантелей наклон поочередно"",""incline alternating dumbbell press"",""alternating incline dumbbell press"",""поочередный жим наклон"",""one arm incline dumbbell press"",""верх груди"",""unilateral incline press"",""верхняя часть груди поочередно""]}"
svend-press,strength,Жим Свенда,"Изолирующее упражнение для развития грудных мышц с акцентом на внутреннюю часть груди. Выполняется стоя или сидя путем сжатия диска от штанги (весовой пластины) между ладонями перед грудью и выталкивания его вперед. Отлично подходит для завершения тренировки груди и развития мышечного контроля. Уникальное упражнение, которое создает изометрическое напряжение и изолирует грудные мышцы без использования большого веса.",beginner,strength-isolation,chest,weight-reps,both,0,70,true,NSCA,2.0.0,2024-01-15T10:00:00Z,2024-01-15T10:00:00Z,"{""tags"":[""upper-body"",""strength"",""isolation"",""chest"",""beginner-friendly"",""home-workout""],""estimatedDuration"":240,""caloriesPerMinute"":6,""searchKeywords"":[""жим свенда"",""svend press"",""свенд"",""грудь"",""изоляция"",""пластина"",""squeeze press"",""weight plate press"",""изометрическое напряжение""]}"
neutral-grip-barbell-bench-press,strength,Жим штанги с нейтральным хватом,"Базовое силовое упражнение для развития грудных мышц, трицепсов и передних дельт с использованием швейцарского грифа (swiss-bar) с нейтральным хватом. Выполняется лежа на горизонтальной скамье со штангой, где ладони направлены друг к другу, а не вперед или назад. Нейтральный хват обеспечивает более естественное положение плечевых суставов и запястий, снижая нагрузку на них по сравнению с классическим жимом штанги. Это делает упражнение безопасной альтернативой для людей с проблемами плеч, при этом обеспечивая больший акцент на трицепсы и внутреннюю часть груди. Швейцарский гриф с параллельными рукоятками идеально подходит для этого движения, обеспечивая комфортный и безопасный нейтральный хват. Отлично дополняет классический жим штанги для полного развития мышц верхней части тела и является отличным выбором для тренировок без страховщика благодаря более безопасной биомеханике.",intermediate,strength-compound,chest,weight-reps,gym,6,77,true,NSCA,2.0.0,2024-01-15T10:00:00Z,2024-01-15T10:00:00Z,"{""tags"":[""upper-body"",""strength"",""compound"",""gym-equipment"",""shoulder-friendly""],""estimatedDuration"":300,""caloriesPerMinute"":8,""searchKeywords"":[""жим штанги нейтральный хват"",""neutral grip barbell bench press"",""swiss bar bench press"",""швейцарский гриф"",""нейтральный хват"",""молотковый хват"",""hammer grip press"",""плечи безопасно"",""трицепс акцент"",""грудь внутренняя часть""]}"
kettlebell-floor-press,strength,Жим гири лежа на полу,"Базовое силовое упражнение для развития грудных мышц, трицепсов и передних дельт с использованием гири. Выполняется лежа на полу, что ограничивает диапазон движения и обеспечивает безопасность для плечевых суставов. Положение на полу предотвращает чрезмерное растяжение плеч и снижает риск травм по сравнению с жимом на скамье. Уникальная форма гири требует особого контроля и стабилизации, что делает упражнение отличным инструментом для развития функциональной силы и улучшения межмышечной координации. Отлично подходит для домашних тренировок и людей с проблемами плеч, так как ограниченная амплитуда движения снижает нагрузку на суставы.",intermediate,strength-compound,chest,weight-reps,both,6,75,true,NSCA,2.0.0,2024-01-15T10:00:00Z,2024-01-15T10:00:00Z,"{""tags"":[""upper-body"",""strength"",""compound"",""home-workout"",""shoulder-friendly"",""kettlebell""],""estimatedDuration"":300,""caloriesPerMinute"":8,""searchKeywords"":[""жим гири"",""kettlebell floor press"",""гиря"",""грудь"",""лежа на полу"",""floor press"",""kettlebell press"",""пекторальные""]}"
landmine-press,strength,Жим лэндмайн,"Функциональное силовое упражнение для развития грудных мышц, передних дельт, трицепсов и стабилизаторов корпуса. Выполняется стоя с использованием лэндмайн-установки (штанга, закрепленная одним концом в углу или специальном креплении). Уникальная траектория движения создает естественную дугу, которая снижает нагрузку на плечевые суставы по сравнению с традиционными жимами, при этом активно вовлекая мышцы кора для стабилизации. Отлично подходит для развития функциональной силы, улучшения межмышечной координации и дополняет классические жимы для полного развития мышц верхней части тела.",intermediate,strength-compound,chest,weight-reps,gym,6,75,true,NSCA,2.0.0,2024-01-15T10:00:00Z,2024-01-15T10:00:00Z,"{""tags"":[""upper-body"",""strength"",""compound"",""gym-equipment"",""intermediate-friendly"",""functional"",""core""],""estimatedDuration"":300,""caloriesPerMinute"":8,""searchKeywords"":[""жим лэндмайн"",""landmine press"",""landmine"",""функциональный жим"",""стоя"",""core"",""стабильность"",""грудь"",""плечи""]}"
trx-push-ups,strength,Отжимания в TRX,"Промежуточное упражнение с собственным весом для развития грудных мышц, передних дельт, трицепсов и стабилизаторов корпуса с использованием TRX петель. Нестабильность TRX требует большего контроля, координации и силы стабилизирующих мышц по сравнению с классическими отжиманиями, но проще в освоении, чем отжимания на кольцах. Можно регулировать сложность изменением угла наклона тела - чем ближе к вертикали, тем легче. Отлично подходит для развития функциональной силы, стабильности корпуса и улучшения межмышечной координации. TRX петли можно использовать как дома с дверным якорем, так и в зале.",intermediate,strength-compound,chest,bodyweight-reps,both,6,75,true,NSCA,2.0.0,2024-01-15T10:00:00Z,2024-01-15T10:00:00Z,"{""tags"":[""upper-body"",""strength"",""intermediate-friendly"",""bodyweight"",""unstable"",""functional"",""core""],""estimatedDuration"":300,""caloriesPerMinute"":8,""searchKeywords"":[""отжимания в trx"",""trx push-ups"",""trx pushups"",""trx отжимания"",""suspension trainer push-ups"",""петли trx"",""нестабильная поверхность"",""unstable surface"",""функциональные отжимания"",""functional push-ups"",""trx петли отжимания""]}"
diamond-push-ups,strength,Алмазные отжимания,"Продвинутое упражнение с собственным весом для развития трицепсов, внутренней части грудных мышц и передних дельт. Выполняется в планке с узкой постановкой рук, где большие и указательные пальцы образуют ромб (алмаз). Узкая постановка рук создает максимальный акцент на трицепсы и внутреннюю часть груди, делая упражнение значительно сложнее обычных отжиманий. Требует хорошей силы рук, стабильности корпуса и гибкости запястий. Отлично подходит для домашних тренировок и развития функциональной силы верхней части тела. Увеличивает нагрузку на запястья и локти, поэтому важно соблюдать правильную технику.",intermediate,strength-compound,chest,bodyweight-reps,both,3,78,true,NSCA,2.0.0,2024-01-15T10:00:00Z,2024-01-15T10:00:00Z,"{""tags"":[""upper-body"",""strength"",""intermediate-friendly"",""home-workout"",""no-equipment"",""triceps-focus"",""bodyweight""],""estimatedDuration"":240,""caloriesPerMinute"":7,""searchKeywords"":[""алмазные отжимания"",""diamond push-ups"",""diamond pushups"",""трицепс"",""внутренняя часть груди"",""узкий хват"",""close grip diamond"",""ромб"",""алмаз"",""diamond shape push-ups""]}"
push-ups-with-pause,strength,Отжимания с паузой,"Продвинутое упражнение с собственным весом для развития силы и выносливости грудных мышц, передних дельт и трицепсов. Выполняется в планке с опусканием и подъемом тела, но с обязательной паузой на 2-3 секунды в нижней точке движения. Пауза устраняет рефлекторное сокращение мышц и требует большей силы для начала движения вверх, что делает упражнение значительно сложнее обычных отжиманий. Увеличивает время под напряжением и отлично развивает силу в нижней точке движения. Требует хорошей базовой силы и правильной техники выполнения классических отжиманий. Отлично подходит для домашних тренировок и развития функциональной силы верхней части тела.",intermediate,strength-compound,chest,bodyweight-reps,both,3,80,true,NSCA,2.0.0,2024-01-15T10:00:00Z,2024-01-15T10:00:00Z,"{""tags"":[""upper-body"",""strength"",""intermediate-friendly"",""home-workout"",""no-equipment"",""bodyweight"",""tempo""],""estimatedDuration"":300,""caloriesPerMinute"":8,""searchKeywords"":[""отжимания с паузой"",""push-ups with pause"",""pause push-ups"",""отжимания с задержкой"",""tempo push-ups"",""грудь"",""chest"",""пауза"",""pause"",""time under tension""]}"
archer-push-ups,strength,Отжимания лучника,"Продвинутое упражнение с собственным весом для развития максимальной силы, стабильности и координации грудных мышц, трицепсов, передних дельт и стабилизаторов корпуса. Выполняется в планке с широкой постановкой рук, где вес тела смещается на одну руку, а вторая рука вытягивается в сторону, имитируя натяжение лука. Односторонняя нагрузка создает экстремальные требования к силе рабочей руки, стабильности кора и координации. Требует исключительной силы верхней части тела, развитого кора и хорошей гибкости плечевых суставов. Отлично подходит для спортсменов и продвинутых любителей фитнеса, стремящихся развить функциональную силу, одностороннюю координацию и стабильность корпуса.",advanced,strength-compound,chest,bodyweight-reps,both,6,72,true,NSCA,2.0.0,2024-01-15T10:00:00Z,2024-01-15T10:00:00Z,"{""tags"":[""upper-body"",""strength"",""advanced-only"",""home-workout"",""no-equipment"",""bodyweight"",""unilateral"",""core""],""estimatedDuration"":300,""caloriesPerMinute"":10,""searchKeywords"":[""отжимания лучника"",""archer push-ups"",""archer pushups"",""односторонние отжимания"",""unilateral push-ups"",""грудь"",""chest"",""продвинутые отжимания"",""advanced push-ups"",""лучник"",""archer"",""односторонняя нагрузка""]}"
barbell-floor-press,strength,Жим штанги лежа на полу,"Продвинутое силовое упражнение для развития силы верха груди и трицепсов с ограниченной амплитудой движения. Выполняется лежа на полу, штанга опускается до мягкого касания локтями пола, что уменьшает нагрузку на плечевые суставы и акцентирует усилие в верхней фазе жима. Отлично развивает силу фиксации и завершения жима, используется пауэрлифтерами как безопасное дополнительное упражнение при работе с тяжелыми весами без скамьи.",advanced,strength-compound,chest,weight-reps,gym,9,68,true,NSCA,2.0.0,2025-11-08T10:00:00Z,2025-11-08T10:00:00Z,"{""tags"":[""upper-body"",""strength"",""advanced-only"",""shoulder-friendly"",""gym-equipment""],""estimatedDuration"":300,""caloriesPerMinute"":9,""searchKeywords"":[""жим штанги на полу"",""barbell floor press"",""floor press"",""powerlifting accessory"",""ограниченная амплитуда""],""localizations"":{""en"":{""name"":""Barbell Floor Press"",""description"":""Advanced floor-based barbell press that limits range of motion to emphasize lockout strength while reducing shoulder stress; ideal as a powerlifting accessory for triceps-driven pressing.""}}}"
hammer-strength-chest-press,strength,Жим от груди в тренажёре Хаммер (двусторонний),"Силовое упражнение в тренажёре Hammer Strength, где каждая рукоять движется по независимой траектории. Двусторонний вариант позволяет безопасно развивать силу и массу грудных мышц, передних дельт и трицепсов без необходимости страховщика. Фиксированная траектория и упоры для спины помогают сохранять правильную технику, а независимые рычаги выравнивают дисбаланс между правой и левой стороной.",intermediate,strength-compound,chest,weight-reps,gym,6,80,true,NSCA,2.0.0,2025-11-08T10:15:00Z,2025-11-08T10:15:00Z,"{""tags"":[""upper-body"",""strength"",""machine"",""hammer-strength""],""estimatedDuration"":240,""caloriesPerMinute"":8,""searchKeywords"":[""жим хаммер"",""hammer strength chest press"",""жим от груди тренажер"",""хаммер тренажер""],""localizations"":{""en"":{""name"":""Hammer Strength Chest Press (bilateral)"",""description"":""Machine-based bilateral chest press on Hammer Strength equipment featuring independent lever arms for safe strength development of the chest, shoulders, and triceps without a spotter.""}}}"
standing-cable-crossover-press,strength,Жим в кроссовере стоя,"Функциональный жим для грудных мышц, выполняемый стоя внутри кроссовера в разножке. Постоянное натяжение кабелей позволяет равномерно нагружать грудь по всей амплитуде, одновременно развивая силу трицепсов и передних дельт. Стабилизация корпуса и контроль лопаток делают упражнение отличным выбором для повышения функциональной силы и подготовки к жимам свободным весом.",intermediate,strength-compound,chest,weight-reps,gym,6,76,true,NSCA,2.0.0,2025-11-08T11:00:00Z,2025-11-08T11:00:00Z,"{""tags"":[""upper-body"",""strength"",""compound"",""cable"",""functional""],""estimatedDuration"":300,""caloriesPerMinute"":8,""searchKeywords"":[""жим в кроссовере стоя"",""standing cable crossover press"",""standing cable press"",""кроссовер жим"",""кабельный жим стоя""],""localizations"":{""en"":{""name"":""Standing Cable Crossover Press"",""description"":""Functional cable press performed inside a crossover with a staggered stance, maintaining continuous tension through the chest while challenging shoulder stability and core control.""}}}"
incline-hammer-strength-press,strength,Жим в наклонном тренажере Хаммер,"Силовое упражнение для верхней части грудных мышц, выполняемое в наклонном тренажере Hammer Strength с независимыми рычагами. Зафиксированная спинка и траектория рычагов позволяют безопасно работать с тяжелыми весами без страховщика, сохраняя оптимальный угол плеч и равномерно нагружая грудные мышцы, передние дельты и трицепсы. Наклонная платформа смещает акцент на верх груди, а независимые рычаги устраняют дисбалансы между сторонами и улучшают нейромышечный контроль.",intermediate,strength-compound,chest,weight-reps,gym,6,78,true,NSCA,2.0.0,2025-11-08T12:00:00Z,2025-11-08T12:00:00Z,"{""tags"":[""upper-body"",""strength"",""machine"",""incline"",""hammer-strength""],""estimatedDuration"":270,""caloriesPerMinute"":8,""searchKeywords"":[""жим хаммер наклон"",""incline hammer strength press"",""hammer strength incline chest press"",""наклонный жим тренажер""],""localizations"":{""en"":{""name"":""Incline Hammer Strength Press"",""description"":""Incline Hammer Strength machine press targeting the upper chest with independent lever arms that balance sides, offering controlled heavy loading for the chest, anterior delts, and triceps without a spotter.""}}}"
explosive-medicine-ball-press,strength,Взрывной жим медболом,"Взрывной жим медболом — упражнение на развитие мощности грудных мышц, передних дельт и трицепсов с использованием медицинского мяча. Атлет принимает стойку в полу-приседе, удерживает мяч на уровне груди и за счет мощного выталкивания отправляет его в стену или партнёру. Быстрый цикл «приём–жиме» развивает скоростно-силовые качества, улучшает работу стабилизаторов корпуса и учит эффективно гасить отдачу при ловле. Подходит для спортсменов среднего уровня как подготовительное упражнение к жимам со штангой и игровым видам, требующим мощного паса.",intermediate,strength-compound,chest,weight-reps,both,3,68,true,NSCA,2.0.0,2025-11-08T13:00:00Z,2025-11-08T13:00:00Z,"{""tags"":[""upper-body"",""strength"",""explosive"",""medicine-ball"",""power-training""],""estimatedDuration"":240,""caloriesPerMinute"":9,""searchKeywords"":[""взрывной жим медболом"",""explosive medicine ball chest pass"",""medball chest pass"",""медбол жим"",""medicine ball throw"",""explosive chest press""],""localizations"":{""en"":{""name"":""Explosive Medicine Ball Chest Pass"",""description"":""Explosive medicine-ball chest press that teaches rapid stretch-shortening through a powerful chest pass into a wall or partner. Builds upper-body power, reinforces bracing on the catch, and prepares athletes for high-velocity pressing demands in sport and strength programs.""}}}"
pull-ups-wide-grip,strength,Подтягивания широким хватом,"Классическое базовое упражнение с собственным весом для развития широчайших мышц спины, ромбовидных и средних дельт. Выполняется на турнике с хватом шире плеч (примерно на ширину вытянутых рук в стороны). Широкий хват создает максимальный акцент на широчайшие мышцы и верхнюю часть спины, требуя хорошей гибкости плечевых суставов. Сложнее для бицепсов по сравнению с другими вариантами подтягиваний, что делает его идеальным для развития ширины спины. Отлично подходит для развития мышечной массы и силы верхней части тела.",intermediate,strength-compound,back,bodyweight-reps,both,3,85,true,NSCA,2.0.0,2025-11-08T14:00:00Z,2025-11-08T14:00:00Z,"{""tags"":[""upper-body"",""strength"",""compound"",""bodyweight"",""back"",""lat-focus""],""estimatedDuration"":240,""caloriesPerMinute"":8,""searchKeywords"":[""подтягивания широким хватом"",""wide grip pull-ups"",""wide-grip pullups"",""широчайшие"",""lats"",""широкий хват"",""pull-up wide"",""chin-up wide""],""localizations"":{""en"":{""name"":""Wide Grip Pull-Ups"",""description"":""Classic bodyweight exercise targeting the latissimus dorsi, rhomboids, and middle deltoids. Performed on a pull-up bar with a grip wider than shoulder-width, maximizing lat activation while requiring good shoulder flexibility.""}}}"
pull-ups-medium-grip,strength,Подтягивания средним хватом,"Базовое упражнение с собственным весом для развития широчайших мышц спины, ромбовидных, бицепсов и средних дельт. Выполняется на турнике с хватом примерно на ширине плеч. Сбалансированная нагрузка делает его идеальным выбором для начинающих, обеспечивая развитие как ширины, так и толщины спины. Средний хват позволяет равномерно распределить нагрузку между широчайшими мышцами и бицепсами, что делает упражнение более универсальным по сравнению с другими вариантами. Отлично подходит для развития общей силы верхней части тела и мышечной массы.",beginner,strength-compound,back,bodyweight-reps,both,0,90,true,NSCA,2.0.0,2025-11-08T14:05:00Z,2025-11-08T14:05:00Z,"{""tags"":[""upper-body"",""strength"",""compound"",""bodyweight"",""beginner-friendly"",""back"",""balanced""],""estimatedDuration"":240,""caloriesPerMinute"":8,""searchKeywords"":[""подтягивания средним хватом"",""medium grip pull-ups"",""pull-ups"",""chin-ups"",""подтягивания"",""средний хват"",""классические подтягивания""],""localizations"":{""en"":{""name"":""Medium Grip Pull-Ups"",""description"":""Fundamental bodyweight exercise for developing latissimus dorsi, rhomboids, biceps, and middle deltoids. Performed with shoulder-width grip, offering balanced muscle activation ideal for beginners.""}}}"
pull-ups-close-grip,strength,Подтягивания узким хватом,"Базовое упражнение с собственным весом для развития широчайших мышц спины, бицепсов, ромбовидных и брахиалиса. Выполняется на турнике с хватом уже ширины плеч (примерно на ширине груди или уже). Узкий хват создает больший акцент на бицепсы и внутреннюю часть спины по сравнению с другими вариантами подтягиваний, что делает его отличным дополнением к широкому хвату для полного развития мышц спины. Увеличивает нагрузку на бицепсы и брахиалис, развивая как силу, так и мышечную массу верхней части тела.",intermediate,strength-compound,back,bodyweight-reps,both,3,82,true,NSCA,2.0.0,2025-11-08T14:10:00Z,2025-11-08T14:10:00Z,"{""tags"":[""upper-body"",""strength"",""compound"",""bodyweight"",""back"",""biceps-focus"",""close-grip""],""estimatedDuration"":240,""caloriesPerMinute"":8,""searchKeywords"":[""подтягивания узким хватом"",""close grip pull-ups"",""close-grip pullups"",""узкий хват"",""бицепс"",""biceps pull-ups"",""narrow grip pull-ups""],""localizations"":{""en"":{""name"":""Close Grip Pull-Ups"",""description"":""Bodyweight exercise emphasizing biceps, brachialis, and inner back muscles. Performed with a grip narrower than shoulder-width, increasing biceps activation compared to wider variations.""}}}"
pull-ups-underhand-grip,strength,Подтягивания обратным хватом,"Базовое упражнение с собственным весом для развития бицепсов, нижней части широчайших мышц спины, ромбовидных и брахиалиса. Выполняется на турнике с обратным хватом (ладони направлены к себе). Обратный хват создает максимальный акцент на бицепсы и нижнюю часть широчайших мышц по сравнению с прямым хватом, что делает его отличным упражнением для развития силы и массы рук и спины. Более легкий вариант по сравнению с подтягиваниями прямым хватом, что делает его доступным для начинающих и отличным прогрессом к классическим подтягиваниям.",beginner,strength-compound,back,bodyweight-reps,both,0,88,true,NSCA,2.0.0,2025-11-08T14:15:00Z,2025-11-08T14:15:00Z,"{""tags"":[""upper-body"",""strength"",""compound"",""bodyweight"",""beginner-friendly"",""back"",""biceps-focus"",""underhand""],""estimatedDuration"":240,""caloriesPerMinute"":8,""searchKeywords"":[""подтягивания обратным хватом"",""underhand pull-ups"",""chin-ups"",""reverse grip pull-ups"",""обратный хват"",""бицепс"",""chin-up""],""localizations"":{""en"":{""name"":""Underhand Grip Pull-Ups (Chin-Ups)"",""description"":""Bodyweight exercise maximizing biceps and lower lat activation. Performed with palms facing toward you, making it more accessible than standard pull-ups while effectively developing arm and back strength.""}}}"
pull-ups-neutral-grip,strength,Подтягивания нейтральным хватом,"Базовое упражнение с собственным весом для развития широчайших мышц спины, бицепсов, ромбовидных и средних дельт. Выполняется на турнике с параллельными рукоятками или на перекладине с нейтральным хватом (ладони направлены друг к другу). Нейтральный хват обеспечивает более естественное положение плечевых и локтевых суставов, снижая нагрузку на них по сравнению с другими вариантами хвата. Это делает упражнение безопасной альтернативой для людей с проблемами плеч или локтей, при этом обеспечивая сбалансированную нагрузку на мышцы спины и рук. Отлично подходит для развития функциональной силы верхней части тела.",intermediate,strength-compound,back,bodyweight-reps,both,3,83,true,NSCA,2.0.0,2025-11-08T14:20:00Z,2025-11-08T14:20:00Z,"{""tags"":[""upper-body"",""strength"",""compound"",""bodyweight"",""back"",""shoulder-friendly"",""neutral-grip"",""balanced""],""estimatedDuration"":240,""caloriesPerMinute"":8,""searchKeywords"":[""подтягивания нейтральным хватом"",""neutral grip pull-ups"",""parallel grip pull-ups"",""hammer grip pull-ups"",""нейтральный хват"",""молотковый хват"",""параллельный хват"",""neutral pull-ups""],""localizations"":{""en"":{""name"":""Neutral Grip Pull-Ups"",""description"":""Bodyweight exercise with palms facing each other, offering natural shoulder and elbow positioning. Ideal for those with joint concerns while providing balanced back and arm development.""}}}"
pull-ups-archer,strength,Подтягивания лучника,"Продвинутое упражнение с собственным весом для развития максимальной силы, стабильности и координации широчайших мышц спины, бицепсов, ромбовидных и стабилизаторов корпуса. Выполняется на турнике с широкой постановкой рук, где вес тела смещается на одну руку, а вторая рука вытягивается в сторону, имитируя натяжение лука. Односторонняя нагрузка создает экстремальные требования к силе рабочей руки, стабильности кора и координации. Требует исключительной силы верхней части тела, развитого кора и хорошей гибкости плечевых суставов. Отлично подходит для спортсменов и продвинутых любителей фитнеса, стремящихся развить функциональную силу, одностороннюю координацию и стабильность корпуса.",advanced,strength-compound,back,bodyweight-reps,both,12,68,true,NSCA,2.0.0,2025-11-08T15:00:00Z,2025-11-08T15:00:00Z,"{""tags"":[""upper-body"",""strength"",""compound"",""bodyweight"",""back"",""advanced-only"",""unilateral"",""core""],""estimatedDuration"":300,""caloriesPerMinute"":10,""searchKeywords"":[""подтягивания лучника"",""archer pull-ups"",""archer pullups"",""односторонние подтягивания"",""unilateral pull-ups"",""спина"",""back"",""продвинутые подтягивания"",""advanced pull-ups"",""лучник"",""archer"",""односторонняя нагрузка""],""localizations"":{""en"":{""name"":""Archer Pull-Ups"",""description"":""Advanced bodyweight exercise with unilateral loading, shifting weight to one arm while extending the other sideways, mimicking an archer's draw. Requires exceptional upper body strength, core stability, and shoulder flexibility.""}}}"
pull-ups-one-arm,strength,Подтягивания на одной руке,"Экспертное упражнение с собственным весом для развития максимальной силы одной руки, широчайших мышц спины, бицепсов и стабилизаторов корпуса. Выполняется на турнике с использованием только одной руки, вторая рука может быть за спиной или вытянута в сторону. Экстремальная односторонняя нагрузка создает максимальные требования к силе рабочей руки, стабильности кора, координации и гибкости плечевых суставов. Требует исключительной силы верхней части тела, развитого кора и отличной техники выполнения. Отлично подходит для опытных спортсменов и экспертов фитнеса, стремящихся развить максимальную функциональную силу и одностороннюю координацию.",expert,strength-compound,back,bodyweight-reps,both,18,65,true,NSCA,2.0.0,2025-11-08T15:05:00Z,2025-11-08T15:05:00Z,"{""tags"":[""upper-body"",""strength"",""compound"",""bodyweight"",""back"",""advanced-only"",""unilateral"",""core"",""expert""],""estimatedDuration"":360,""caloriesPerMinute"":12,""searchKeywords"":[""подтягивания на одной руке"",""one arm pull-up"",""one-arm pull-up"",""single arm pull-up"",""односторонние подтягивания"",""unilateral pull-ups"",""спина"",""back"",""экспертные подтягивания"",""expert pull-ups"",""одна рука"",""single arm""],""localizations"":{""en"":{""name"":""One-Arm Pull-Ups"",""description"":""Expert-level bodyweight exercise performed with a single arm, requiring exceptional upper body strength, core stability, and shoulder flexibility. The ultimate test of unilateral pulling strength.""}}}"
pull-ups-weighted,strength,Подтягивания с отягощением,"Продвинутое упражнение с собственным весом и дополнительным отягощением для развития максимальной силы и массы широчайших мышц спины, бицепсов, ромбовидных и средних дельт. Выполняется на турнике с использованием пояса для отягощений или жилета-утяжелителя. Дополнительный вес значительно увеличивает нагрузку на мышцы верхней части тела, делая упражнение более эффективным для развития силы и массы по сравнению с обычными подтягиваниями. Требует хорошей базовой силы и правильной техники выполнения классических подтягиваний. Отлично подходит для прогрессии от базовых подтягиваний и развития максимальной силы верхней части тела.",advanced,strength-compound,back,weight-reps,both,6,75,true,NSCA,2.0.0,2025-11-08T15:10:00Z,2025-11-08T15:10:00Z,"{""tags"":[""upper-body"",""strength"",""compound"",""bodyweight"",""back"",""advanced-only"",""weighted"",""intermediate-friendly""],""estimatedDuration"":300,""caloriesPerMinute"":9,""searchKeywords"":[""подтягивания с отягощением"",""weighted pull-ups"",""weighted pullups"",""подтягивания с весом"",""pull-ups with weight"",""подтягивания с поясом"",""weighted pull-up"",""pull-ups weighted"",""отягощенные подтягивания"",""dip belt pull-ups""],""localizations"":{""en"":{""name"":""Weighted Pull-Ups"",""description"":""Advanced bodyweight exercise with additional external resistance using a dip belt or weight vest. Significantly increases load on upper body muscles for maximum strength and mass development.""}}}"
pull-ups-l-sit,strength,Подтягивания с L-ситом,"Продвинутое упражнение с собственным весом для развития широчайших мышц спины, бицепсов, ромбовидных, средних дельт и мышц кора одновременно. Выполняется на турнике с удержанием ног в горизонтальном положении перед собой (L-сит) во время подтягивания. Комбинация подтягивания и удержания L-сита создает экстремальные требования к силе верхней части тела, стабильности кора и гибкости задней поверхности бедра. Требует хорошей базовой силы для подтягиваний и развитого кора для удержания ног. Отлично подходит для спортсменов и продвинутых любителей фитнеса, стремящихся развить функциональную силу и координацию верхней части тела и кора.",advanced,strength-compound,back,bodyweight-reps,both,9,70,true,NSCA,2.0.0,2025-11-08T15:15:00Z,2025-11-08T15:15:00Z,"{""tags"":[""upper-body"",""strength"",""compound"",""bodyweight"",""back"",""advanced-only"",""core"",""l-sit""],""estimatedDuration"":300,""caloriesPerMinute"":10,""searchKeywords"":[""подтягивания с l-ситом"",""l-sit pull-ups"",""l sit pull-ups"",""подтягивания с ногами"",""pull-ups with legs"",""l-sit pullup"",""l-sit pullup"",""l-сит подтягивания"",""core pull-ups""],""localizations"":{""en"":{""name"":""L-Sit Pull-Ups"",""description"":""Advanced bodyweight exercise combining pull-ups with L-sit hold, requiring exceptional upper body strength and core stability. Legs are held horizontally in front during the pull-up movement.""}}}"
pull-ups-behind-neck,strength,Подтягивания за голову,"Продвинутое упражнение с собственным весом для развития широчайших мышц спины, ромбовидных, средних дельт и задних дельт. Выполняется на турнике с подтягиванием за голову, а не к груди. Уникальная траектория движения создает акцент на верхнюю часть спины и задние дельты, но требует исключительной гибкости плечевых суставов и правильной техники для безопасного выполнения. Требует хорошей базовой силы для подтягиваний и отличной мобильности плеч. Отлично подходит для спортсменов и продвинутых любителей фитнеса, стремящихся развить верхнюю часть спины и задние дельты. Важно соблюдать правильную технику для предотвращения травм плечевых суставов.",advanced,strength-compound,back,bodyweight-reps,both,9,72,true,NSCA,2.0.0,2025-11-08T15:20:00Z,2025-11-08T15:20:00Z,"{""tags"":[""upper-body"",""strength"",""compound"",""bodyweight"",""back"",""advanced-only"",""shoulder-mobility"",""rear-delts""],""estimatedDuration"":300,""caloriesPerMinute"":9,""searchKeywords"":[""подтягивания за голову"",""behind neck pull-ups"",""behind-neck pull-ups"",""pull-ups behind neck"",""neck pull-ups"",""за головой"",""rear delts"",""задние дельты"",""upper back"",""верхняя часть спины""],""localizations"":{""en"":{""name"":""Behind-the-Neck Pull-Ups"",""description"":""Advanced bodyweight exercise pulling behind the neck instead of to the chest, targeting upper back and rear deltoids. Requires exceptional shoulder flexibility and proper technique for safe execution.""}}}"
explosive-pull-ups,strength,Взрывные подтягивания,"Продвинутое упражнение с собственным весом для развития взрывной силы, мощности и скорости широчайших мышц спины, бицепсов, ромбовидных и средних дельт. Выполняется на турнике с мощным взрывным подтягиванием вверх, поднимая тело выше обычного уровня и создавая максимальную скорость движения. Требует высокой координации, контроля и стабильности корпуса для безопасного выполнения. Отлично подходит для спортсменов и продвинутых любителей фитнеса, стремящихся развить взрывную силу верхней части тела и улучшить спортивные показатели.",advanced,strength-compound,back,bodyweight-reps,both,6,75,true,NSCA,2.0.0,2025-11-08T16:00:00Z,2025-11-08T16:00:00Z,"{""tags"":[""upper-body"",""strength"",""compound"",""bodyweight"",""back"",""advanced-only"",""plyometric"",""explosive""],""estimatedDuration"":240,""caloriesPerMinute"":10,""searchKeywords"":[""взрывные подтягивания"",""explosive pull-ups"",""plyometric pull-ups"",""взрывная сила"",""explosive power"",""power pull-ups"",""clapping pull-ups""],""localizations"":{""en"":{""name"":""Explosive Pull-Ups"",""description"":""Advanced bodyweight exercise for developing explosive power and speed in the latissimus dorsi, biceps, rhomboids, and middle deltoids through powerful upward pulling motion.""}}}"
scapular-retraction-hang,strength,Вис с втягиванием лопаток,"Базовое изометрическое упражнение с собственным весом для развития мышц верхней части спины, особенно ромбовидных, средних трапеций и задних дельт. Выполняется в висе на турнике с активным втягиванием и опусканием лопаток без сгибания рук в локтях. Отлично подходит для начинающих, так как не требует большой силы рук и помогает укрепить мышцы-стабилизаторы лопаток. Является важным подготовительным упражнением для освоения подтягиваний и улучшения осанки.",beginner,strength-isolation,back,isometric-time,both,0,70,true,NSCA,2.0.0,2025-11-08T16:05:00Z,2025-11-08T16:05:00Z,"{""tags"":[""upper-body"",""strength"",""isolation"",""bodyweight"",""back"",""beginner-friendly"",""home-workout"",""posture""],""estimatedDuration"":180,""caloriesPerMinute"":4,""searchKeywords"":[""вис с втягиванием лопаток"",""scapular retraction hang"",""scapular pull"",""втягивание лопаток"",""scapular retraction"",""подготовка к подтягиваниям"",""осанка""],""localizations"":{""en"":{""name"":""Scapular Retraction Hang"",""description"":""Basic isometric exercise targeting upper back muscles, especially rhomboids and middle trapezius, through active scapular retraction while hanging.""}}}"
dead-hang,strength,Мертвый вис,"Базовое изометрическое упражнение с собственным весом для развития силы хвата, предплечий, широчайших мышц спины и стабилизаторов плечевого пояса. Выполняется в пассивном висе на турнике с полностью расслабленными плечами и вытянутыми руками. Отлично подходит для начинающих как подготовительное упражнение перед подтягиваниями, улучшения силы хвата и растяжения позвоночника. Помогает укрепить связки и сухожилия плечевых суставов, улучшить осанку и снять напряжение в спине.",beginner,strength-isolation,back,isometric-time,both,0,75,true,NSCA,2.0.0,2025-11-08T16:10:00Z,2025-11-08T16:10:00Z,"{""tags"":[""upper-body"",""strength"",""isolation"",""bodyweight"",""back"",""beginner-friendly"",""home-workout"",""grip-strength"",""flexibility""],""estimatedDuration"":180,""caloriesPerMinute"":3,""searchKeywords"":[""мертвый вис"",""dead hang"",""passive hang"",""вис на турнике"",""сила хвата"",""grip strength"",""растяжение позвоночника"",""spinal decompression""],""localizations"":{""en"":{""name"":""Dead Hang"",""description"":""Basic isometric exercise for developing grip strength, forearms, and shoulder stability through passive hanging with relaxed shoulders.""}}}"
chest-to-bar-pull-ups,strength,Подтягивания до груди,"Промежуточное упражнение с собственным весом для развития максимальной силы и амплитуды движения широчайших мышц спины, бицепсов, ромбовидных и средних дельт. Выполняется на турнике с подтягиванием до касания грудью перекладины, что требует большей силы и контроля по сравнению с обычными подтягиваниями. Увеличенная амплитуда движения создает большую нагрузку на мышцы спины и рук, делая упражнение более эффективным для развития силы и массы. Требует хорошей базовой силы для обычных подтягиваний и отличной техники выполнения. Отлично подходит для прогрессии от базовых подтягиваний и подготовки к выходу силой.",intermediate,strength-compound,back,bodyweight-reps,both,3,78,true,NSCA,2.0.0,2025-11-08T16:15:00Z,2025-11-08T16:15:00Z,"{""tags"":[""upper-body"",""strength"",""compound"",""bodyweight"",""back"",""intermediate-friendly"",""full-range""],""estimatedDuration"":240,""caloriesPerMinute"":9,""searchKeywords"":[""подтягивания до груди"",""chest to bar pull-ups"",""chest-to-bar pullups"",""полная амплитуда"",""full range pull-ups"",""высокие подтягивания"",""high pull-ups""],""localizations"":{""en"":{""name"":""Chest-to-Bar Pull-Ups"",""description"":""Intermediate bodyweight exercise requiring pulling until the chest touches the bar, demanding greater strength and range of motion than standard pull-ups.""}}}"
muscle-up,strength,Выход силой,"Продвинутое упражнение с собственным весом для развития максимальной силы, координации и взрывной мощи широчайших мышц спины, бицепсов, трицепсов, передних дельт и мышц кора. Выполняется на турнике или кольцах и состоит из двух фаз: мощного подтягивания до уровня груди и последующего перехода в отжимание на перекладине. Требует исключительной силы верхней части тела, координации, гибкости запястий и правильной техники выполнения. Отлично подходит для спортсменов, гимнастов и продвинутых любителей фитнеса, стремящихся развить функциональную силу и освоить одно из самых сложных упражнений с собственным весом.",advanced,strength-compound,back,bodyweight-reps,both,9,80,true,NSCA,2.0.0,2025-11-08T16:20:00Z,2025-11-08T16:20:00Z,"{""tags"":[""upper-body"",""strength"",""compound"",""bodyweight"",""back"",""advanced-only"",""gymnastic"",""functional""],""estimatedDuration"":300,""caloriesPerMinute"":11,""searchKeywords"":[""выход силой"",""muscle-up"",""muscle up"",""выход на турнике"",""bar muscle-up"",""ring muscle-up"",""гимнастика"",""gymnastic movement""],""localizations"":{""en"":{""name"":""Muscle-Up"",""description"":""Advanced bodyweight exercise combining a pull-up with a dip transition, requiring exceptional upper body strength, coordination, and explosive power.""}}}"
pull-ups-rings,strength,Подтягивания на кольцах,"Продвинутое упражнение с собственным весом для развития широчайших мышц спины, бицепсов, ромбовидных, средних дельт и стабилизаторов корпуса с использованием гимнастических колец. Нестабильность колец требует значительно большего контроля, координации и силы стабилизирующих мышц по сравнению с подтягиваниями на турнике. Отлично подходит для спортсменов, гимнастов и продвинутых любителей фитнеса, стремящихся развить функциональную силу, стабильность и координацию верхней части тела. Требует хорошей базовой силы для обычных подтягиваний и отличной техники выполнения.",advanced,strength-compound,back,bodyweight-reps,both,6,75,true,NSCA,2.0.0,2025-11-08T17:00:00Z,2025-11-08T17:00:00Z,"{""tags"":[""upper-body"",""strength"",""compound"",""bodyweight"",""back"",""advanced-only"",""unstable"",""gymnastic""],""estimatedDuration"":300,""caloriesPerMinute"":9,""searchKeywords"":[""подтягивания на кольцах"",""ring pull-ups"",""gymnastic rings pull-ups"",""кольца"",""rings"",""гимнастические кольца"",""нестабильная поверхность"",""unstable surface"",""продвинутые подтягивания"",""advanced pull-ups""],""localizations"":{""en"":{""name"":""Ring Pull-Ups"",""description"":""Advanced bodyweight exercise targeting latissimus dorsi, biceps, rhomboids, and middle deltoids using gymnastic rings. The instability of rings requires significantly greater control, coordination, and stabilizing muscle strength compared to bar pull-ups.""}}}"
pull-ups-rings-wide-grip,strength,Подтягивания широким хватом на кольцах,"Продвинутое упражнение с собственным весом для развития широчайших мышц спины, ромбовидных и средних дельт с использованием гимнастических колец и широкого хвата. Широкий хват на нестабильных кольцах создает максимальный акцент на широчайшие мышцы и верхнюю часть спины, требуя исключительной гибкости плечевых суставов и контроля стабильности. Нестабильность колец значительно усложняет упражнение по сравнению с подтягиваниями широким хватом на турнике, требуя большего контроля и координации. Отлично подходит для спортсменов, гимнастов и продвинутых любителей фитнеса, стремящихся развить функциональную силу и стабильность верхней части тела.",advanced,strength-compound,back,bodyweight-reps,both,9,70,true,NSCA,2.0.0,2025-11-08T17:05:00Z,2025-11-08T17:05:00Z,"{""tags"":[""upper-body"",""strength"",""compound"",""bodyweight"",""back"",""advanced-only"",""unstable"",""gymnastic"",""lat-focus""],""estimatedDuration"":300,""caloriesPerMinute"":9,""searchKeywords"":[""подтягивания широким хватом на кольцах"",""wide grip ring pull-ups"",""ring pull-ups wide"",""кольца широкий хват"",""rings wide grip"",""широчайшие кольца"",""lats rings"",""продвинутые подтягивания"",""advanced pull-ups""],""localizations"":{""en"":{""name"":""Wide Grip Ring Pull-Ups"",""description"":""Advanced bodyweight exercise targeting latissimus dorsi, rhomboids, and middle deltoids using gymnastic rings with a wide grip. The combination of wide grip and ring instability creates maximum emphasis on the lats and upper back.""}}}"
trx-row-standing,strength,Тяга в TRX стоя,"Промежуточное упражнение с собственным весом для развития широчайших мышц спины, ромбовидных, средних дельт, бицепсов и стабилизаторов корпуса с использованием TRX петель. Выполняется стоя с наклоном корпуса назад, подтягивая тело к рукояткам TRX. Нестабильность TRX требует большего контроля, координации и силы стабилизирующих мышц по сравнению с тягой на тренажере. Можно регулировать сложность изменением угла наклона тела - чем ближе к вертикали, тем легче. Отлично подходит для развития функциональной силы, стабильности корпуса и улучшения межмышечной координации. TRX петли можно использовать как дома с дверным якорем, так и в зале.",intermediate,strength-compound,back,bodyweight-reps,both,3,80,true,NSCA,2.0.0,2025-11-08T17:10:00Z,2025-11-08T17:10:00Z,"{""tags"":[""upper-body"",""strength"",""compound"",""bodyweight"",""back"",""intermediate-friendly"",""unstable"",""functional"",""core""],""estimatedDuration"":300,""caloriesPerMinute"":8,""searchKeywords"":[""тяга в trx стоя"",""trx row standing"",""trx тяга"",""suspension trainer row"",""петли trx тяга"",""нестабильная поверхность"",""unstable surface"",""функциональная тяга"",""functional row""],""localizations"":{""en"":{""name"":""TRX Row Standing"",""description"":""Intermediate bodyweight exercise targeting latissimus dorsi, rhomboids, middle deltoids, biceps, and core stabilizers using TRX suspension trainer. Performed standing with body leaning back, pulling body toward TRX handles.""}}}"
trx-pull-ups-assisted,strength,Подтягивания в TRX с поддержкой,"Базовое упражнение с собственным весом для развития широчайших мышц спины, бицепсов, ромбовидных и средних дельт с использованием TRX петель. Выполняется в висе с ногами на земле, что создает поддержку и облегчает выполнение упражнения. Нестабильность TRX требует большего контроля и координации по сравнению с подтягиваниями на турнике, но поддержка ногами делает упражнение доступным для начинающих. Можно регулировать сложность изменением угла наклона тела - чем вертикальнее, тем легче. Отлично подходит для начинающих как подготовительное упражнение перед полноценными подтягиваниями и развития функциональной силы верхней части тела.",beginner,strength-compound,back,bodyweight-reps,both,0,85,true,NSCA,2.0.0,2025-11-08T17:15:00Z,2025-11-08T17:15:00Z,"{""tags"":[""upper-body"",""strength"",""compound"",""bodyweight"",""back"",""beginner-friendly"",""unstable"",""functional"",""assisted""],""estimatedDuration"":240,""caloriesPerMinute"":7,""searchKeywords"":[""подтягивания в trx с поддержкой"",""trx assisted pull-ups"",""trx pull-ups assisted"",""suspension trainer pull-ups"",""петли trx подтягивания"",""нестабильная поверхность"",""unstable surface"",""функциональные подтягивания"",""functional pull-ups"",""поддержка ногами""],""localizations"":{""en"":{""name"":""TRX Assisted Pull-Ups"",""description"":""Beginner-friendly bodyweight exercise targeting latissimus dorsi, biceps, rhomboids, and middle deltoids using TRX suspension trainer. Performed hanging with feet on ground, providing assistance and making the exercise accessible for beginners.""}}}"
lat-pulldown-wide-grip,strength,Тяга верхнего блока широким хватом,"Классическое базовое упражнение для развития широчайших мышц спины, ромбовидных и средних дельт. Выполняется сидя на тренажере верхней тяги с хватом шире плеч (примерно на ширину вытянутых рук в стороны). Широкий хват создает максимальный акцент на широчайшие мышцы и верхнюю часть спины, требуя хорошей гибкости плечевых суставов. Сложнее для бицепсов по сравнению с другими вариантами тяги, что делает его идеальным для развития ширины спины. Отлично подходит для развития мышечной массы и силы верхней части тела, а также является безопасной альтернативой подтягиваниям для тех, кто еще не может выполнять их с собственным весом.",intermediate,strength-compound,back,weight-reps,gym,3,88,true,NSCA,2.0.0,2025-11-08T18:00:00Z,2025-11-08T18:00:00Z,"{""tags"":[""upper-body"",""strength"",""compound"",""gym-equipment"",""back"",""lat-focus"",""machine""],""estimatedDuration"":300,""caloriesPerMinute"":7,""searchKeywords"":[""тяга верхнего блока широким хватом"",""wide grip lat pulldown"",""wide-grip pulldown"",""широчайшие"",""lats"",""широкий хват"",""lat pulldown wide"",""верхняя тяга широким хватом""],""localizations"":{""en"":{""name"":""Wide Grip Lat Pulldown"",""description"":""Classic exercise targeting latissimus dorsi, rhomboids, and middle deltoids. Performed on a lat pulldown machine with a grip wider than shoulder-width, maximizing lat activation while requiring good shoulder flexibility.""}}}"
lat-pulldown-medium-grip,strength,Тяга верхнего блока средним хватом,"Базовое упражнение для развития широчайших мышц спины, ромбовидных, бицепсов и средних дельт. Выполняется сидя на тренажере верхней тяги с хватом примерно на ширине плеч. Сбалансированная нагрузка делает его идеальным выбором для начинающих, обеспечивая развитие как ширины, так и толщины спины. Средний хват позволяет равномерно распределить нагрузку между широчайшими мышцами и бицепсами, что делает упражнение более универсальным по сравнению с другими вариантами. Отлично подходит для развития общей силы верхней части тела и мышечной массы, а также является безопасной альтернативой подтягиваниям для тех, кто еще не может выполнять их с собственным весом.",beginner,strength-compound,back,weight-reps,gym,0,90,true,NSCA,2.0.0,2025-11-08T18:05:00Z,2025-11-08T18:05:00Z,"{""tags"":[""upper-body"",""strength"",""compound"",""gym-equipment"",""beginner-friendly"",""back"",""balanced"",""machine""],""estimatedDuration"":300,""caloriesPerMinute"":7,""searchKeywords"":[""тяга верхнего блока средним хватом"",""medium grip lat pulldown"",""lat pulldown"",""pulldown"",""тяга верхнего блока"",""средний хват"",""классическая тяга верхнего блока""],""localizations"":{""en"":{""name"":""Medium Grip Lat Pulldown"",""description"":""Fundamental exercise for developing latissimus dorsi, rhomboids, biceps, and middle deltoids. Performed with shoulder-width grip, offering balanced muscle activation ideal for beginners.""}}}"
lat-pulldown-close-grip,strength,Тяга верхнего блока узким хватом,"Базовое упражнение для развития широчайших мышц спины, бицепсов, ромбовидных и брахиалиса. Выполняется сидя на тренажере верхней тяги с хватом уже ширины плеч (примерно на ширине груди или уже). Узкий хват создает больший акцент на бицепсы и внутреннюю часть спины по сравнению с другими вариантами тяги, что делает его отличным дополнением к широкому хвату для полного развития мышц спины. Увеличивает нагрузку на бицепсы и брахиалис, развивая как силу, так и мышечную массу верхней части тела. Отлично подходит для развития толщины спины и силы рук.",intermediate,strength-compound,back,weight-reps,gym,3,85,true,NSCA,2.0.0,2025-11-08T18:10:00Z,2025-11-08T18:10:00Z,"{""tags"":[""upper-body"",""strength"",""compound"",""gym-equipment"",""back"",""biceps-focus"",""close-grip"",""machine""],""estimatedDuration"":300,""caloriesPerMinute"":7,""searchKeywords"":[""тяга верхнего блока узким хватом"",""close grip lat pulldown"",""close-grip pulldown"",""узкий хват"",""бицепс"",""biceps pulldown"",""narrow grip pulldown"",""тяга узким хватом""],""localizations"":{""en"":{""name"":""Close Grip Lat Pulldown"",""description"":""Exercise emphasizing biceps, brachialis, and inner back muscles. Performed with a grip narrower than shoulder-width, increasing biceps activation compared to wider variations.""}}}"
lat-pulldown-underhand-grip,strength,Тяга верхнего блока обратным хватом,"Базовое упражнение для развития бицепсов, нижней части широчайших мышц спины, ромбовидных и брахиалиса. Выполняется сидя на тренажере верхней тяги с обратным хватом (ладони направлены к себе). Обратный хват создает максимальный акцент на бицепсы и нижнюю часть широчайших мышц по сравнению с прямым хватом, что делает его отличным упражнением для развития силы и массы рук и спины. Более легкий вариант по сравнению с тягой прямым хватом, что делает его доступным для начинающих и отличным прогрессом к классическим подтягиваниям. Отлично подходит для развития толщины спины и силы бицепсов.",beginner,strength-compound,back,weight-reps,gym,0,87,true,NSCA,2.0.0,2025-11-08T18:15:00Z,2025-11-08T18:15:00Z,"{""tags"":[""upper-body"",""strength"",""compound"",""gym-equipment"",""beginner-friendly"",""back"",""biceps-focus"",""underhand"",""machine""],""estimatedDuration"":300,""caloriesPerMinute"":7,""searchKeywords"":[""тяга верхнего блока обратным хватом"",""underhand lat pulldown"",""reverse grip pulldown"",""обратный хват"",""бицепс"",""reverse grip lat pulldown"",""тяга обратным хватом""],""localizations"":{""en"":{""name"":""Underhand Grip Lat Pulldown"",""description"":""Exercise maximizing biceps and lower lat activation. Performed with palms facing toward you, making it more accessible than standard pulldown while effectively developing arm and back strength.""}}}"
lat-pulldown-neutral-grip,strength,Тяга верхнего блока нейтральным хватом,"Базовое упражнение для развития широчайших мышц спины, бицепсов, ромбовидных и средних дельт. Выполняется сидя на тренажере верхней тяги с параллельными рукоятками или с нейтральным хватом (ладони направлены друг к другу). Нейтральный хват обеспечивает более естественное положение плечевых и локтевых суставов, снижая нагрузку на них по сравнению с другими вариантами хвата. Это делает упражнение безопасной альтернативой для людей с проблемами плеч или локтей, при этом обеспечивая сбалансированную нагрузку на мышцы спины и рук. Отлично подходит для развития функциональной силы верхней части тела и является отличным выбором для тех, кто испытывает дискомфорт при других вариантах хвата.",intermediate,strength-compound,back,weight-reps,gym,3,86,true,NSCA,2.0.0,2025-11-08T18:20:00Z,2025-11-08T18:20:00Z,"{""tags"":[""upper-body"",""strength"",""compound"",""gym-equipment"",""back"",""shoulder-friendly"",""neutral-grip"",""balanced"",""machine""],""estimatedDuration"":300,""caloriesPerMinute"":7,""searchKeywords"":[""тяга верхнего блока нейтральным хватом"",""neutral grip lat pulldown"",""parallel grip pulldown"",""hammer grip pulldown"",""нейтральный хват"",""молотковый хват"",""параллельный хват"",""neutral pulldown"",""тяга нейтральным хватом""],""localizations"":{""en"":{""name"":""Neutral Grip Lat Pulldown"",""description"":""Exercise with palms facing each other, offering natural shoulder and elbow positioning. Ideal for those with joint concerns while providing balanced back and arm development.""}}}"
lat-pulldown-behind-neck,strength,Тяга верхнего блока за голову,"Продвинутое упражнение для развития широчайших мышц спины, ромбовидных, средних дельт и задних дельт. Выполняется сидя на тренажере верхней тяги с подтягиванием рукоятки за голову, а не к груди. Уникальная траектория движения создает акцент на верхнюю часть спины и задние дельты, но требует исключительной гибкости плечевых суставов и правильной техники для безопасного выполнения. Требует хорошей базовой силы для обычных тяг верхнего блока и отличной мобильности плеч. Отлично подходит для спортсменов и продвинутых любителей фитнеса, стремящихся развить верхнюю часть спины и задние дельты. Важно соблюдать правильную технику для предотвращения травм плечевых суставов.",advanced,strength-compound,back,weight-reps,gym,9,72,true,NSCA,2.0.0,2025-11-08T19:00:00Z,2025-11-08T19:00:00Z,"{""tags"":[""upper-body"",""strength"",""compound"",""gym-equipment"",""back"",""advanced-only"",""shoulder-mobility"",""rear-delts"",""machine""],""estimatedDuration"":300,""caloriesPerMinute"":7,""searchKeywords"":[""тяга верхнего блока за голову"",""behind neck lat pulldown"",""behind-neck pulldown"",""lat pulldown behind neck"",""neck pulldown"",""за головой"",""rear delts"",""задние дельты"",""upper back"",""верхняя часть спины""],""localizations"":{""en"":{""name"":""Behind-the-Neck Lat Pulldown"",""description"":""Advanced exercise targeting latissimus dorsi, rhomboids, middle deltoids, and rear deltoids. Performed pulling the handle behind the neck instead of to the chest, requiring exceptional shoulder flexibility and proper technique for safe execution.""}}}"
lat-pulldown-straight-arm,strength,Тяга верхнего блока прямыми руками,"Изолирующее упражнение для развития широчайших мышц спины с акцентом на ширину спины. Выполняется стоя с использованием тренажера верхней тяги, где движение осуществляется прямыми руками без сгибания в локтях. Уникальная траектория движения изолирует широчайшие мышцы, минимально вовлекая бицепсы. Требует хорошей стабильности корпуса и контроля движения для правильного выполнения. Отлично подходит для завершения тренировки спины и развития ширины широчайших мышц. Является эффективным дополнением к базовым тяговым упражнениям для полного развития мышц спины.",intermediate,strength-isolation,back,weight-reps,gym,6,75,true,NSCA,2.0.0,2025-11-08T19:05:00Z,2025-11-08T19:05:00Z,"{""tags"":[""upper-body"",""strength"",""isolation"",""gym-equipment"",""back"",""lat-focus"",""machine""],""estimatedDuration"":240,""caloriesPerMinute"":6,""searchKeywords"":[""тяга верхнего блока прямыми руками"",""straight arm lat pulldown"",""straight-arm pulldown"",""прямые руки"",""straight arm"",""широчайшие"",""lats"",""изоляция"",""isolation""],""localizations"":{""en"":{""name"":""Straight-Arm Lat Pulldown"",""description"":""Isolation exercise targeting latissimus dorsi with emphasis on back width. Performed standing with straight arms throughout the movement, isolating the lats while minimally engaging the biceps.""}}}"
lat-pulldown-one-arm,strength,Тяга верхнего блока одной рукой,"Продвинутое упражнение для развития широчайших мышц спины, ромбовидных, бицепсов и стабилизаторов корпуса с акцентом на одностороннюю работу. Выполняется сидя на тренажере верхней тяги с использованием одной руки и односторонней рукоятки. Односторонняя работа развивает функциональную силу, улучшает межмышечную координацию и выявляет дисбалансы между сторонами тела. Требует хорошей стабильности корпуса и контроля движения для предотвращения компенсаций и ротации. Отлично дополняет двусторонние тяги для полного развития мышц спины и исправления мышечных дисбалансов.",advanced,strength-compound,back,weight-reps,gym,6,70,true,NSCA,2.0.0,2025-11-08T19:10:00Z,2025-11-08T19:10:00Z,"{""tags"":[""upper-body"",""strength"",""compound"",""gym-equipment"",""back"",""advanced-only"",""unilateral"",""core"",""machine""],""estimatedDuration"":300,""caloriesPerMinute"":7,""searchKeywords"":[""тяга верхнего блока одной рукой"",""one arm lat pulldown"",""one-arm pulldown"",""single arm lat pulldown"",""односторонние тяги"",""unilateral pulldown"",""спина"",""back"",""одна рука"",""single arm""],""localizations"":{""en"":{""name"":""One-Arm Lat Pulldown"",""description"":""Advanced exercise targeting latissimus dorsi, rhomboids, biceps, and core stabilizers with emphasis on unilateral work. Performed with one arm using a single-handle attachment, requiring good core stability and movement control.""}}}"
lat-pulldown-wide-grip-chest,strength,Тяга верхнего блока широким хватом к груди,"Классическое базовое упражнение для развития широчайших мышц спины, ромбовидных и средних дельт. Выполняется сидя на тренажере верхней тяги с широким хватом (примерно на ширину вытянутых рук в стороны) с подтягиванием рукоятки к верхней части груди. Широкий хват создает максимальный акцент на широчайшие мышцы и верхнюю часть спины, требуя хорошей гибкости плечевых суставов. Сложнее для бицепсов по сравнению с другими вариантами тяги, что делает его идеальным для развития ширины спины. Отлично подходит для развития мышечной массы и силы верхней части тела, а также является безопасной альтернативой подтягиваниям для тех, кто еще не может выполнять их с собственным весом.",intermediate,strength-compound,back,weight-reps,gym,3,85,true,NSCA,2.0.0,2025-11-08T19:15:00Z,2025-11-08T19:15:00Z,"{""tags"":[""upper-body"",""strength"",""compound"",""gym-equipment"",""back"",""lat-focus"",""machine""],""estimatedDuration"":300,""caloriesPerMinute"":7,""searchKeywords"":[""тяга верхнего блока широким хватом к груди"",""wide grip lat pulldown to chest"",""wide-grip pulldown chest"",""широчайшие"",""lats"",""широкий хват"",""lat pulldown wide chest""],""localizations"":{""en"":{""name"":""Wide Grip Lat Pulldown to Chest"",""description"":""Classic exercise targeting latissimus dorsi, rhomboids, and middle deltoids. Performed on a lat pulldown machine with a wide grip, pulling the handle to the upper chest, maximizing lat activation while requiring good shoulder flexibility.""}}}"
cable-pulldown-standing,strength,Тяга верхнего блока в кроссовере,"Функциональное упражнение для развития широчайших мышц спины, ромбовидных, бицепсов и средних дельт. Выполняется стоя в кроссовере с использованием кабелей, установленных в верхнем положении. Стоячее положение требует активной работы стабилизаторов корпуса и ног, что делает упражнение более функциональным по сравнению с тягой сидя. Постоянное натяжение кабелей обеспечивает равномерную нагрузку на протяжении всей амплитуды движения. Отлично подходит для развития функциональной силы, улучшения межмышечной координации и дополняет классические тяги для полного развития мышц спины.",intermediate,strength-compound,back,weight-reps,gym,3,80,true,NSCA,2.0.0,2025-01-15T10:00:00Z,2025-01-15T10:00:00Z,"{""tags"":[""upper-body"",""strength"",""compound"",""gym-equipment"",""back"",""cable"",""functional"",""core""],""estimatedDuration"":300,""caloriesPerMinute"":8,""searchKeywords"":[""тяга верхнего блока в кроссовере"",""cable pulldown standing"",""standing cable pulldown"",""кроссовер тяга"",""cable lat pulldown standing"",""тяга кабели стоя"",""standing lat pulldown"",""функциональная тяга""],""localizations"":{""en"":{""name"":""Standing Cable Pulldown"",""description"":""Functional exercise targeting latissimus dorsi, rhomboids, biceps, and middle deltoids. Performed standing in a crossover with cables set in the upper position, requiring active core and leg stabilization.""}}}"
cable-pulldown-seated,strength,Тяга верхнего блока сидя в кроссовере,"Базовое упражнение для развития широчайших мышц спины, ромбовидных, бицепсов и средних дельт. Выполняется сидя в кроссовере с использованием кабелей, установленных в верхнем положении. Сидячее положение обеспечивает стабильность корпуса и позволяет сосредоточиться на работе мышц спины без необходимости стабилизации ног. Постоянное натяжение кабелей обеспечивает равномерную нагрузку на протяжении всей амплитуды движения, что превосходит версию на тренажере верхней тяги. Отлично подходит для развития мышечной массы и силы верхней части тела, а также является безопасной альтернативой подтягиваниям для тех, кто еще не может выполнять их с собственным весом.",beginner,strength-compound,back,weight-reps,gym,0,82,true,NSCA,2.0.0,2025-01-15T10:00:00Z,2025-01-15T10:00:00Z,"{""tags"":[""upper-body"",""strength"",""compound"",""gym-equipment"",""beginner-friendly"",""back"",""cable"",""machine""],""estimatedDuration"":300,""caloriesPerMinute"":7,""searchKeywords"":[""тяга верхнего блока сидя в кроссовере"",""cable pulldown seated"",""seated cable pulldown"",""кроссовер тяга сидя"",""cable lat pulldown seated"",""тяга кабели сидя"",""seated lat pulldown"",""тяга верхнего блока кроссовер""],""localizations"":{""en"":{""name"":""Seated Cable Pulldown"",""description"":""Basic exercise targeting latissimus dorsi, rhomboids, biceps, and middle deltoids. Performed seated in a crossover with cables set in the upper position, providing core stability and focused back muscle work.""}}}"
australian-pull-ups,strength,Австралийские подтягивания,"Базовое упражнение с собственным весом для развития широчайших мышц спины, ромбовидных, бицепсов и средних дельт. Выполняется лежа под перекладиной (турником или брусьями) с подтягиванием тела вверх до касания грудью перекладины. Горизонтальное положение тела значительно облегчает упражнение по сравнению с вертикальными подтягиваниями, что делает его отличной альтернативой для начинающих и тех, кто еще не может выполнять классические подтягивания. Отлично подходит для домашних тренировок и развития функциональной силы верхней части тела.",beginner,strength-compound,back,bodyweight-reps,both,0,85,true,NSCA,2.0.0,2025-01-15T10:00:00Z,2025-01-15T10:00:00Z,"{""tags"":[""upper-body"",""strength"",""compound"",""bodyweight"",""beginner-friendly"",""home-workout"",""back"",""horizontal-pull""],""estimatedDuration"":240,""caloriesPerMinute"":7,""searchKeywords"":[""австралийские подтягивания"",""australian pull-ups"",""australian pullups"",""горизонтальные подтягивания"",""horizontal pull-ups"",""подтягивания лежа"",""lying pull-ups"",""inverted row"",""обратная тяга""],""localizations"":{""en"":{""name"":""Australian Pull-Ups"",""description"":""Beginner-friendly horizontal bodyweight exercise targeting latissimus dorsi, rhomboids, biceps, and middle deltoids. Performed lying under a bar, pulling body up until chest touches the bar. Excellent alternative to vertical pull-ups for beginners.""}}}"
australian-pull-ups-feet-elevated,strength,Австралийские подтягивания с ногами на возвышении,"Промежуточное упражнение с собственным весом для развития широчайших мышц спины, ромбовидных, бицепсов и средних дельт. Выполняется лежа под перекладиной с ногами, расположенными на возвышении (скамья, стул, платформа), что увеличивает угол наклона тела и усложняет упражнение. Увеличенный угол наклона создает большую нагрузку на мышцы спины и рук по сравнению с базовыми австралийскими подтягиваниями, делая упражнение более эффективным для развития силы и массы. Требует хорошей базовой силы для обычных австралийских подтягиваний. Отлично подходит для прогрессии от базовых австралийских подтягиваний и подготовки к вертикальным подтягиваниям.",intermediate,strength-compound,back,bodyweight-reps,both,3,80,true,NSCA,2.0.0,2025-01-15T10:00:00Z,2025-01-15T10:00:00Z,"{""tags"":[""upper-body"",""strength"",""compound"",""bodyweight"",""intermediate-friendly"",""home-workout"",""back"",""horizontal-pull"",""progression""],""estimatedDuration"":240,""caloriesPerMinute"":8,""searchKeywords"":[""австралийские подтягивания с ногами на возвышении"",""australian pull-ups feet elevated"",""feet elevated australian pull-ups"",""горизонтальные подтягивания ноги на возвышении"",""horizontal pull-ups elevated"",""inverted row feet elevated"",""обратная тяга ноги на возвышении""],""localizations"":{""en"":{""name"":""Australian Pull-Ups with Feet Elevated"",""description"":""Intermediate horizontal bodyweight exercise with feet on an elevated platform, increasing body angle and difficulty. Targets latissimus dorsi, rhomboids, biceps, and middle deltoids. Excellent progression from basic Australian pull-ups.""}}}"
australian-pull-ups-underhand-grip,strength,Австралийские подтягивания обратным хватом,"Базовое упражнение с собственным весом для развития бицепсов, нижней части широчайших мышц спины, ромбовидных и брахиалиса. Выполняется лежа под перекладиной с обратным хватом (ладони направлены к себе), подтягивая тело вверх до касания грудью перекладины. Обратный хват создает максимальный акцент на бицепсы и нижнюю часть широчайших мышц по сравнению с прямым хватом, что делает его отличным упражнением для развития силы и массы рук и спины. Более легкий вариант по сравнению с австралийскими подтягиваниями прямым хватом, что делает его доступным для начинающих и отличным прогрессом к классическим подтягиваниям обратным хватом.",beginner,strength-compound,back,bodyweight-reps,both,0,83,true,NSCA,2.0.0,2025-01-15T10:00:00Z,2025-01-15T10:00:00Z,"{""tags"":[""upper-body"",""strength"",""compound"",""bodyweight"",""beginner-friendly"",""home-workout"",""back"",""biceps-focus"",""underhand"",""horizontal-pull""],""estimatedDuration"":240,""caloriesPerMinute"":7,""searchKeywords"":[""австралийские подтягивания обратным хватом"",""australian pull-ups underhand grip"",""underhand australian pull-ups"",""горизонтальные подтягивания обратным хватом"",""horizontal pull-ups underhand"",""inverted row underhand"",""обратная тяга обратным хватом"",""chin-up horizontal""],""localizations"":{""en"":{""name"":""Australian Pull-Ups with Underhand Grip"",""description"":""Beginner-friendly horizontal bodyweight exercise with palms facing toward you, maximizing biceps and lower lat activation. Excellent alternative to vertical chin-ups for beginners.""}}}"
dumbbell-one-arm-row,strength,Тяга гантели одной рукой в наклоне,"Базовое силовое упражнение для развития широчайших мышц спины, ромбовидных, средних дельт и бицепсов с акцентом на одностороннюю работу. Выполняется в наклоне с опорой одной рукой и коленом на скамью, тяга гантели одной рукой к поясу. Односторонняя работа развивает функциональную силу, улучшает межмышечную координацию и выявляет дисбалансы между сторонами тела. Требует хорошей стабильности корпуса и контроля движения для предотвращения ротации позвоночника. Отлично дополняет двусторонние тяги для полного развития мышц спины.",intermediate,strength-compound,back,weight-reps,gym,3,88,true,NSCA,2.0.0,2025-01-15T10:00:00Z,2025-01-15T10:00:00Z,"{""tags"":[""upper-body"",""strength"",""compound"",""gym-equipment"",""back"",""unilateral"",""core""],""estimatedDuration"":300,""caloriesPerMinute"":7,""searchKeywords"":[""тяга гантели одной рукой"",""dumbbell one arm row"",""one-arm row"",""односторонняя тяга"",""unilateral row"",""спина"",""back"",""одна рука"",""single arm row""],""localizations"":{""en"":{""name"":""Dumbbell One-Arm Row"",""description"":""Fundamental unilateral pulling exercise targeting latissimus dorsi, rhomboids, middle deltoids, and biceps. Performed bent over with one hand and knee supported on a bench, pulling a dumbbell to the waist.""}}}"
dumbbell-bent-over-row,strength,Тяга гантелей в наклоне,"Классическое базовое упражнение для развития широчайших мышц спины, ромбовидных, средних дельт и бицепсов. Выполняется в наклоне с одновременной тягой двух гантелей к поясу. Двусторонняя работа обеспечивает сбалансированную нагрузку и позволяет работать с большими весами. Отлично подходит для развития мышечной массы и силы верхней части спины. Требует хорошей стабильности корпуса и контроля движения для поддержания правильной техники.",intermediate,strength-compound,back,weight-reps,gym,3,90,true,NSCA,2.0.0,2025-01-15T10:00:00Z,2025-01-15T10:00:00Z,"{""tags"":[""upper-body"",""strength"",""compound"",""gym-equipment"",""back"",""bilateral""],""estimatedDuration"":300,""caloriesPerMinute"":8,""searchKeywords"":[""тяга гантелей в наклоне"",""dumbbell bent over row"",""bent over row"",""тяга в наклоне"",""row"",""спина"",""back"",""гантели"",""dumbbell row""],""localizations"":{""en"":{""name"":""Dumbbell Bent-Over Row"",""description"":""Classic bilateral pulling exercise targeting latissimus dorsi, rhomboids, middle deltoids, and biceps. Performed bent over, pulling two dumbbells simultaneously to the waist.""}}}"
dumbbell-incline-bench-row,strength,Тяга гантелей на наклонной скамье,"Безопасное базовое упражнение для развития широчайших мышц спины, ромбовидных, средних дельт и бицепсов. Выполняется лежа на наклонной скамье лицом вниз с тягой гантелей к поясу. Наклонная скамья обеспечивает поддержку корпуса и снижает нагрузку на поясницу, что делает упражнение безопасным для людей с проблемами спины. Позволяет сосредоточиться на работе мышц спины без необходимости стабилизации корпуса. Отлично подходит для начинающих и людей с ограничениями по здоровью спины.",beginner,strength-compound,back,weight-reps,gym,0,85,true,NSCA,2.0.0,2025-01-15T10:00:00Z,2025-01-15T10:00:00Z,"{""tags"":[""upper-body"",""strength"",""compound"",""gym-equipment"",""beginner-friendly"",""back"",""back-friendly"",""safe""],""estimatedDuration"":300,""caloriesPerMinute"":7,""searchKeywords"":[""тяга гантелей на наклонной скамье"",""dumbbell incline bench row"",""incline bench row"",""тяга на скамье"",""row на скамье"",""спина"",""back"",""безопасная тяга"",""supported row""],""localizations"":{""en"":{""name"":""Dumbbell Incline Bench Row"",""description"":""Safe bilateral pulling exercise targeting latissimus dorsi, rhomboids, middle deltoids, and biceps. Performed lying face down on an inclined bench, pulling dumbbells to the waist. Provides core support and reduces lower back stress.""}}}"
plank-row,strength,Тяга в планке,"Продвинутое функциональное упражнение для развития широчайших мышц спины, ромбовидных, средних дельт, бицепсов и стабилизаторов корпуса. Выполняется в планке с поочередной тягой гантелей к поясу. Комбинация планки и тяги создает экстремальные требования к стабильности корпуса и координации. Односторонняя работа требует максимального напряжения кора для предотвращения ротации позвоночника. Отлично подходит для спортсменов и продвинутых любителей фитнеса, стремящихся развить функциональную силу и стабильность корпуса.",advanced,strength-compound,back,weight-reps,both,6,75,true,NSCA,2.0.0,2025-01-15T10:00:00Z,2025-01-15T10:00:00Z,"{""tags"":[""upper-body"",""strength"",""compound"",""back"",""advanced-only"",""unilateral"",""core"",""functional""],""estimatedDuration"":300,""caloriesPerMinute"":9,""searchKeywords"":[""тяга в планке"",""plank row"",""renegade row"",""планка тяга"",""функциональная тяга"",""core row"",""спина"",""back"",""стабильность"",""stability""],""localizations"":{""en"":{""name"":""Plank Row (Renegade Row)"",""description"":""Advanced functional exercise combining plank position with alternating dumbbell rows. Targets latissimus dorsi, rhomboids, middle deltoids, biceps, and core stabilizers. Requires exceptional core stability and coordination.""}}}"
barbell-bent-over-row,strength,Тяга штанги в наклоне,"Классическое базовое упражнение для развития широчайших мышц спины, ромбовидных, средних дельт и бицепсов. Выполняется в наклоне с тягой штанги к поясу прямым хватом. Позволяет работать с максимальными весами и является основой для развития силы и массы верхней части спины. Требует хорошей стабильности корпуса и контроля движения для поддержания правильной техники.",intermediate,strength-compound,back,weight-reps,gym,3,92,true,NSCA,2.0.0,2025-01-15T10:00:00Z,2025-01-15T10:00:00Z,"{""tags"":[""upper-body"",""strength"",""compound"",""gym-equipment"",""back"",""bilateral""],""estimatedDuration"":300,""caloriesPerMinute"":8,""searchKeywords"":[""тяга штанги в наклоне"",""barbell bent over row"",""bent over row"",""тяга в наклоне"",""row"",""спина"",""back"",""штанга"",""barbell row""],""localizations"":{""en"":{""name"":""Barbell Bent-Over Row"",""description"":""Classic bilateral pulling exercise targeting latissimus dorsi, rhomboids, middle deltoids, and biceps. Performed bent over, pulling a barbell to the waist with overhand grip.""}}}"
barbell-bent-over-row-underhand,strength,Тяга штанги в наклоне обратным хватом,"Вариант тяги штанги в наклоне с обратным хватом (ладони направлены к себе), который создает больший акцент на бицепсы и нижнюю часть широчайших мышц спины. Обратный хват позволяет лучше активировать бицепсы и брахиалис, а также улучшает механику движения для некоторых атлетов. Отлично дополняет классическую тягу прямым хватом для полного развития мышц спины и рук.",intermediate,strength-compound,back,weight-reps,gym,3,88,true,NSCA,2.0.0,2025-01-15T10:00:00Z,2025-01-15T10:00:00Z,"{""tags"":[""upper-body"",""strength"",""compound"",""gym-equipment"",""back"",""bilateral"",""biceps-focus"",""underhand""],""estimatedDuration"":300,""caloriesPerMinute"":8,""searchKeywords"":[""тяга штанги обратным хватом"",""barbell bent over row underhand"",""underhand barbell row"",""тяга обратным хватом"",""reverse grip row"",""спина"",""back"",""бицепс"",""biceps row""],""localizations"":{""en"":{""name"":""Barbell Bent-Over Row with Underhand Grip"",""description"":""Bent-over row variation with underhand grip, maximizing biceps and lower lat activation. Excellent complement to overhand row for complete back and arm development.""}}}"
yates-row,strength,Тяга Ятса,"Вариант тяги штанги в наклоне, названный в честь Дориана Ятса. Выполняется с более вертикальным положением корпуса (около 30-45 градусов) и тягой штанги к нижней части груди или верхней части живота. Более вертикальное положение снижает нагрузку на поясницу и позволяет лучше активировать верхнюю часть спины и задние дельты. Отлично подходит для развития толщины спины и задних дельт.",intermediate,strength-compound,back,weight-reps,gym,3,85,true,NSCA,2.0.0,2025-01-15T10:00:00Z,2025-01-15T10:00:00Z,"{""tags"":[""upper-body"",""strength"",""compound"",""gym-equipment"",""back"",""bilateral"",""upper-back-focus""],""estimatedDuration"":300,""caloriesPerMinute"":8,""searchKeywords"":[""тяга ятса"",""yates row"",""yates rowing"",""тяга ятса"",""верхняя часть спины"",""upper back"",""спина"",""back"",""dorian yates""],""localizations"":{""en"":{""name"":""Yates Row"",""description"":""Bent-over row variation with more upright torso position (30-45 degrees), pulling to lower chest/upper abdomen. Reduces lower back stress while maximizing upper back and rear deltoid activation.""}}}"
pendlay-row,strength,Тяга Пендлея,"Вариант тяги штанги в наклоне, названный в честь Гленна Пендлея. Выполняется с горизонтальным положением корпуса (почти параллельно полу) и тягой штанги от пола с полной остановкой между повторениями. Каждое повторение начинается с полной остановки штанги на полу, что устраняет использование инерции и требует максимальной силы для начала движения. Отлично развивает взрывную силу и технику тяги.",advanced,strength-compound,back,weight-reps,gym,6,80,true,NSCA,2.0.0,2025-01-15T10:00:00Z,2025-01-15T10:00:00Z,"{""tags"":[""upper-body"",""strength"",""compound"",""gym-equipment"",""back"",""bilateral"",""advanced-only"",""explosive""],""estimatedDuration"":300,""caloriesPerMinute"":9,""searchKeywords"":[""тяга пендлея"",""pendlay row"",""pendlay rowing"",""тяга от пола"",""row from floor"",""взрывная тяга"",""explosive row"",""спина"",""back"",""glenn pendlay""],""localizations"":{""en"":{""name"":""Pendlay Row"",""description"":""Advanced rowing variation with horizontal torso position, pulling barbell from floor with full stop between reps. Eliminates momentum, requiring maximum force to initiate each repetition.""}}}"
ez-bar-bent-over-row,strength,Тяга EZ-грифа в наклоне,"Вариант тяги в наклоне с использованием EZ-грифа, который обеспечивает более естественное положение запястий и снижает нагрузку на суставы. Изогнутая форма грифа позволяет лучше распределить нагрузку между мышцами спины и бицепсами. Отлично подходит для людей с проблемами запястий или локтей, а также для разнообразия тренировок спины.",intermediate,strength-compound,back,weight-reps,gym,3,82,true,NSCA,2.0.0,2025-01-15T10:00:00Z,2025-01-15T10:00:00Z,"{""tags"":[""upper-body"",""strength"",""compound"",""gym-equipment"",""back"",""bilateral"",""wrist-friendly"",""elbow-friendly""],""estimatedDuration"":300,""caloriesPerMinute"":8,""searchKeywords"":[""тяга ez-грифа"",""ez bar bent over row"",""ez bar row"",""тяга изогнутого грифа"",""curved bar row"",""спина"",""back"",""ez-гриф"",""ez bar""],""localizations"":{""en"":{""name"":""EZ-Bar Bent-Over Row"",""description"":""Bent-over row variation using EZ-bar, providing more natural wrist position and reducing joint stress. Excellent for those with wrist or elbow issues.""}}}"
swiss-bar-row,strength,Тяга швейцарского грифа,"Вариант тяги в наклоне с использованием швейцарского грифа (нейтральный хват), который обеспечивает более естественное положение плеч и снижает нагрузку на плечевые суставы. Нейтральный хват позволяет лучше активировать мышцы спины и бицепсы, а также снижает риск травм плеч. Отлично подходит для людей с проблемами плеч или для разнообразия тренировок спины.",intermediate,strength-compound,back,weight-reps,gym,3,83,true,NSCA,2.0.0,2025-01-15T10:00:00Z,2025-01-15T10:00:00Z,"{""tags"":[""upper-body"",""strength"",""compound"",""gym-equipment"",""back"",""bilateral"",""shoulder-friendly"",""neutral-grip""],""estimatedDuration"":300,""caloriesPerMinute"":8,""searchKeywords"":[""тяга швейцарского грифа"",""swiss bar row"",""swiss bar bent over row"",""нейтральный хват тяга"",""neutral grip row"",""спина"",""back"",""швейцарский гриф"",""swiss bar""],""localizations"":{""en"":{""name"":""Swiss Bar Row"",""description"":""Bent-over row variation using Swiss bar with neutral grip, providing more natural shoulder position and reducing shoulder joint stress. Excellent for those with shoulder issues.""}}}"
cable-seated-row,strength,Тяга горизонтального блока сидя,"Классическое базовое упражнение для развития широчайших мышц спины, ромбовидных, средних дельт и бицепсов. Выполняется сидя на тренажере с тягой рукоятки к поясу. Сидячее положение обеспечивает стабильность корпуса и позволяет сосредоточиться на правильной технике выполнения. Отлично подходит для развития силы и массы верхней части спины.",intermediate,strength-compound,back,weight-reps,gym,3,90,true,NSCA,2.0.0,2025-01-15T10:00:00Z,2025-01-15T10:00:00Z,"{""tags"":[""upper-body"",""strength"",""compound"",""gym-equipment"",""back"",""bilateral"",""cable-exercise"",""seated""],""estimatedDuration"":300,""caloriesPerMinute"":8,""searchKeywords"":[""тяга горизонтального блока"",""cable seated row"",""seated cable row"",""тяга сидя"",""row seated"",""спина"",""back"",""блочный тренажер"",""cable row""],""localizations"":{""en"":{""name"":""Cable Seated Row"",""description"":""Classic bilateral pulling exercise targeting latissimus dorsi, rhomboids, middle deltoids, and biceps. Performed seated with cable machine, pulling handle to waist.""}}}"
cable-standing-row,strength,Тяга горизонтального блока стоя,"Функциональное базовое упражнение для развития широчайших мышц спины, ромбовидных, средних дельт и бицепсов. Выполняется стоя с тягой рукоятки к поясу. Стоячее положение требует активной работы стабилизаторов корпуса и вовлекает больше мышц-стабилизаторов. Отлично подходит для развития функциональной силы и координации.",intermediate,strength-compound,back,weight-reps,gym,3,85,true,NSCA,2.0.0,2025-01-15T10:00:00Z,2025-01-15T10:00:00Z,"{""tags"":[""upper-body"",""strength"",""compound"",""gym-equipment"",""back"",""bilateral"",""cable-exercise"",""functional"",""standing""],""estimatedDuration"":300,""caloriesPerMinute"":9,""searchKeywords"":[""тяга горизонтального блока стоя"",""cable standing row"",""standing cable row"",""тяга стоя"",""row standing"",""спина"",""back"",""блочный тренажер"",""functional row""],""localizations"":{""en"":{""name"":""Cable Standing Row"",""description"":""Functional bilateral pulling exercise targeting latissimus dorsi, rhomboids, middle deltoids, and biceps. Performed standing with cable machine, requiring core stabilization.""}}}"
cable-one-arm-row,strength,Тяга горизонтального блока одной рукой,"Одностороннее упражнение для развития широчайших мышц спины, ромбовидных, средних дельт и бицепсов. Выполняется стоя или сидя с тягой рукоятки одной рукой к поясу. Односторонняя работа позволяет выявить и исправить мышечные дисбалансы, а также требует максимального напряжения кора для стабилизации позвоночника. Отлично подходит для развития функциональной силы и коррекции асимметрии.",intermediate,strength-compound,back,weight-reps,gym,3,80,true,NSCA,2.0.0,2025-01-15T10:00:00Z,2025-01-15T10:00:00Z,"{""tags"":[""upper-body"",""strength"",""compound"",""gym-equipment"",""back"",""unilateral"",""cable-exercise"",""core-stability""],""estimatedDuration"":300,""caloriesPerMinute"":8,""searchKeywords"":[""тяга горизонтального блока одной рукой"",""cable one arm row"",""one arm cable row"",""тяга одной рукой"",""single arm row"",""спина"",""back"",""односторонняя тяга"",""unilateral row""],""localizations"":{""en"":{""name"":""Cable One-Arm Row"",""description"":""Unilateral pulling exercise targeting latissimus dorsi, rhomboids, middle deltoids, and biceps. Performed with cable machine, requiring core stabilization to prevent rotation.""}}}"
cable-wide-grip-row,strength,Тяга горизонтального блока широким хватом,"Вариант тяги горизонтального блока с широким хватом, который создает больший акцент на верхнюю часть спины, ромбовидные и средние дельты. Широкий хват требует хорошей гибкости плеч и позволяет лучше активировать верхнюю часть спины. Отлично дополняет классическую тягу для полного развития мышц спины.",intermediate,strength-compound,back,weight-reps,gym,3,82,true,NSCA,2.0.0,2025-01-15T10:00:00Z,2025-01-15T10:00:00Z,"{""tags"":[""upper-body"",""strength"",""compound"",""gym-equipment"",""back"",""bilateral"",""cable-exercise"",""wide-grip"",""upper-back-focus""],""estimatedDuration"":300,""caloriesPerMinute"":8,""searchKeywords"":[""тяга горизонтального блока широким хватом"",""cable wide grip row"",""wide grip cable row"",""тяга широким хватом"",""wide grip row"",""спина"",""back"",""верхняя часть спины"",""upper back""],""localizations"":{""en"":{""name"":""Cable Wide-Grip Row"",""description"":""Bilateral rowing variation with wide grip, maximizing upper back, rhomboids, and middle deltoid activation. Requires good shoulder flexibility.""}}}"
cable-close-grip-row,strength,Тяга горизонтального блока узким хватом,"Вариант тяги горизонтального блока с узким хватом, который создает больший акцент на бицепсы и нижнюю часть широчайших мышц спины. Узкий хват позволяет лучше активировать бицепсы и брахиалис, а также улучшает механику движения для некоторых атлетов. Отлично дополняет классическую тягу для полного развития мышц спины и рук.",intermediate,strength-compound,back,weight-reps,gym,3,84,true,NSCA,2.0.0,2025-01-15T10:00:00Z,2025-01-15T10:00:00Z,"{""tags"":[""upper-body"",""strength"",""compound"",""gym-equipment"",""back"",""bilateral"",""cable-exercise"",""close-grip"",""biceps-focus""],""estimatedDuration"":300,""caloriesPerMinute"":8,""searchKeywords"":[""тяга горизонтального блока узким хватом"",""cable close grip row"",""close grip cable row"",""тяга узким хватом"",""close grip row"",""спина"",""back"",""бицепс"",""biceps row""],""localizations"":{""en"":{""name"":""Cable Close-Grip Row"",""description"":""Bilateral rowing variation with close grip, maximizing biceps and lower lat activation. Excellent complement to standard row for complete back and arm development.""}}}"
cable-horizontal-row-underhand-grip,strength,Тяга горизонтального блока обратным хватом,"Вариант тяги горизонтального блока с обратным хватом (ладони направлены вверх), который максимально активирует бицепсы и брахиалис, а также нижнюю часть широчайших мышц спины. Обратный хват создает уникальный угол нагрузки и позволяет лучше проработать бицепсы. Отлично подходит для развития силы рук и дополнения классической тяги.",intermediate,strength-compound,back,weight-reps,gym,3,96,true,NSCA,2.0.0,2025-01-15T10:00:00Z,2025-01-15T10:00:00Z,"{""tags"":[""upper-body"",""strength"",""compound"",""gym-equipment"",""back"",""bilateral"",""cable-exercise"",""underhand-grip"",""biceps-focus""],""estimatedDuration"":300,""caloriesPerMinute"":8,""searchKeywords"":[""тяга горизонтального блока обратным хватом"",""cable horizontal row underhand grip"",""underhand grip cable row"",""тяга обратным хватом"",""reverse grip row"",""спина"",""back"",""бицепс"",""biceps row""],""localizations"":{""en"":{""name"":""Cable Horizontal Row Underhand Grip"",""description"":""Bilateral rowing variation with underhand grip, maximizing biceps and brachialis activation along with lower lats. Excellent for arm strength development.""}}}"
cable-horizontal-row-neutral-grip,strength,Тяга горизонтального блока нейтральным хватом,"Вариант тяги горизонтального блока с нейтральным хватом (ладони направлены друг к другу), который обеспечивает более естественное положение плеч и снижает нагрузку на плечевые суставы. Нейтральный хват позволяет лучше активировать мышцы спины и бицепсы, а также снижает риск травм плеч. Отлично подходит для людей с проблемами плеч или для разнообразия тренировок спины.",intermediate,strength-compound,back,weight-reps,gym,3,93,true,NSCA,2.0.0,2025-01-15T10:00:00Z,2025-01-15T10:00:00Z,"{""tags"":[""upper-body"",""strength"",""compound"",""gym-equipment"",""back"",""bilateral"",""cable-exercise"",""neutral-grip"",""shoulder-friendly""],""estimatedDuration"":300,""caloriesPerMinute"":8,""searchKeywords"":[""тяга горизонтального блока нейтральным хватом"",""cable horizontal row neutral grip"",""neutral grip cable row"",""тяга нейтральным хватом"",""neutral grip row"",""спина"",""back"",""shoulder friendly"",""hammer grip row""],""localizations"":{""en"":{""name"":""Cable Horizontal Row Neutral Grip"",""description"":""Bilateral rowing variation with neutral grip, providing natural shoulder position and reducing shoulder joint stress. Excellent for those with shoulder issues.""}}}"
cable-crossover-row-high,strength,Тяга в кроссовере с верхней точки крепления,"Функциональное упражнение для развития широчайших мышц спины, ромбовидных, средних дельт и бицепсов. Выполняется в кроссовере с кабелями, закрепленными в верхней точке. Уникальный угол нагрузки создает акцент на верхнюю часть спины и позволяет лучше растягивать мышцы в нижней точке. Отлично подходит для развития функциональной силы и координации.",intermediate,strength-compound,back,weight-reps,gym,3,91,true,NSCA,2.0.0,2025-01-15T10:00:00Z,2025-01-15T10:00:00Z,"{""tags"":[""upper-body"",""strength"",""compound"",""gym-equipment"",""back"",""bilateral"",""cable-exercise"",""crossover"",""functional"",""upper-back-focus""],""estimatedDuration"":300,""caloriesPerMinute"":8,""searchKeywords"":[""тяга в кроссовере сверху"",""cable crossover row high"",""high cable row"",""тяга с верхней точки"",""upper cable row"",""спина"",""back"",""кроссовер"",""cable crossover""],""localizations"":{""en"":{""name"":""Cable Crossover Row High"",""description"":""Functional rowing exercise with cables attached at high point, targeting upper back, rhomboids, and middle deltoids with unique angle of resistance.""}}}"
cable-crossover-row-low,strength,Тяга в кроссовере с нижней точки крепления,"Функциональное упражнение для развития широчайших мышц спины, ромбовидных, средних дельт и бицепсов. Выполняется в кроссовере с кабелями, закрепленными в нижней точке. Уникальный угол нагрузки создает акцент на нижнюю часть широчайших и позволяет лучше активировать мышцы спины. Отлично подходит для развития функциональной силы и координации.",intermediate,strength-compound,back,weight-reps,gym,3,94,true,NSCA,2.0.0,2025-01-15T10:00:00Z,2025-01-15T10:00:00Z,"{""tags"":[""upper-body"",""strength"",""compound"",""gym-equipment"",""back"",""bilateral"",""cable-exercise"",""crossover"",""functional"",""lower-lats-focus""],""estimatedDuration"":300,""caloriesPerMinute"":8,""searchKeywords"":[""тяга в кроссовере снизу"",""cable crossover row low"",""low cable row"",""тяга с нижней точки"",""lower cable row"",""спина"",""back"",""кроссовер"",""cable crossover""],""localizations"":{""en"":{""name"":""Cable Crossover Row Low"",""description"":""Functional rowing exercise with cables attached at low point, targeting lower lats, rhomboids, and middle deltoids with unique angle of resistance.""}}}"
cable-horizontal-row-kneeling,strength,Тяга горизонтального блока с колена,"Вариант тяги горизонтального блока, выполняемый с колена, который обеспечивает лучшую изоляцию мышц спины и бицепсов за счет исключения помощи от ног. Положение с колена требует активной работы кора для стабилизации и создает уникальный угол нагрузки. Отлично подходит для развития силы верхней части спины и коррекции техники.",intermediate,strength-compound,back,weight-reps,gym,3,89,true,NSCA,2.0.0,2025-01-15T10:00:00Z,2025-01-15T10:00:00Z,"{""tags"":[""upper-body"",""strength"",""compound"",""gym-equipment"",""back"",""bilateral"",""cable-exercise"",""kneeling"",""core-stability""],""estimatedDuration"":300,""caloriesPerMinute"":8,""searchKeywords"":[""тяга горизонтального блока с колена"",""cable horizontal row kneeling"",""kneeling cable row"",""тяга с колена"",""kneeling row"",""спина"",""back"",""изоляция"",""isolation row""],""localizations"":{""en"":{""name"":""Cable Horizontal Row Kneeling"",""description"":""Rowing variation performed kneeling, providing better back and biceps isolation by eliminating leg assistance. Requires active core stabilization.""}}}"
hammer-strength-row,strength,Тяга в тренажере Хаммер,"Силовое упражнение в тренажере Hammer Strength для развития широчайших мышц спины, ромбовидных, средних дельт и бицепсов. Выполняется сидя с упором груди в подушку, каждая рукоять движется по независимой траектории. Независимые рычаги позволяют выравнивать дисбаланс между правой и левой стороной, а фиксированная траектория обеспечивает безопасность и правильную технику. Отлично подходит для развития силы и массы спины без необходимости страховщика.",intermediate,strength-compound,back,weight-reps,gym,6,85,true,NSCA,2.0.0,2025-11-08T20:00:00Z,2025-11-08T20:00:00Z,"{""tags"":[""upper-body"",""strength"",""compound"",""gym-equipment"",""back"",""machine"",""hammer-strength"",""bilateral""],""estimatedDuration"":300,""caloriesPerMinute"":8,""searchKeywords"":[""тяга в хаммере"",""hammer strength row"",""тяга тренажер хаммер"",""hammer row"",""спина"",""back"",""машина"",""machine row""],""localizations"":{""en"":{""name"":""Hammer Strength Row"",""description"":""Machine-based rowing exercise on Hammer Strength equipment with independent lever arms, targeting lats, rhomboids, middle deltoids and biceps. Provides safe bilateral training without spotter.""}}}"
t-bar-row-machine,strength,Т-тяга в тренажере,"Классическое базовое упражнение для развития широчайших мышц спины, ромбовидных, средних дельт и бицепсов. Выполняется в специальном Т-образном тренажере с упором груди в подушку и хватом рукоятки двумя руками. Фиксированная траектория движения обеспечивает безопасность и позволяет работать с большими весами без страховщика. Т-образная конструкция создает естественный угол нагрузки и позволяет лучше активировать мышцы спины. Отлично подходит для развития силы и массы верхней части тела.",intermediate,strength-compound,back,weight-reps,gym,6,88,true,NSCA,2.0.0,2025-11-08T20:00:00Z,2025-11-08T20:00:00Z,"{""tags"":[""upper-body"",""strength"",""compound"",""gym-equipment"",""back"",""machine"",""t-bar"",""bilateral""],""estimatedDuration"":300,""caloriesPerMinute"":8,""searchKeywords"":[""т-тяга"",""t-bar row"",""тяга т-образная"",""t-bar row machine"",""спина"",""back"",""машина"",""machine row""],""localizations"":{""en"":{""name"":""T-Bar Row Machine"",""description"":""Classic compound rowing exercise in T-bar machine with chest support, targeting lats, rhomboids, middle deltoids and biceps. Provides safe heavy lifting without spotter.""}}}"
trx-row,strength,Тяга в TRX,"Базовое упражнение с собственным весом для развития широчайших мышц спины, ромбовидных, средних дельт, бицепсов и стабилизаторов корпуса с использованием TRX петель. Выполняется стоя с наклоном корпуса назад, подтягивая тело к рукояткам TRX хватом на ширине плеч. Это классический базовый вариант TRX тяги, отлично подходит для начинающих. Нестабильность TRX требует контроля и координации, но меньшего, чем в более продвинутых вариантах. Можно регулировать сложность изменением угла наклона тела - чем ближе к вертикали, тем легче. TRX петли можно использовать как дома с дверным якорем, так и в зале.",beginner,strength-compound,back,bodyweight-reps,both,0,85,true,NSCA,2.0.0,2025-11-30T19:52:21Z,2025-11-30T19:52:21Z,"{""tags"":[""upper-body"",""strength"",""compound"",""bodyweight"",""back"",""beginner-friendly"",""unstable"",""functional"",""core""],""estimatedDuration"":300,""caloriesPerMinute"":8,""searchKeywords"":[""тяга в trx"",""trx row"",""trx тяга базовая"",""suspension trainer row"",""петли trx тяга"",""нестабильная поверхность"",""unstable surface"",""функциональная тяга"",""functional row""],""localizations"":{""en"":{""name"":""TRX Row"",""description"":""Basic bodyweight exercise targeting latissimus dorsi, rhomboids, middle deltoids, biceps, and core stabilizers using TRX suspension trainer. Performed standing with body leaning back, pulling body toward TRX handles with shoulder-width grip.""}}}"
trx-row-wide-grip,strength,Тяга в TRX широким хватом,"Упражнение с собственным весом для развития широчайших мышц спины, ромбовидных, средних дельт, бицепсов и стабилизаторов корпуса с использованием TRX петель. Выполняется стоя с наклоном корпуса назад, подтягивая тело к рукояткам TRX широким хватом (руки шире плеч). Широкий хват акцентирует нагрузку на внешнюю часть широчайших мышц и требует хорошей гибкости плечевых суставов. Нестабильность TRX в сочетании с широким хватом требует большего контроля и силы стабилизирующих мышц. Можно регулировать сложность изменением угла наклона тела. Отлично подходит для развития ширины спины и функциональной силы.",intermediate,strength-compound,back,bodyweight-reps,both,3,82,true,NSCA,2.0.0,2025-11-30T19:52:21Z,2025-11-30T19:52:21Z,"{""tags"":[""upper-body"",""strength"",""compound"",""bodyweight"",""back"",""intermediate-friendly"",""unstable"",""functional"",""core"",""wide-grip""],""estimatedDuration"":300,""caloriesPerMinute"":8,""searchKeywords"":[""тяга в trx широким хватом"",""trx row wide grip"",""trx тяга широкая"",""suspension trainer row wide"",""петли trx тяга широкая"",""нестабильная поверхность"",""unstable surface"",""функциональная тяга"",""functional row""],""localizations"":{""en"":{""name"":""TRX Row Wide Grip"",""description"":""Bodyweight exercise targeting latissimus dorsi, rhomboids, middle deltoids, biceps using TRX suspension trainer with wide grip. Performed standing with body leaning back, pulling body toward TRX handles with hands wider than shoulders.""}}}"
trx-row-close-grip,strength,Тяга в TRX узким хватом,"Упражнение с собственным весом для развития широчайших мышц спины, ромбовидных, средних дельт, бицепсов и стабилизаторов корпуса с использованием TRX петель. Выполняется стоя с наклоном корпуса назад, подтягивая тело к рукояткам TRX узким хватом (руки уже плеч). Узкий хват создает больший акцент на бицепсы и центральную часть широчайших мышц. Нестабильность TRX в сочетании с узким хватом требует большего контроля и координации. Можно регулировать сложность изменением угла наклона тела. Отлично подходит для развития толщины спины и бицепсов, а также функциональной силы.",intermediate,strength-compound,back,bodyweight-reps,both,3,82,true,NSCA,2.0.0,2025-11-30T19:52:21Z,2025-11-30T19:52:21Z,"{""tags"":[""upper-body"",""strength"",""compound"",""bodyweight"",""back"",""intermediate-friendly"",""unstable"",""functional"",""core"",""close-grip""],""estimatedDuration"":300,""caloriesPerMinute"":8,""searchKeywords"":[""тяга в trx узким хватом"",""trx row close grip"",""trx тяга узкая"",""suspension trainer row close"",""петли trx тяга узкая"",""нестабильная поверхность"",""unstable surface"",""функциональная тяга"",""functional row""],""localizations"":{""en"":{""name"":""TRX Row Close Grip"",""description"":""Bodyweight exercise targeting latissimus dorsi, rhomboids, middle deltoids, biceps using TRX suspension trainer with close grip. Performed standing with body leaning back, pulling body toward TRX handles with hands narrower than shoulders.""}}}"
trx-row-archer,strength,Тяга в TRX лучника,"Продвинутое упражнение с собственным весом для развития широчайших мышц спины, ромбовидных, средних дельт, бицепсов и стабилизаторов корпуса с использованием TRX петель. Выполняется стоя с наклоном корпуса назад, подтягивая тело к рукояткам TRX с односторонней нагрузкой - смещая вес на одну рабочую руку, вторая рука выпрямлена. Вариант лучника требует максимального контроля, координации и силы кора для предотвращения ротации корпуса. Нестабильность TRX в сочетании с односторонней нагрузкой создает экстремальные требования к стабилизирующим мышцам. Отлично подходит для развития функциональной силы, устранения мышечных дисбалансов и улучшения межмышечной координации.",advanced,strength-compound,back,bodyweight-reps,both,6,75,true,NSCA,2.0.0,2025-11-30T19:52:21Z,2025-11-30T19:52:21Z,"{""tags"":[""upper-body"",""strength"",""compound"",""bodyweight"",""back"",""advanced-only"",""unstable"",""functional"",""core"",""unilateral""],""estimatedDuration"":300,""caloriesPerMinute"":8,""searchKeywords"":[""тяга в trx лучника"",""trx row archer"",""trx тяга лучник"",""suspension trainer row archer"",""петли trx тяга лучника"",""нестабильная поверхность"",""unstable surface"",""функциональная тяга"",""functional row"",""односторонняя тяга""],""localizations"":{""en"":{""name"":""TRX Row Archer"",""description"":""Advanced bodyweight exercise targeting latissimus dorsi, rhomboids, middle deltoids, biceps using TRX suspension trainer with unilateral load - shifting weight to one working arm. Requires maximum control, coordination, and core strength.""}}}"
