id,exercise_id,mistake,created_at
1,dumbbell-bench-press-flat,"Отрыв лопаток от скамьи во время выполнения упражнения, что снижает стабильность и может привести к травме плеч.",2024-01-15T10:00:00Z
2,dumbbell-bench-press-flat,"Слишком широкий или узкий хват гантелей, что снижает эффективность упражнения и может вызвать дискомфорт в плечевых суставах.",2024-01-15T10:00:00Z
3,dumbbell-bench-press-flat,"Отсутствие контроля при опускании гантелей - слишком быстрое или резкое движение, что может привести к травме.",2024-01-15T10:00:00Z
4,dumbbell-bench-press-flat,"Отрыв стоп от пола или неправильное положение ног, что нарушает стабильность корпуса.",2024-01-15T10:00:00Z
5,dumbbell-bench-press-flat,Неполная амплитуда движения - недотягивание гантелей до груди или неполное выпрямление рук в верхней точке.,2024-01-15T10:00:00Z
6,barbell-bench-press,"Отрыв лопаток от скамьи во время выполнения упражнения, что снижает стабильность и может привести к травме плеч.",2024-01-15T10:00:00Z
7,barbell-bench-press,"Слишком широкий или узкий хват штанги, что снижает эффективность упражнения и может вызвать дискомфорт в плечевых суставах.",2024-01-15T10:00:00Z
8,barbell-bench-press,"Отсутствие контроля при опускании штанги - слишком быстрое или резкое движение, что может привести к травме.",2024-01-15T10:00:00Z
9,barbell-bench-press,"Отрыв стоп от пола или неправильное положение ног, что нарушает стабильность корпуса.",2024-01-15T10:00:00Z
10,barbell-bench-press,Неполная амплитуда движения - недотягивание штанги до груди или неполное выпрямление рук в верхней точке.,2024-01-15T10:00:00Z
11,push-ups,"Прогиб в пояснице или поднятие ягодиц вверх, что нарушает прямую линию тела и снижает эффективность упражнения.",2024-01-15T10:00:00Z
12,push-ups,"Слишком широкий или узкий хват рук, что снижает эффективность упражнения и может вызвать дискомфорт в плечевых суставах.",2024-01-15T10:00:00Z
13,push-ups,Неполная амплитуда движения - недотягивание груди до пола или неполное выпрямление рук в верхней точке.,2024-01-15T10:00:00Z
14,push-ups,"Отсутствие контроля при опускании тела - слишком быстрое или резкое движение, что может привести к травме.",2024-01-15T10:00:00Z
15,push-ups,"Неправильное положение головы - опускание или поднятие головы, что нарушает нейтральное положение позвоночника.",2024-01-15T10:00:00Z
16,incline-dumbbell-press,"Отрыв лопаток от скамьи во время выполнения упражнения, что снижает стабильность и может привести к травме плеч.",2024-01-15T10:00:00Z
17,incline-dumbbell-press,"Слишком широкий или узкий хват гантелей, что снижает эффективность упражнения и может вызвать дискомфорт в плечевых суставах.",2024-01-15T10:00:00Z
18,incline-dumbbell-press,"Отсутствие контроля при опускании гантелей - слишком быстрое или резкое движение, что может привести к травме.",2024-01-15T10:00:00Z
19,incline-dumbbell-press,"Отрыв стоп от пола или неправильное положение ног, что нарушает стабильность корпуса.",2024-01-15T10:00:00Z
20,incline-dumbbell-press,Неполная амплитуда движения - недотягивание гантелей до груди или неполное выпрямление рук в верхней точке.,2024-01-15T10:00:00Z
21,dips-chest-focus,"Слишком глубокое опускание тела, что может привести к травме плечевых суставов и растяжению связок.",2024-01-15T10:00:00Z
22,dips-chest-focus,"Раскачивание тела и использование инерции вместо мышечной силы, что снижает эффективность упражнения.",2024-01-15T10:00:00Z
23,dips-chest-focus,"Неправильное положение корпуса - слишком вертикальное или слишком горизонтальное, что смещает нагрузку с грудных мышц.",2024-01-15T10:00:00Z
24,dips-chest-focus,"Слишком широкий или узкий хват на брусьях, что снижает эффективность и может вызвать дискомфорт в плечевых суставах.",2024-01-15T10:00:00Z
25,dips-chest-focus,Неполная амплитуда движения - неполное опускание или неполное выпрямление рук в верхней точке.,2024-01-15T10:00:00Z
26,machine-chest-press-plate-loaded,"Неправильная настройка тренажера - слишком высокое или низкое положение сиденья, что нарушает естественную траекторию движения.",2024-01-15T10:00:00Z
27,machine-chest-press-plate-loaded,"Отрыв спины от спинки тренажера во время выполнения упражнения, что снижает стабильность и может привести к травме.",2024-01-15T10:00:00Z
28,machine-chest-press-plate-loaded,"Слишком широкий или узкий хват рукояток, что снижает эффективность упражнения и может вызвать дискомфорт в плечевых суставах.",2024-01-15T10:00:00Z
29,machine-chest-press-plate-loaded,"Отсутствие контроля при опускании рукояток - слишком быстрое или резкое движение, что может привести к травме.",2024-01-15T10:00:00Z
30,machine-chest-press-plate-loaded,Неполная амплитуда движения - недотягивание рукояток до груди или неполное выпрямление рук в верхней точке.,2024-01-15T10:00:00Z
31,smith-machine-bench-press,"Отрыв лопаток от скамьи во время выполнения упражнения, что снижает стабильность и может привести к травме плеч.",2024-01-15T10:00:00Z
32,smith-machine-bench-press,"Слишком широкий или узкий хват штанги, что снижает эффективность упражнения и может вызвать дискомфорт в плечевых суставах.",2024-01-15T10:00:00Z
33,smith-machine-bench-press,"Отсутствие контроля при опускании штанги - слишком быстрое или резкое движение, что может привести к травме.",2024-01-15T10:00:00Z
34,smith-machine-bench-press,"Отрыв стоп от пола или неправильное положение ног, что нарушает стабильность корпуса.",2024-01-15T10:00:00Z
35,smith-machine-bench-press,Неполная амплитуда движения - недотягивание штанги до груди или неполное выпрямление рук в верхней точке.,2024-01-15T10:00:00Z
36,decline-dumbbell-press,"Отрыв лопаток от скамьи во время выполнения упражнения, что снижает стабильность и может привести к травме плеч.",2024-01-15T10:00:00Z
37,decline-dumbbell-press,"Слишком широкий или узкий хват гантелей, что снижает эффективность упражнения и может вызвать дискомфорт в плечевых суставах.",2024-01-15T10:00:00Z
38,decline-dumbbell-press,"Отсутствие контроля при опускании гантелей - слишком быстрое или резкое движение, что может привести к травме.",2024-01-15T10:00:00Z
39,decline-dumbbell-press,"Неправильная фиксация ног в упорах, что может привести к соскальзыванию со скамьи и травме.",2024-01-15T10:00:00Z
40,decline-dumbbell-press,Неполная амплитуда движения - недотягивание гантелей до груди или неполное выпрямление рук в верхней точке.,2024-01-15T10:00:00Z
41,push-ups-on-handles,"Прогиб в пояснице или поднятие ягодиц вверх, что нарушает прямую линию тела и снижает эффективность упражнения.",2024-01-15T10:00:00Z
42,push-ups-on-handles,"Слишком широкий или узкий хват на упорах, что снижает эффективность упражнения и может вызвать дискомфорт в плечевых суставах.",2024-01-15T10:00:00Z
43,push-ups-on-handles,Неполная амплитуда движения - недотягивание груди до упоров или неполное выпрямление рук в верхней точке.,2024-01-15T10:00:00Z
44,push-ups-on-handles,"Отсутствие контроля при опускании тела - слишком быстрое или резкое движение, что может привести к травме.",2024-01-15T10:00:00Z
45,push-ups-on-handles,"Неправильное положение головы - опускание или поднятие головы, что нарушает нейтральное положение позвоночника.",2024-01-15T10:00:00Z
46,dumbbell-fly-flat-bench,"Выпрямление рук полностью - риск травмы локтевого сустава и потеря контроля над движением.",2024-01-15T10:00:00Z
47,dumbbell-fly-flat-bench,"Слишком глубокое опускание гантелей ниже уровня плеч - перерастяжение плечевого сустава и риск травмы.",2024-01-15T10:00:00Z
48,dumbbell-fly-flat-bench,"Изменение угла в локтях во время движения - превращение разведения в жим, что снижает изоляцию грудных мышц.",2024-01-15T10:00:00Z
49,dumbbell-fly-flat-bench,"Слишком быстрый темп выполнения - потеря контроля и напряжения в мышцах, что снижает эффективность упражнения.",2024-01-15T10:00:00Z
50,dumbbell-fly-flat-bench,"Отрыв ног от пола или неправильное положение стоп - потеря стабильности корпуса и снижение эффективности.",2024-01-15T10:00:00Z
51,dumbbell-fly-floor,"Выпрямление рук полностью - риск травмы локтевого сустава даже при ограниченном диапазоне.",2024-01-15T10:00:00Z
52,dumbbell-fly-floor,"Попытка опустить локти ниже уровня пола - невозможно и может привести к дискомфорту.",2024-01-15T10:00:00Z
53,dumbbell-fly-floor,"Отрыв лопаток от пола - потеря стабильности и снижение эффективности упражнения.",2024-01-15T10:00:00Z
54,dumbbell-fly-floor,"Слишком большой вес гантелей - потеря контроля из-за ограниченной амплитуды движения.",2024-01-15T10:00:00Z
55,dumbbell-fly-incline-bench,"Выпрямление рук полностью - риск травмы локтевого сустава и потеря контроля над движением.",2024-01-15T10:00:00Z
56,dumbbell-fly-incline-bench,"Слишком глубокое опускание гантелей ниже уровня плеч - перерастяжение плечевого сустава.",2024-01-15T10:00:00Z
57,dumbbell-fly-incline-bench,"Изменение угла в локтях во время движения - превращение разведения в жим, что снижает изоляцию.",2024-01-15T10:00:00Z
58,dumbbell-fly-incline-bench,"Неправильный угол скамьи - слишком крутой наклон переносит нагрузку на плечи.",2024-01-15T10:00:00Z
59,cable-fly-flat,"Выпрямление рук полностью - риск травмы локтевого сустава и потеря контроля над движением.",2024-01-15T10:00:00Z
60,cable-fly-flat,"Слишком глубокое опускание рук ниже уровня плеч - перерастяжение плечевого сустава и риск травмы.",2024-01-15T10:00:00Z
61,cable-fly-flat,"Изменение угла в локтях во время движения - превращение сведения в жим, что снижает изоляцию грудных мышц.",2024-01-15T10:00:00Z
62,cable-fly-flat,"Слишком быстрый темп выполнения - потеря контроля и постоянного натяжения кабелей.",2024-01-15T10:00:00Z
63,cable-fly-standing,"Выпрямление рук полностью - риск травмы локтевого сустава и потеря контроля над движением.",2024-01-15T10:00:00Z
64,cable-fly-standing,"Слишком глубокое опускание рук ниже уровня плеч - перерастяжение плечевого сустава и риск травмы.",2024-01-15T10:00:00Z
65,cable-fly-standing,"Изменение угла в локтях во время движения - превращение сведения в жим, что снижает изоляцию грудных мышц.",2024-01-15T10:00:00Z
66,cable-fly-standing,"Потеря стабильности корпуса - раскачивание тела снижает эффективность упражнения и может привести к травме.",2024-01-15T10:00:00Z
67,pec-deck-fly,"Выпрямление рук полностью - риск травмы локтевого сустава и потеря контроля над движением.",2024-01-15T10:00:00Z
68,pec-deck-fly,"Слишком глубокое опускание рук ниже уровня плеч - перерастяжение плечевого сустава и риск травмы.",2024-01-15T10:00:00Z
69,pec-deck-fly,"Изменение угла в локтях во время движения - превращение разведения в жим, что снижает изоляцию грудных мышц.",2024-01-15T10:00:00Z
70,pec-deck-fly,"Отрыв спины от спинки сиденья - потеря стабильности и снижение эффективности упражнения.",2024-01-15T10:00:00Z
71,cable-crossover-low-to-high,"Выпрямление рук полностью - риск травмы локтевого сустава и потеря контроля над движением.",2024-01-15T10:00:00Z
72,cable-crossover-low-to-high,"Слишком глубокое опускание рук ниже уровня плеч - перерастяжение плечевого сустава и риск травмы.",2024-01-15T10:00:00Z
73,cable-crossover-low-to-high,"Изменение угла в локтях во время движения - превращение сведения в жим, что снижает изоляцию грудных мышц.",2024-01-15T10:00:00Z
74,cable-crossover-low-to-high,"Потеря стабильности корпуса - раскачивание тела снижает эффективность упражнения и может привести к травме.",2024-01-15T10:00:00Z
75,dumbbell-pullover,"Слишком глубокое опускание гантели за голову - перерастяжение плечевых суставов и риск травмы.",2024-01-15T10:00:00Z
76,dumbbell-pullover,"Выпрямление рук полностью - потеря контроля над гантелью и риск травмы локтевых суставов.",2024-01-15T10:00:00Z
77,dumbbell-pullover,"Отрыв спины от скамьи - потеря стабильности и снижение эффективности упражнения.",2024-01-15T10:00:00Z
78,dumbbell-pullover,"Слишком тяжелый вес - нарушение техники и риск травмы плечевых суставов.",2024-01-15T10:00:00Z
79,resistance-band-fly,"Слишком слабое натяжение ленты - недостаточное сопротивление для эффективной работы мышц.",2024-01-15T10:00:00Z
80,resistance-band-fly,"Выпрямление рук полностью - потеря контроля над лентой и риск травмы локтевых суставов.",2024-01-15T10:00:00Z
81,resistance-band-fly,"Слишком глубокое разведение рук - перерастяжение плечевых суставов и риск травмы.",2024-01-15T10:00:00Z
82,resistance-band-fly,"Потеря стабильности корпуса - раскачивание тела снижает эффективность упражнения.",2024-01-15T10:00:00Z
83,incline-barbell-bench-press,"Отрыв лопаток от скамьи во время выполнения упражнения, что снижает стабильность и может привести к травме плеч.",2024-01-15T10:00:00Z
84,incline-barbell-bench-press,"Слишком широкий или узкий хват штанги, что снижает эффективность упражнения и может вызвать дискомфорт в плечевых суставах.",2024-01-15T10:00:00Z
85,incline-barbell-bench-press,"Неправильный угол наклона скамьи - слишком крутой или слишком пологий угол нарушает акцент на верхнюю часть груди.",2024-01-15T10:00:00Z
86,incline-barbell-bench-press,"Отсутствие контроля при опускании штанги - слишком быстрое или резкое движение, что может привести к травме.",2024-01-15T10:00:00Z
87,incline-barbell-bench-press,"Отрыв стоп от пола или неправильное положение ног, что нарушает стабильность корпуса на наклонной скамье.",2024-01-15T10:00:00Z
88,incline-barbell-bench-press,Неполная амплитуда движения - недотягивание штанги до груди или неполное выпрямление рук в верхней точке.,2024-01-15T10:00:00Z
89,decline-barbell-bench-press,"Отрыв лопаток от скамьи во время выполнения упражнения, что снижает стабильность и может привести к травме плеч.",2024-01-15T10:00:00Z
90,decline-barbell-bench-press,"Слишком широкий или узкий хват штанги, что снижает эффективность упражнения и может вызвать дискомфорт в плечевых суставах.",2024-01-15T10:00:00Z
91,decline-barbell-bench-press,"Неправильная фиксация ног в упорах, что может привести к соскальзыванию со скамьи и серьезной травме головы.",2024-01-15T10:00:00Z
92,decline-barbell-bench-press,"Отсутствие контроля при опускании штанги - слишком быстрое или резкое движение, что может привести к травме.",2024-01-15T10:00:00Z
93,decline-barbell-bench-press,"Неправильный угол наклона скамьи - слишком крутой отрицательный угол может вызвать головокружение и дискомфорт.",2024-01-15T10:00:00Z
94,decline-barbell-bench-press,Неполная амплитуда движения - недотягивание штанги до груди или неполное выпрямление рук в верхней точке.,2024-01-15T10:00:00Z
95,close-grip-push-ups,"Разведение локтей в стороны - правильная техника требует удерживать локти близко к телу для акцента на трицепсы.",2024-01-15T10:00:00Z
96,close-grip-push-ups,"Прогиб в пояснице или поднятие ягодиц вверх - нарушает прямую линию тела и снижает эффективность упражнения.",2024-01-15T10:00:00Z
97,close-grip-push-ups,"Слишком узкая постановка рук - вызывает чрезмерную нагрузку на запястья и локтевые суставы, что может привести к травме.",2024-01-15T10:00:00Z
98,close-grip-push-ups,"Отсутствие контроля при опускании тела - слишком быстрое или резкое движение снижает эффективность и может привести к травме.",2024-01-15T10:00:00Z
99,close-grip-push-ups,"Неполная амплитуда движения - недотягивание груди до пола или неполное выпрямление рук в верхней точке снижает эффективность упражнения.",2024-01-15T10:00:00Z
100,wide-grip-push-ups,"Слишком широкая постановка рук - чрезмерное разведение рук создает излишнюю нагрузку на плечевые суставы и может привести к травме. Оптимальная ширина - в 1.5-2 раза шире плеч.",2024-01-15T10:00:00Z
101,wide-grip-push-ups,"Прогиб в пояснице или поднятие ягодиц вверх - нарушает прямую линию тела, снижает эффективность упражнения и увеличивает риск травмы позвоночника.",2024-01-15T10:00:00Z
102,wide-grip-push-ups,"Чрезмерное разведение локтей в стороны - хотя при широкой постановке рук локти естественно разводятся, слишком широкий угол (более 60-70 градусов) создает небезопасную нагрузку на плечи.",2024-01-15T10:00:00Z
103,wide-grip-push-ups,"Отсутствие контроля при опускании тела - слишком быстрое или резкое движение снижает эффективность упражнения и может привести к чрезмерному растяжению плечевых суставов.",2024-01-15T10:00:00Z
104,wide-grip-push-ups,"Неполная амплитуда движения - недотягивание груди до пола или неполное выпрямление рук в верхней точке снижает эффективность упражнения и не дает полной нагрузки на грудные мышцы.",2024-01-15T10:00:00Z
105,decline-push-ups,"Провисание таза или выгибание спины - нарушает прямую линию тела, снижает стабильность корпуса и увеличивает риск травмы позвоночника. Напрягайте пресс и ягодицы на протяжении всего упражнения.",2024-01-15T10:00:00Z
106,decline-push-ups,"Слишком высокое возвышение для ног - чрезмерная высота (более 60-70 см) значительно увеличивает нагрузку на плечи и может привести к травме, особенно для начинающих. Начинайте с небольшой высоты (30-40 см).",2024-01-15T10:00:00Z
107,decline-push-ups,"Отсутствие контроля положения головы - наклонное положение может вызывать дискомфорт или головокружение. Держите голову в нейтральном положении, не запрокидывайте ее назад.",2024-01-15T10:00:00Z
108,decline-push-ups,"Неполная амплитуда движения или слишком быстрое выполнение - недотягивание груди до пола или резкие движения снижают эффективность упражнения. Контролируйте движение в обеих фазах.",2024-01-15T10:00:00Z
109,incline-push-ups,"Провисание таза или выгибание спины - нарушает прямую линию тела, снижает стабильность корпуса и эффективность упражнения. Напрягайте пресс и ягодицы на протяжении всего движения.",2024-01-15T10:00:00Z
110,incline-push-ups,"Неустойчивое возвышение - использование нестабильной поверхности (неустойчивый стул, шатающаяся скамья) может привести к травме. Убедитесь, что возвышение прочное и устойчивое перед началом упражнения.",2024-01-15T10:00:00Z
111,incline-push-ups,"Слишком высокое или низкое возвышение - чрезмерная высота (более 60-70 см) делает упражнение слишком легким и снижает эффективность, а слишком низкое (менее 20 см) почти не отличается от обычных отжиманий. Оптимальная высота 30-50 см.",2024-01-15T10:00:00Z
112,incline-push-ups,"Неполная амплитуда движения - недотягивание груди к возвышению или неполное выпрямление рук в верхней точке снижает эффективность упражнения. Контролируйте полную амплитуду движения.",2024-01-15T10:00:00Z
113,plyometric-push-ups,"Провисание таза в фазе полета - приводит к потере стабильности и может вызвать жесткое приземление с повышенным риском травмы запястий или плеч. Напрягайте кор и ягодицы даже в воздухе.",2024-01-15T10:00:00Z
114,plyometric-push-ups,"Жесткое неконтролируемое приземление - создает избыточную ударную нагрузку на запястья, локти и плечи, что может привести к травме. Приземляйтесь мягко, смягчая удар сгибанием локтей.",2024-01-15T10:00:00Z
115,plyometric-push-ups,"Недостаточная взрывная сила для отрыва рук - попытка выполнить упражнение без должной подготовки приводит к неполному отрыву или приземлению лицом вниз, что опасно.",2024-01-15T10:00:00Z
116,plyometric-push-ups,"Выполнение на твердой или скользкой поверхности - увеличивает риск травмы запястий и может привести к падению. Используйте мягкий коврик или специальную поверхность для плиометрики.",2024-01-15T10:00:00Z
117,plyometric-push-ups,"Отсутствие контроля при опускании в эксцентрической фазе - слишком быстрое опускание лишает мышцы подготовки к взрывному движению и снижает генерируемую мощность.",2024-01-15T10:00:00Z
118,ring-push-ups,"Чрезмерный разворот колец наружу - создает опасную нагрузку на плечевые суставы и может привести к травме. Активно сопротивляйтесь вращению колец, держите локти направленными назад.",2024-01-15T10:00:00Z
119,ring-push-ups,"Потеря контроля и стабильности колец - может привести к падению и травме. Начинайте с колец на небольшой высоте от пола и постепенно опускайте их по мере роста силы и контроля.",2024-01-15T10:00:00Z
120,ring-push-ups,"Провисание таза и нарушение прямой линии тела - снижает эффективность упражнения и увеличивает нагрузку на поясницу. Напрягайте кор, ягодицы и пресс для поддержания стабильности.",2024-01-15T10:00:00Z
121,ring-push-ups,"Слишком быстрый темп выполнения - не позволяет должным образом контролировать кольца и может привести к потере контроля. Выполняйте упражнение медленно и контролируемо, фокусируясь на технике.",2024-01-15T10:00:00Z
122,dumbbell-press-neutral-grip,"Потеря нейтрального хвата во время выполнения - поворот ладоней наружу или внутрь снижает эффективность упражнения и меняет акцент нагрузки. Держите ладони всегда направленными друг к другу на протяжении всего движения.",2024-01-15T10:00:00Z
123,dumbbell-press-neutral-grip,"Отрыв лопаток от скамьи во время выполнения упражнения, что снижает стабильность и может привести к травме плеч. Плотно прижимайте лопатки к скамье на протяжении всего подхода.",2024-01-15T10:00:00Z
124,dumbbell-press-neutral-grip,"Слишком широкий или слишком узкий хват гантелей - снижает эффективность упражнения и может вызвать дискомфорт. Держите гантели на ширине плеч или чуть уже для оптимальной активации мышц.",2024-01-15T10:00:00Z
125,dumbbell-press-neutral-grip,"Отсутствие контроля при опускании гантелей - слишком быстрое или резкое движение может привести к травме и снижает эффективность упражнения. Опускайте гантели медленно и контролируемо.",2024-01-15T10:00:00Z
126,dumbbell-press-neutral-grip,"Неполная амплитуда движения - недотягивание гантелей до груди или неполное выпрямление рук в верхней точке. Опускайтесь до касания груди и полностью выпрямляйте руки в верхней точке.",2024-01-15T10:00:00Z
128,smith-machine-incline-bench-press,"Отрыв лопаток от скамьи во время выполнения упражнения, что снижает стабильность и может привести к травме плеч. Всегда держите лопатки прижатыми к скамье на протяжении всего подхода.",2024-01-15T10:00:00Z
129,smith-machine-incline-bench-press,"Неправильный угол наклона скамьи - слишком большой или слишком маленький угол снижает эффективность упражнения. Оптимальный диапазон 30-45 градусов для акцента на верхнюю часть груди.",2024-01-15T10:00:00Z
130,smith-machine-incline-bench-press,"Отсутствие контроля при опускании штанги - слишком быстрое или резкое движение может привести к травме и снижает эффективность упражнения. Опускайте штангу медленно и контролируемо по фиксированной траектории.",2024-01-15T10:00:00Z
131,smith-machine-incline-bench-press,"Неправильное положение ног или отрыв стоп от пола, что нарушает стабильность корпуса. Стопы должны быть устойчиво поставлены на пол на протяжении всего упражнения.",2024-01-15T10:00:00Z
132,smith-machine-incline-bench-press,"Неполная амплитуда движения - недотягивание штанги до груди или неполное выпрямление рук в верхней точке. Опускайтесь до касания груди и полностью выпрямляйте руки в верхней точке.",2024-01-15T10:00:00Z
133,smith-machine-decline-bench-press,"Неправильная фиксация ног в упорах - неполная или ненадежная фиксация может привести к соскальзыванию со скамьи и серьезной травме головы. Всегда проверяйте надежность фиксации перед началом упражнения.",2024-01-15T10:00:00Z
134,smith-machine-decline-bench-press,"Отрыв лопаток от скамьи во время выполнения упражнения, что снижает стабильность и может привести к травме плеч. Плотно прижимайте лопатки к скамье на протяжении всего подхода, особенно важно в наклонном положении.",2024-01-15T10:00:00Z
135,smith-machine-decline-bench-press,"Отсутствие контроля при опускании штанги - слишком быстрое или резкое движение может привести к травме и снижает эффективность упражнения. Опускайте штангу медленно и контролируемо по фиксированной траектории машины Смита.",2024-01-15T10:00:00Z
136,smith-machine-decline-bench-press,"Задержка дыхания или неконтролируемое дыхание - особенно опасно в положении головой вниз, может вызвать резкое повышение артериального давления и головокружение. Дышите глубоко и ритмично на протяжении всего движения.",2024-01-15T10:00:00Z
137,smith-machine-decline-bench-press,"Неполная амплитуда движения - недотягивание штанги до груди или неполное выпрямление рук в верхней точке. Опускайтесь до касания груди и полностью выпрямляйте руки в верхней точке для максимальной эффективности.",2024-01-15T10:00:00Z
138,cable-crossover-high-to-low,"Выпрямление рук полностью - риск травмы локтевого сустава и потеря контроля над движением. Держите локти слегка согнутыми под углом 10-15 градусов на протяжении всего упражнения.",2024-01-15T10:00:00Z
139,cable-crossover-high-to-low,"Слишком высокое исходное положение рук выше уровня плеч - перерастяжение плечевого сустава и потеря акцента на нижнюю часть груди. Руки должны быть на уровне плеч или чуть выше.",2024-01-15T10:00:00Z
140,cable-crossover-high-to-low,"Изменение угла в локтях во время движения - превращение сведения в жим, что снижает изоляцию нижней части грудных мышц. Сохраняйте постоянный угол в локтях на протяжении всей амплитуды.",2024-01-15T10:00:00Z
141,cable-crossover-high-to-low,"Потеря стабильности корпуса - раскачивание тела снижает эффективность упражнения и может привести к травме спины. Напрягайте мышцы кора и держите спину прямо.",2024-01-15T10:00:00Z
142,cable-crossover-high-to-low,"Слишком быстрое движение без контроля - снижает эффективность упражнения и увеличивает риск травмы. Двигайтесь медленно и контролируемо, чувствуя работу нижней части грудных мышц на протяжении всей амплитуды.",2024-01-15T10:00:00Z
143,one-arm-push-up,"Ротация корпуса и таза в сторону рабочей руки - критическая ошибка, которая увеличивает риск травмы позвоночника и снижает эффективность. Фокусируйтесь на стабилизации через активное напряжение кора, ягодиц и широкую постановку ног.",2024-01-15T10:00:00Z
144,one-arm-push-up,"Провисание таза и нарушение прямой линии тела - снижает эффективность упражнения и увеличивает нагрузку на поясницу. Напрягайте ягодицы, пресс и мышцы кора на протяжении всего движения, представьте, что держите монету между ягодицами.",2024-01-15T10:00:00Z
145,one-arm-push-up,"Постановка рабочей руки слишком близко к боку - создает чрезмерную нагрузку на плечевой сустав и увеличивает риск травмы. Рабочая рука должна быть расположена под центром груди для равномерного распределения нагрузки.",2024-01-15T10:00:00Z
146,one-arm-push-up,"Слишком узкая постановка ног - значительно увеличивает сложность стабилизации и риск ротации корпуса. Используйте широкую стойку ног (примерно в 1.5-2 раза шире плеч) для создания стабильной базы и предотвращения перекосов.",2024-01-15T10:00:00Z
147,hammer-chest-press-one-arm,"Ротация корпуса и таза в сторону рабочей руки - критическая ошибка, которая увеличивает риск травмы позвоночника и снижает эффективность упражнения. Фокусируйтесь на стабилизации через активное напряжение кора, ягодиц и спины. Держите таз и плечи параллельно друг другу.",2024-01-15T10:00:00Z
148,hammer-chest-press-one-arm,"Провисание или отрыв спины от спинки тренажера - нарушает стабильность корпуса и снижает эффективность упражнения. Плотно прижимайте всю спину к спинке на протяжении всего движения, особенно важно для односторонней работы.",2024-01-15T10:00:00Z
149,hammer-chest-press-one-arm,"Слишком большой вес, ведущий к компенсациям и нарушению техники - односторонняя работа требует большего контроля, поэтому используйте вес меньше, чем при двустороннем жиме. Слишком большой вес приведет к ротации корпуса и потере техники.",2024-01-15T10:00:00Z
150,hammer-chest-press-one-arm,"Неполная амплитуда движения - недотягивание рукоятки до груди или неполное выпрямление руки в верхней точке снижает эффективность упражнения. Выполняйте полную контролируемую амплитуду движения на каждом повторении.",2024-01-15T10:00:00Z
151,hammer-chest-press-one-arm,"Отрыв лопатки рабочей стороны от спинки или выход плеча вперед за линию груди - увеличивает риск травмы плечевого сустава и снижает эффективность упражнения. Держите лопатку прижатой и стабильной на протяжении всего движения.",2024-01-15T10:00:00Z
152,cable-pullover,"Слишком глубокое опускание рукоятки за голову - перерастяжение плечевых суставов и риск травмы. Останавливайтесь на уровне ушей или чуть ниже. При дискомфорте в плечах уменьшите амплитуду движения.",2024-01-15T10:00:00Z
153,cable-pullover,"Выпрямление рук полностью - риск травмы локтевого сустава и потеря контроля над движением. Сохраняйте небольшой сгиб в локтях (10-15 градусов) на протяжении всего упражнения.",2024-01-15T10:00:00Z
154,cable-pullover,"Рывковые движения вместо контролируемого темпа - снижает эффективность упражнения и увеличивает риск травмы. Контролируйте движение на всех фазах: медленно опускайте, пауза внизу, мощно поднимайте.",2024-01-15T10:00:00Z
155,cable-pullover,"Задержка дыхания в растянутой позиции - повышает артериальное давление и снижает эффективность. Дышите ритмично: вдох при опускании, выдох при подъеме.",2024-01-15T10:00:00Z
156,cable-pullover,"Неправильное положение рукоятки - слишком узкий или слишком широкий хват снижает эффективность. Используйте прямую рукоятку хватом на ширине плеч или чуть шире.",2024-01-15T10:00:00Z
157,dumbbell-fly-decline-bench,"Неправильная фиксация ног в упорах - неполная или ненадежная фиксация может привести к соскальзыванию со скамьи и серьезной травме головы. Всегда проверяйте надежность фиксации перед началом упражнения.",2024-01-15T10:00:00Z
158,dumbbell-fly-decline-bench,"Выпрямление рук полностью - риск травмы локтевого сустава и потеря контроля над движением. Держите локти слегка согнутыми под углом 10-15 градусов на протяжении всего упражнения.",2024-01-15T10:00:00Z
159,dumbbell-fly-decline-bench,"Слишком глубокое опускание гантелей ниже уровня плеч - перерастяжение плечевого сустава и риск травмы. Особенно опасно в наклонном положении, которое усиливает растяжение.",2024-01-15T10:00:00Z
160,dumbbell-fly-decline-bench,"Изменение угла в локтях во время движения - превращение разведения в жим, что снижает изоляцию нижней части грудных мышц. Сохраняйте постоянный угол в локтях на протяжении всей амплитуды.",2024-01-15T10:00:00Z
161,dumbbell-fly-decline-bench,"Задержка дыхания или неконтролируемое дыхание - особенно опасно в положении головой вниз, может вызвать резкое повышение артериального давления и головокружение. Дышите глубоко и ритмично на протяжении всего движения.",2024-01-15T10:00:00Z
162,weighted-push-ups,"Неправильная фиксация отягощения - жилет или пояс закреплены ненадежно, что может привести к соскальзыванию во время выполнения и травме. Всегда проверяйте надежность крепления перед началом упражнения.",2024-01-15T10:00:00Z
163,weighted-push-ups,"Слишком большое отягощение - чрезмерный вес нарушает технику выполнения, приводит к компенсациям и увеличивает риск травмы. Начинайте с небольшого веса (5-10% от массы тела) и постепенно увеличивайте нагрузку.",2024-01-15T10:00:00Z
164,weighted-push-ups,"Прогиб в пояснице или поднятие ягодиц вверх - нарушает прямую линию тела и увеличивает риск травмы позвоночника. Дополнительный вес усложняет поддержание правильного положения, поэтому особенно важно контролировать кор.",2024-01-15T10:00:00Z
165,weighted-push-ups,"Неполная амплитуда движения - недотягивание груди до пола или неполное выпрямление рук в верхней точке снижает эффективность упражнения. Контролируйте полную амплитуду на каждом повторении.",2024-01-15T10:00:00Z
166,weighted-push-ups,"Задержка дыхания под дополнительным весом - особенно опасно, так как дополнительное отягощение усложняет дыхание. Дышите ритмично и глубоко на протяжении всего движения, не задерживайте дыхание.",2024-01-15T10:00:00Z
167,dumbbell-bench-press-alternating-floor,"Ротация корпуса и таза при опускании гантели одной рукой - критическая ошибка, которая может привести к травме позвоночника и снижает эффективность упражнения. Активно контролируйте ротацию, напрягая мышцы кора и косые мышцы живота.",2024-01-15T10:00:00Z
168,dumbbell-bench-press-alternating-floor,"Слишком быстрое выполнение без контроля стабилизации - теряется основной тренировочный эффект упражнения. Выполняйте движение медленно и контролируемо, фокусируясь на поддержании стабильности корпуса между повторениями.",2024-01-15T10:00:00Z
169,dumbbell-bench-press-alternating-floor,"Отрыв лопаток от пола во время выполнения - нарушает стабильность и может привести к травме плечевых суставов. Поддерживайте постоянный контакт лопаток с полом на протяжении всего упражнения.",2024-01-15T10:00:00Z
170,dumbbell-bench-press-alternating-floor,"Неконтролируемое падение гантели в нижней точке - особенно опасно при поочередном выполнении, так как одна рука контролирует две гантели. Опускайте гантель медленно и контролируемо до касания локтем пола.",2024-01-15T10:00:00Z
171,dumbbell-bench-press-alternating-floor,"Провисание таза или выгибание спины - нарушает прямую линию тела и снижает эффективность антиротационной работы кора. Напрягайте пресс, ягодицы и косые мышцы живота для поддержания стабильности.",2024-01-15T10:00:00Z
172,alternating-dumbbell-bench-press,"Ротация корпуса и таза при опускании гантели одной рукой - критическая ошибка, которая может привести к травме позвоночника и снижает эффективность упражнения. Увеличенный диапазон движения на скамье требует еще более активного контроля ротации. Напрягайте мышцы кора, косые мышцы живота и держите лопатки прижатыми к скамье.",2024-01-15T10:00:00Z
173,alternating-dumbbell-bench-press,"Слишком быстрое выполнение без контроля стабилизации - теряется основной тренировочный эффект упражнения, особенно при увеличенной амплитуде движения на скамье. Выполняйте движение медленно и контролируемо, фокусируясь на поддержании стабильности корпуса на протяжении всей амплитуды движения.",2024-01-15T10:00:00Z
174,alternating-dumbbell-bench-press,"Отрыв лопаток от скамьи во время выполнения - нарушает стабильность и может привести к травме плечевых суставов. Увеличенный диапазон движения требует постоянного контакта лопаток со скамьей. Поддерживайте постоянный контакт лопаток со скамьей на протяжении всего упражнения.",2024-01-15T10:00:00Z
175,alternating-dumbbell-bench-press,"Неконтролируемое опускание гантели в нижней точке - особенно опасно при поочередном выполнении на скамье, так как увеличенная амплитуда увеличивает риск травмы. Опускайте гантель медленно и контролируемо до легкого касания груди или комфортного растяжения.",2024-01-15T10:00:00Z
176,alternating-dumbbell-bench-press,"Провисание таза или выгибание спины - нарушает прямую линию тела и снижает эффективность антиротационной работы кора. На скамье особенно важно поддерживать правильное положение таза. Напрягайте пресс, ягодицы и косые мышцы живота для поддержания стабильности, плотно прижимая ягодицы к скамье.",2024-01-15T10:00:00Z
177,incline-alternating-dumbbell-press,"Ротация корпуса и таза при опускании гантели одной рукой - критическая ошибка, которая может привести к травме позвоночника и снижает эффективность упражнения. Наклонное положение с увеличенным диапазоном движения требует еще более активного контроля ротации по сравнению с горизонтальной версией. Напрягайте мышцы кора, косые мышцы живота и держите лопатки прижатыми к скамье.",2024-01-15T10:00:00Z
178,incline-alternating-dumbbell-press,"Отрыв лопаток от скамьи во время выполнения - нарушает стабильность и может привести к травме плечевых суставов. Наклонное положение с увеличенной амплитудой движения требует постоянного контакта лопаток со скамьей. Поддерживайте постоянный контакт лопаток со скамьей на протяжении всего упражнения.",2024-01-15T10:00:00Z
179,incline-alternating-dumbbell-press,"Слишком быстрое выполнение без контроля стабилизации - теряется основной тренировочный эффект упражнения, особенно при наклонном положении с увеличенной амплитудой движения. Выполняйте движение медленно и контролируемо, фокусируясь на поддержании стабильности корпуса на протяжении всей амплитуды движения.",2024-01-15T10:00:00Z
180,incline-alternating-dumbbell-press,"Неконтролируемое опускание гантели в нижней точке - особенно опасно при поочередном выполнении на наклонной скамье, так как увеличенная амплитуда и угол наклона увеличивают риск травмы. Опускайте гантель медленно и контролируемо до легкого касания верхней части груди или комфортного растяжения.",2024-01-15T10:00:00Z
181,incline-alternating-dumbbell-press,"Неправильное положение плеч - плечи не должны выходить вперед за линию груди во время опускания гантели. Наклонное положение увеличивает риск выхода плеча вперед, что может привести к травме плечевого сустава. Держите лопатки сведенными и прижатыми к скамье, не допускайте выхода плеч вперед.",2024-01-15T10:00:00Z
182,svend-press,"Недостаточное сжатие диска между ладонями - диск может скользить и выпасть, что опасно и снижает эффективность упражнения. Сжимайте диск с максимальной силой на протяжении всего движения, создавая изометрическое напряжение.",2024-01-15T10:00:00Z
183,svend-press,"Полное выпрямление локтей в верхней точке - блокировка суставов может привести к травме и снижает мышечное напряжение. Держите локти слегка согнутыми на протяжении всего движения, оставляя небольшой угол в верхней точке.",2024-01-15T10:00:00Z
184,svend-press,"Слишком быстрое выполнение без контроля - теряется изометрическое напряжение и эффективность упражнения. Выполняйте движение медленно и контролируемо, фокусируясь на максимальном сжатии грудных мышц.",2024-01-15T10:00:00Z
185,svend-press,"Неправильное положение плеч - плечи не должны выходить вперед или подниматься вверх. Держите плечи опущенными и отведенными назад, лопатки сведены вместе для правильной техники и безопасности.",2024-01-15T10:00:00Z
186,svend-press,"Отсутствие паузы в верхней точке - снижает эффективность изометрического напряжения и мышечного сокращения. Делайте паузу на 1-2 секунды в верхней точке, максимально сжимая грудные мышцы.",2024-01-15T10:00:00Z
187,neutral-grip-barbell-bench-press,"Разведение локтей слишком широко в стороны - хотя нейтральный хват более безопасен, слишком широкое разведение локтей все равно может создать нагрузку на плечевые суставы. Держите локти под углом примерно 45 градусов к телу для оптимальной техники и безопасности.",2024-01-15T10:00:00Z
188,neutral-grip-barbell-bench-press,"Отрыв таза от скамьи - мост чрезмерно увеличивает нагрузку на поясницу и нарушает технику выполнения. Держите таз, верх спины и голову прижатыми к скамье на протяжении всего упражнения.",2024-01-15T10:00:00Z
189,neutral-grip-barbell-bench-press,"Слишком быстрый темп выполнения - снижает эффективность упражнения и увеличивает риск травмы. Контролируйте движение на протяжении всей амплитуды, особенно в эксцентрической фазе (опускание).",2024-01-15T10:00:00Z
190,neutral-grip-barbell-bench-press,"Неполная амплитуда движения - неполное опускание штанги к груди снижает эффективность упражнения. Опускайте штангу до полного касания груди в нижней точке для максимальной активации мышц.",2024-01-15T10:00:00Z
191,neutral-grip-barbell-bench-press,"Задержка дыхания - особенно опасно при тяжелых весах. Дышите ритмично: вдох при опускании, выдох при подъеме. При максимальных весах можно использовать технику Вальсальвы, но не злоупотребляйте ею.",2024-01-15T10:00:00Z
192,kettlebell-floor-press,"Потеря контроля над гирей - уникальная форма гири требует особого внимания к хвату и стабилизации. Всегда держите гирю крепко за рукоятку и контролируйте ее положение на протяжении всего движения. При потере контроля немедленно опустите гирю на пол.",2024-01-15T10:00:00Z
193,kettlebell-floor-press,"Несимметричное выполнение - выполнение упражнения только одной рукой приводит к мышечному дисбалансу. Всегда выполняйте одинаковое количество повторений на каждую руку для симметричного развития мышц.",2024-01-15T10:00:00Z
194,kettlebell-floor-press,"Слишком быстрый темп - снижает эффективность упражнения и увеличивает риск потери контроля над гирей. Контролируйте движение на протяжении всей амплитуды, особенно в эксцентрической фазе (опускание).",2024-01-15T10:00:00Z
195,kettlebell-floor-press,"Отрыв спины от пола - создает компенсацию и снижает эффективность упражнения. Держите спину, плечи и голову прижатыми к полу на протяжении всего движения для правильной техники и безопасности.",2024-01-15T10:00:00Z
196,kettlebell-floor-press,"Задержка дыхания - может привести к повышению давления и потере контроля. Дышите ритмично: вдох при опускании гири, выдох при жиме вверх. Контролируемое дыхание критически важно для поддержания стабильности.",2024-01-15T10:00:00Z
197,landmine-press,"Потеря стабильности корпуса - стоячее положение требует активной работы мышц кора для предотвращения компенсаций и ротации. Напрягайте мышцы пресса и ягодиц на протяжении всего движения. Если чувствуете ротацию или потерю контроля, уменьшите вес.",2024-01-15T10:00:00Z
198,landmine-press,"Неправильное положение ног - слишком узкая или широкая постановка ног нарушает стабильность. Ноги должны быть на ширине плеч, стопы устойчиво поставлены на пол. Не переносите вес на одну ногу - это может привести к компенсациям и травме.",2024-01-15T10:00:00Z
199,landmine-press,"Отсутствие контроля при опускании штанги - слишком быстрое или резкое движение может привести к потере контроля и травме. Контролируйте движение на протяжении всей амплитуды, особенно в эксцентрической фазе (опускание).",2024-01-15T10:00:00Z
200,landmine-press,"Неполная амплитуда движения - недотягивание штанги до груди или неполное выпрямление рук в верхней точке снижает эффективность упражнения. Опускайте до легкого касания груди и полностью выпрямляйте руки в верхней точке.",2024-01-15T10:00:00Z
201,landmine-press,"Задержка дыхания - может привести к повышению давления и потере контроля над стабильностью корпуса. Дышите ритмично: вдох при опускании штанги, выдох при жиме вперед. Контролируемое дыхание критически важно для поддержания стабильности позвоночника.",2024-01-15T10:00:00Z
202,trx-push-ups,"Раскачивание TRX петель и потеря контроля - может привести к потере равновесия и травме. Активно контролируйте стабильность петель на протяжении всего движения. Начинайте с более высокого положения петель и постепенно опускайте их по мере роста силы и контроля.",2024-01-15T10:00:00Z
203,trx-push-ups,"Провисание таза и нарушение прямой линии тела - снижает эффективность упражнения и увеличивает нагрузку на поясницу. Напрягайте кор, ягодицы и пресс для поддержания стабильности. Ваше тело должно образовывать прямую линию от головы до пяток.",2024-01-15T10:00:00Z
204,trx-push-ups,"Слишком быстрый темп выполнения - не позволяет должным образом контролировать TRX петли и может привести к потере контроля. Выполняйте упражнение медленно и контролируемо, фокусируясь на технике и стабильности петель.",2024-01-15T10:00:00Z
205,trx-push-ups,"Разведение локтей в стороны - создает опасную нагрузку на плечевые суставы и снижает эффективность упражнения. Держите локти направленными назад под углом 45 градусов к телу на протяжении всего движения.",2024-01-15T10:00:00Z
206,trx-push-ups,"Неполная амплитуда движения - недотягивание груди до уровня рукояток TRX или неполное выпрямление рук в верхней точке снижает эффективность упражнения. Опускайтесь до полной амплитуды и полностью выпрямляйте руки в верхней точке.",2024-01-15T10:00:00Z
207,diamond-push-ups,"Неправильное положение рук - руки расположены слишком далеко от груди или не образуют правильный ромб. Большие и указательные пальцы должны касаться друг друга, образуя треугольную форму. Руки должны быть под грудью, а не под плечами. Это критически важно для правильной техники и безопасности запястий.",2024-01-15T10:00:00Z
208,diamond-push-ups,"Разведение локтей слишком широко в стороны - создает опасную нагрузку на плечевые суставы и снижает акцент на трицепсы. Локти должны быть направлены назад и слегка в стороны, но не разводите их слишком широко. Держите локти под углом 45 градусов к телу для максимальной эффективности и безопасности.",2024-01-15T10:00:00Z
209,diamond-push-ups,"Провисание таза или поднятие ягодиц вверх - нарушает прямую линию тела и снижает эффективность упражнения. Напрягайте мышцы пресса и ягодиц на протяжении всего движения. Ваше тело должно образовывать прямую линию от головы до пяток. Это критически важно для правильной техники и предотвращения травм поясницы.",2024-01-15T10:00:00Z
210,diamond-push-ups,"Неполная амплитуда движения - недотягивание груди до рук или неполное выпрямление рук в верхней точке снижает эффективность упражнения. Опускайтесь до тех пор, пока грудь почти не коснется рук, и полностью выпрямляйте руки в верхней точке. Полная амплитуда критически важна для максимальной активации трицепсов.",2024-01-15T10:00:00Z
211,diamond-push-ups,"Чрезмерная нагрузка на запястья из-за неправильного угла - может привести к боли и травмам запястий. Если чувствуете дискомфорт в запястьях, используйте упоры для отжиманий или выполняйте упражнение на кулаках. Убедитесь, что запястья находятся в нейтральном положении и не перегружены.",2024-01-15T10:00:00Z
212,push-ups-with-pause,"Отсутствие или слишком короткая пауза в нижней точке - снижает эффективность упражнения и не позволяет устранить рефлекторное сокращение мышц. Обязательно делайте паузу на 2-3 секунды в нижней точке, сохраняя полный контроль и напряжение мышц. Используйте таймер или считайте про себя для контроля времени паузы.",2024-01-15T10:00:00Z
213,push-ups-with-pause,"Провисание таза во время паузы - нарушает правильную технику и снижает эффективность упражнения. Во время паузы сохраняйте напряжение в мышцах пресса и ягодиц, не допускайте провисания таза или выгибания спины. Тело должно оставаться в прямой линии от головы до пяток на протяжении всего движения и паузы.",2024-01-15T10:00:00Z
214,push-ups-with-pause,"Задержка дыхания на слишком долгое время во время паузы - может привести к повышению давления и головокружению. Дышите контролируемо во время паузы, не задерживайте дыхание более чем на 2-3 секунды. Если чувствуете дискомфорт, сократите время паузы или сделайте короткий вдох-выдох во время паузы.",2024-01-15T10:00:00Z
215,push-ups-with-pause,"Рывковое движение после паузы - снижает эффективность и может привести к потере контроля. После паузы начинайте движение вверх плавно и контролируемо, не используйте инерцию или рывки. Пауза устраняет рефлекторное сокращение, поэтому начало движения потребует больших усилий - это нормально и ожидаемо.",2024-01-15T10:00:00Z
216,push-ups-with-pause,"Неполная амплитуда движения - недотягивание до пола или неполное выпрямление рук снижает эффективность упражнения. Опускайтесь до тех пор, пока грудь почти не коснется пола (2-3 см), и полностью выпрямляйте руки в верхней точке. Полная амплитуда критически важна для максимальной активации мышц и развития силы.",2024-01-15T10:00:00Z
217,archer-push-ups,"Ротация корпуса и провисание таза - критическая ошибка, которая может привести к травме позвоночника и снижает эффективность упражнения. Односторонняя нагрузка требует максимального напряжения кора для предотвращения ротации. Напрягайте мышцы пресса, ягодиц и спины на протяжении всего движения, создавая внутрибрюшное давление для стабилизации позвоночника.",2024-01-15T10:00:00Z
218,archer-push-ups,"Недостаточное смещение веса на рабочую руку - снижает эффективность упражнения и не создает необходимой односторонней нагрузки. Активно смещайте вес тела на рабочую руку во время опускания, в то время как вторая рука вытягивается в сторону. Рабочая рука должна принимать на себя 80-90% веса тела для максимальной эффективности.",2024-01-15T10:00:00Z
219,archer-push-ups,"Слишком быстрое или неконтролируемое движение - может привести к потере контроля и травме. Односторонняя нагрузка требует медленного контролируемого движения на всех фазах. Опускайтесь медленно (2-3 секунды), делайте короткую паузу в нижней точке, затем мощно, но контролируемо поднимайтесь. При усталости или потере контроля немедленно прекратите упражнение.",2024-01-15T10:00:00Z
220,archer-push-ups,"Неправильное положение второй руки - рука должна быть полностью вытянута в сторону параллельно полу, а не согнута или направлена вверх. Вытягивание руки в сторону имитирует натяжение лука и создает дополнительную нагрузку на стабилизаторы. Неправильное положение снижает эффективность упражнения и может привести к дискомфорту в плечевом суставе.",2024-01-15T10:00:00Z
221,archer-push-ups,"Недостаточная ширина постановки рук - узкая постановка рук не позволяет правильно выполнить движение и сместить вес на одну руку. Руки должны быть расположены значительно шире плеч (примерно в 1.5-2 раза шире), чтобы обеспечить достаточное пространство для смещения веса и вытягивания второй руки в сторону.",2024-01-15T10:00:00Z
222,barbell-floor-press,"Отсутствие ограничителей или страховки - выполнение жима на полу без выставленных упоров может привести к застреванию штанги на груди. Всегда выставляйте ограничители или используйте помощника, особенно при работе с тяжелыми весами.",2025-11-08T10:00:00Z
223,barbell-floor-press,"Опускание штанги ниже точки касания локтей с полом - попытка провалить локти за линию пола заставляет плечи вращаться и нивелирует защитный эффект упражнения. Останавливайтесь при мягком касании локтями пола, сохраняя напряжение.",2025-11-08T10:00:00Z
224,barbell-floor-press,"Разведение локтей на 90 градусов - чрезмерное разведение локтей резко повышает нагрузку на плечевые суставы и ломает траекторию. Держите локти под углом около 45 градусов к корпусу на протяжении всей амплитуды.",2025-11-08T10:00:00Z
225,barbell-floor-press,"Потеря напряжения корпуса и прогиб поясницы - расслабление пресса и отрыв поясницы от пола лишает упражнение стабильности. Напрягайте пресс, удерживайте естественный нейтральный поясничный изгиб и прижимайте плечи к полу.",2025-11-08T10:00:00Z
226,hammer-strength-chest-press,"Переразгибание локтей и стук рукоятей о стопоры - ударная нагрузка переносится на суставы и снижает контроль над весом. Останавливайте движение за мгновение до полного выпрямления локтей, сохраняя напряжение в мышцах.",2025-11-08T10:15:00Z
227,hammer-strength-chest-press,"Отрыв лопаток и прогиб поясницы от спинки - смещает нагрузку на плечи и снижает активацию груди. Постоянно прижимайте лопатки и грудь к опоре, держите пресс в лёгком напряжении.",2025-11-08T10:15:00Z
228,hammer-strength-chest-press,"Несимметричное нажатие рукоятей - независимые рычаги позволяют сильной стороне забирать работу, что закрепляет дисбаланс. Контролируйте одинаковый темп обеих рук и при необходимости уменьшите вес.",2025-11-08T10:15:00Z
229,standing-cable-crossover-press,"Переразгибание поясницы и выведение таза вперёд разрушают опору и переносят нагрузку на поясницу. Держите пресс включённым, нейтральный наклон таза и заднюю пятку уверенно прижатой к полу.",2025-11-08T11:00:00Z
230,standing-cable-crossover-press,"Локти уходят слишком высоко, а рукоятки поднимаются к уровню плеч — нагрузка смещается на передние дельты и увеличивает риск импинджмента. Направляйте рукоятки к середине груди и держите локти немного ниже линии плеч.",2025-11-08T11:00:00Z
231,standing-cable-crossover-press,"Неравномерная работа рук и перекос корпуса приводят к закручиванию позвоночника и травмам плеч. Контролируйте одинаковый темп каждой руки, смотрите прямо и при необходимости уменьшайте вес.",2025-11-08T11:00:00Z
232,incline-hammer-strength-press,"Сиденье опущено слишком низко — рукоятки опускаются ниже верхней части груди, плечи выезжают вперёд и возникает импинджмент. Настраивайте высоту так, чтобы предплечья оставались вертикальными, а локти шли чуть ниже уровня плеч.",2025-11-08T12:00:00Z
233,incline-hammer-strength-press,"Распускание лопаток в нижней точке — грудь проваливается, нагрузка уходит в передние дельты. Сохраняйте лопатки сведёнными и прижатыми к спинке на протяжении всей амплитуды.",2025-11-08T12:00:00Z
234,incline-hammer-strength-press,"Использование импульса корпусом и отрыв таза от спинки при жиме тяжёлых весов. Держите пресс в напряжении, прижимайте таз к опоре и снизьте вес, если начинаете «подбрасывать» рычаги.",2025-11-08T12:00:00Z
235,explosive-medicine-ball-press,"Бросок только руками без включения ног и корпуса снижает мощность и перегружает плечи. Используйте синхронное выпрямление ног и жёсткий корпус, чтобы передать импульс через всё тело.",2025-11-08T13:00:00Z
236,explosive-medicine-ball-press,"Заброс мяча вверх или вниз вместо прямой траектории приводит к потере контроля и риску травмировать партнёра. Направляйте мяч в центр цели на уровне груди.",2025-11-08T13:00:00Z
237,explosive-medicine-ball-press,"Жёсткий приём мяча с полностью выпрямленными локтями увеличивает ударную нагрузку на запястья и плечи. Встречайте мяч согнутыми руками и амортизируйте движение за счёт ног.",2025-11-08T13:00:00Z
238,pull-ups-wide-grip,"Раскачивание тела и использование инерции вместо мышечной силы - это снижает эффективность упражнения и может привести к травме плечевых суставов. Держите корпус напряженным и контролируйте движение в обеих фазах.",2025-11-08T14:00:00Z
239,pull-ups-wide-grip,"Неполная амплитуда движения - недотягивание подбородка до перекладины или неполное выпрямление рук в нижней точке. Опускайтесь полностью и подтягивайтесь до касания подбородком перекладины.",2025-11-08T14:00:00Z
240,pull-ups-wide-grip,"Слишком широкий хват, что может привести к чрезмерному растяжению плечевых суставов и травме. Ширина хвата должна быть на ширину вытянутых рук в стороны, но не более. При дискомфорте в плечах уменьшите ширину хвата.",2025-11-08T14:00:00Z
241,pull-ups-wide-grip,"Прогиб в пояснице или округление спины - это нарушает прямую линию тела и снижает эффективность упражнения. Напрягайте мышцы пресса и ягодиц для поддержания нейтрального положения позвоночника.",2025-11-08T14:00:00Z
242,pull-ups-wide-grip,"Отсутствие контроля при опускании тела - слишком быстрое или резкое движение, что может привести к травме плечевых суставов. Опускайтесь медленно и контролируемо, сохраняя напряжение мышц на протяжении всей амплитуды.",2025-11-08T14:00:00Z
243,pull-ups-medium-grip,"Раскачивание тела и использование инерции вместо мышечной силы - это снижает эффективность упражнения и может привести к травме. Держите корпус напряженным и контролируйте движение в обеих фазах.",2025-11-08T14:05:00Z
244,pull-ups-medium-grip,"Неполная амплитуда движения - недотягивание подбородка до перекладины или неполное выпрямление рук в нижней точке. Опускайтесь полностью и подтягивайтесь до касания подбородком перекладины.",2025-11-08T14:05:00Z
245,pull-ups-medium-grip,"Неправильное положение головы - запрокидывание или опускание головы, что нарушает нейтральное положение позвоночника. Держите голову в нейтральном положении, смотря прямо перед собой.",2025-11-08T14:05:00Z
246,pull-ups-medium-grip,"Отсутствие контроля при опускании тела - слишком быстрое или резкое движение, что может привести к травме. Опускайтесь медленно и контролируемо, сохраняя напряжение мышц на протяжении всей амплитуды.",2025-11-08T14:05:00Z
247,pull-ups-medium-grip,"Разведение локтей в стороны или слишком узкий хват - это снижает эффективность упражнения. Держите локти направленными вниз и используйте хват примерно на ширине плеч.",2025-11-08T14:05:00Z
248,pull-ups-close-grip,"Раскачивание тела и использование инерции вместо мышечной силы - это снижает эффективность упражнения и может привести к травме. Держите корпус напряженным и контролируйте движение в обеих фазах.",2025-11-08T14:10:00Z
249,pull-ups-close-grip,"Неполная амплитуда движения - недотягивание подбородка до перекладины или неполное выпрямление рук в нижней точке. Опускайтесь полностью и подтягивайтесь до касания подбородком перекладины.",2025-11-08T14:10:00Z
250,pull-ups-close-grip,"Слишком узкий хват, что создает чрезмерную нагрузку на запястья и локти и может привести к травме. Хват должен быть на ширине груди или немного уже плеч, но не слишком узким.",2025-11-08T14:10:00Z
251,pull-ups-close-grip,"Отсутствие контроля при опускании тела - слишком быстрое или резкое движение, что может привести к травме. Опускайтесь медленно и контролируемо, сохраняя напряжение мышц на протяжении всей амплитуды.",2025-11-08T14:10:00Z
252,pull-ups-close-grip,"Компенсация за счет наклона тела вперед - это смещает нагрузку с бицепсов и снижает эффективность упражнения. Держите тело прямым и вертикальным на протяжении всего движения.",2025-11-08T14:10:00Z
253,pull-ups-underhand-grip,"Раскачивание тела и использование инерции вместо мышечной силы - это снижает эффективность упражнения и может привести к травме. Держите корпус напряженным и контролируйте движение в обеих фазах.",2025-11-08T14:15:00Z
254,pull-ups-underhand-grip,"Неполная амплитуда движения - недотягивание подбородка до перекладины или неполное выпрямление рук в нижней точке. Опускайтесь полностью и подтягивайтесь до касания подбородком перекладины.",2025-11-08T14:15:00Z
255,pull-ups-underhand-grip,"Слишком широкий или слишком узкий хват при обратном хвате - это снижает эффективность упражнения. Используйте хват примерно на ширине плеч для оптимальной активации бицепсов.",2025-11-08T14:15:00Z
256,pull-ups-underhand-grip,"Отсутствие контроля при опускании тела - слишком быстрое или резкое движение, что может привести к травме. Опускайтесь медленно и контролируемо, сохраняя напряжение мышц на протяжении всей амплитуды.",2025-11-08T14:15:00Z
257,pull-ups-underhand-grip,"Компенсация за счет наклона тела вперед или назад - это смещает нагрузку и снижает эффективность упражнения. Держите тело прямым и вертикальным на протяжении всего движения.",2025-11-08T14:15:00Z
258,pull-ups-neutral-grip,"Раскачивание тела и использование инерции вместо мышечной силы - это снижает эффективность упражнения и может привести к травме. Держите корпус напряженным и контролируйте движение в обеих фазах.",2025-11-08T14:20:00Z
259,pull-ups-neutral-grip,"Неполная амплитуда движения - недотягивание подбородка до перекладины или неполное выпрямление рук в нижней точке. Опускайтесь полностью и подтягивайтесь до касания подбородком перекладины.",2025-11-08T14:20:00Z
260,pull-ups-neutral-grip,"Неправильное положение ладоней при нейтральном хвате - ладони должны быть направлены друг к другу. Используйте параллельные рукоятки или нейтральный хват для правильной техники.",2025-11-08T14:20:00Z
261,pull-ups-neutral-grip,"Отсутствие контроля при опускании тела - слишком быстрое или резкое движение, что может привести к травме. Опускайтесь медленно и контролируемо, сохраняя напряжение мышц на протяжении всей амплитуды.",2025-11-08T14:20:00Z
262,pull-ups-neutral-grip,"Компенсация за счет наклона тела или разведение локтей в стороны - это снижает эффективность упражнения. Держите тело прямым и локти направленными вниз на протяжении всего движения.",2025-11-08T14:20:00Z
263,pull-ups-archer,"Чрезмерная ротация тела при односторонней нагрузке - это может привести к травме позвоночника и снижает эффективность упражнения. Держите корпус напряженным и контролируйте баланс, предотвращая ротацию.",2025-11-08T15:00:00Z
264,pull-ups-archer,"Неравномерное распределение нагрузки между руками - слишком сильное смещение веса на рабочую руку или недостаточное вытягивание второй руки. Распределяйте нагрузку правильно для безопасного выполнения.",2025-11-08T15:00:00Z
265,pull-ups-archer,"Раскачивание тела и использование инерции вместо мышечной силы - это снижает эффективность упражнения и может привести к травме. Держите корпус напряженным и контролируйте движение в обеих фазах.",2025-11-08T15:00:00Z
266,pull-ups-archer,"Неполная амплитуда движения - недотягивание подбородка до перекладины или неполное выпрямление рук в нижней точке. Опускайтесь полностью и подтягивайтесь до касания подбородком перекладины.",2025-11-08T15:00:00Z
267,pull-ups-archer,"Отсутствие контроля при опускании тела - слишком быстрое или резкое движение, что может привести к травме. Опускайтесь медленно и контролируемо, сохраняя напряжение мышц на протяжении всей амплитуды.",2025-11-08T15:00:00Z
268,pull-ups-one-arm,"Чрезмерная ротация тела при односторонней нагрузке - это может привести к травме позвоночника и снижает эффективность упражнения. Держите корпус напряженным и контролируйте баланс, предотвращая ротацию.",2025-11-08T15:05:00Z
269,pull-ups-one-arm,"Использование второй руки для помощи - это снижает эффективность упражнения и не позволяет развить необходимую силу одной руки. Выполняйте упражнение строго одной рукой.",2025-11-08T15:05:00Z
270,pull-ups-one-arm,"Раскачивание тела и использование инерции вместо мышечной силы - это снижает эффективность упражнения и может привести к травме. Держите корпус напряженным и контролируйте движение в обеих фазах.",2025-11-08T15:05:00Z
271,pull-ups-one-arm,"Неполная амплитуда движения - недотягивание подбородка до перекладины или неполное выпрямление рабочей руки в нижней точке. Опускайтесь полностью и подтягивайтесь до касания подбородком перекладины.",2025-11-08T15:05:00Z
272,pull-ups-one-arm,"Отсутствие контроля при опускании тела - слишком быстрое или резкое движение, что может привести к травме. Опускайтесь медленно и контролируемо, сохраняя напряжение мышц на протяжении всей амплитуды.",2025-11-08T15:05:00Z
273,pull-ups-weighted,"Слишком большой дополнительный вес - это может привести к травме и нарушению техники. Начните с небольшого веса и постепенно увеличивайте нагрузку по мере развития силы.",2025-11-08T15:10:00Z
274,pull-ups-weighted,"Неправильное крепление отягощения - ненадежное закрепление веса на поясе или жилете может привести к травме. Убедитесь, что вес надежно закреплен перед выполнением упражнения.",2025-11-08T15:10:00Z
275,pull-ups-weighted,"Раскачивание тела и использование инерции вместо мышечной силы - это снижает эффективность упражнения и может привести к травме. Держите корпус напряженным и контролируйте движение в обеих фазах.",2025-11-08T15:10:00Z
276,pull-ups-weighted,"Неполная амплитуда движения - недотягивание подбородка до перекладины или неполное выпрямление рук в нижней точке. Опускайтесь полностью и подтягивайтесь до касания подбородком перекладины.",2025-11-08T15:10:00Z
277,pull-ups-weighted,"Отсутствие контроля при опускании тела - слишком быстрое или резкое движение, что может привести к травме. Опускайтесь медленно и контролируемо, сохраняя напряжение мышц на протяжении всей амплитуды.",2025-11-08T15:10:00Z
278,pull-ups-l-sit,"Опускание ног из горизонтального положения во время подтягивания - это снижает эффективность упражнения и нарушает технику. Держите ноги в горизонтальном положении на протяжении всего движения.",2025-11-08T15:15:00Z
279,pull-ups-l-sit,"Недостаточная сила кора для удержания L-сита - это может привести к нарушению техники и снижению эффективности упражнения. Развивайте силу кора перед выполнением этого упражнения.",2025-11-08T15:15:00Z
280,pull-ups-l-sit,"Раскачивание тела и использование инерции вместо мышечной силы - это снижает эффективность упражнения и может привести к травме. Держите корпус напряженным и контролируйте движение в обеих фазах.",2025-11-08T15:15:00Z
281,pull-ups-l-sit,"Неполная амплитуда движения - недотягивание подбородка до перекладины или неполное выпрямление рук в нижней точке. Опускайтесь полностью и подтягивайтесь до касания подбородком перекладины.",2025-11-08T15:15:00Z
282,pull-ups-l-sit,"Отсутствие контроля при опускании тела - слишком быстрое или резкое движение, что может привести к травме. Опускайтесь медленно и контролируемо, сохраняя напряжение мышц на протяжении всей амплитуды.",2025-11-08T15:15:00Z
283,pull-ups-behind-neck,"Чрезмерное растяжение плечевых суставов при подтягивании за голову - это может привести к травме. Убедитесь, что у вас достаточно гибкости плеч перед выполнением этого упражнения.",2025-11-08T15:20:00Z
284,pull-ups-behind-neck,"Неправильная траектория движения - подтягивание не за голову, а к груди - это снижает эффективность упражнения. Направляйте голову за перекладину, а не к груди.",2025-11-08T15:20:00Z
285,pull-ups-behind-neck,"Раскачивание тела и использование инерции вместо мышечной силы - это снижает эффективность упражнения и может привести к травме. Держите корпус напряженным и контролируйте движение в обеих фазах.",2025-11-08T15:20:00Z
286,pull-ups-behind-neck,"Неполная амплитуда движения - недотягивание перекладины за голову или неполное выпрямление рук в нижней точке. Опускайтесь полностью и подтягивайтесь до тех пор, пока перекладина не окажется за головой.",2025-11-08T15:20:00Z
287,pull-ups-behind-neck,"Отсутствие контроля при опускании тела - слишком быстрое или резкое движение, что может привести к травме. Опускайтесь медленно и контролируемо, сохраняя напряжение мышц на протяжении всей амплитуды.",2025-11-08T15:20:00Z
288,explosive-pull-ups,"Недостаточная взрывная сила - выполнение упражнения слишком медленно, что снижает эффективность плиометрической тренировки. Генерируйте максимальную скорость при подтягивании вверх.",2025-11-08T16:00:00Z
289,explosive-pull-ups,"Раскачивание тела и использование инерции вместо мышечной силы - это снижает эффективность упражнения и может привести к травме. Держите корпус напряженным и контролируйте движение.",2025-11-08T16:00:00Z
290,explosive-pull-ups,"Недостаточный отдых между повторениями - слишком быстрый темп может привести к потере контроля и травме. Отдыхайте 1-2 секунды между каждым взрывным повторением.",2025-11-08T16:00:00Z
291,explosive-pull-ups,"Неполная амплитуда движения - недотягивание до достаточной высоты или неполное выпрямление рук в нижней точке. Подтягивайтесь до уровня груди или выше, полностью опускайтесь вниз.",2025-11-08T16:00:00Z
292,scapular-retraction-hang,"Сгибание рук в локтях во время втягивания лопаток - это снижает эффективность упражнения. Держите руки полностью выпрямленными на протяжении всего движения.",2025-11-08T16:05:00Z
293,scapular-retraction-hang,"Недостаточное втягивание лопаток - неполное движение снижает эффективность упражнения. Втягивайте лопатки максимально вверх и назад, сжимая мышцы верхней части спины.",2025-11-08T16:05:00Z
294,scapular-retraction-hang,"Раскачивание тела и использование инерции - это снижает эффективность упражнения. Держите корпус напряженным и контролируйте движение лопаток без раскачивания.",2025-11-08T16:05:00Z
295,scapular-retraction-hang,"Слишком быстрое выполнение движения - недостаточная пауза в верхней точке снижает эффективность. Удерживайте втянутое положение лопаток на 1-2 секунды.",2025-11-08T16:05:00Z
296,dead-hang,"Напряжение плеч вместо их расслабления - это снижает эффективность растяжения и может привести к дискомфорту. Позвольте плечам естественно опуститься вниз.",2025-11-08T16:10:00Z
297,dead-hang,"Слишком долгое удержание виса при недостаточной силе хвата - это может привести к падению и травме. Начинайте с коротких интервалов (10-20 секунд) и постепенно увеличивайте время.",2025-11-08T16:10:00Z
298,dead-hang,"Прыжок с турника вместо аккуратного спуска - это может травмировать суставы и связки. Всегда аккуратно опускайтесь на пол, контролируя движение.",2025-11-08T16:10:00Z
299,dead-hang,"Задержка дыхания во время виса - это может повысить давление и привести к головокружению. Дышите глубоко и естественно на протяжении всего упражнения.",2025-11-08T16:10:00Z
300,chest-to-bar-pull-ups,"Недостаточная амплитуда движения - недотягивание грудью до перекладины снижает эффективность упражнения. Подтягивайтесь до полного касания грудью перекладины.",2025-11-08T16:15:00Z
301,chest-to-bar-pull-ups,"Раскачивание тела и использование инерции вместо мышечной силы - это снижает эффективность упражнения и может привести к травме. Держите корпус напряженным и контролируйте движение.",2025-11-08T16:15:00Z
302,chest-to-bar-pull-ups,"Неполное опускание тела в нижней точке - неполное выпрямление рук снижает эффективность упражнения. Полностью выпрямляйте руки в нижней точке перед следующим повторением.",2025-11-08T16:15:00Z
303,chest-to-bar-pull-ups,"Отсутствие контроля при опускании тела - слишком быстрое или резкое движение, что может привести к травме. Опускайтесь медленно и контролируемо, сохраняя напряжение мышц.",2025-11-08T16:15:00Z
304,muscle-up,"Недостаточная взрывная сила при подтягивании - это не позволяет перевести запястья над перекладиной. Развивайте взрывную силу перед попыткой выполнения muscle-up.",2025-11-08T16:20:00Z
305,muscle-up,"Неправильный переход от подтягивания к отжиманию - слишком медленный или неправильный перевод запястий может привести к потере контроля. Быстро переводите запястья над перекладиной в верхней точке подтягивания.",2025-11-08T16:20:00Z
306,muscle-up,"Раскачивание тела и использование инерции вместо мышечной силы - это снижает эффективность упражнения и может привести к травме. Держите корпус напряженным и контролируйте обе фазы движения.",2025-11-08T16:20:00Z
307,muscle-up,"Неполная амплитуда движения - недотягивание до уровня груди или неполное выпрямление рук в верхней точке отжимания. Выполняйте полную амплитуду в обеих фазах.",2025-11-08T16:20:00Z
308,muscle-up,"Отсутствие контроля при опускании тела - слишком быстрое или резкое движение может привести к травме запястий и плечевых суставов. Опускайтесь медленно и контролируемо, выполняя обратное движение.",2025-11-08T16:20:00Z
309,pull-ups-rings,"Чрезмерный разворот колец наружу - создает опасную нагрузку на плечевые суставы и может привести к травме. Активно сопротивляйтесь вращению колец, держите локти направленными назад под углом 45 градусов.",2025-11-08T17:00:00Z
310,pull-ups-rings,"Потеря контроля и стабильности колец - может привести к падению и травме. Начинайте с колец на небольшой высоте и постепенно увеличивайте сложность по мере роста силы и контроля.",2025-11-08T17:00:00Z
311,pull-ups-rings,"Провисание таза и нарушение прямой линии тела - снижает эффективность упражнения и увеличивает нагрузку на поясницу. Напрягайте кор, ягодицы и пресс для поддержания стабильности.",2025-11-08T17:00:00Z
312,pull-ups-rings,"Неполная амплитуда движения - недотягивание до уровня колец или неполное выпрямление рук в нижней точке. Выполняйте полную амплитуду движения для максимальной эффективности.",2025-11-08T17:00:00Z
313,pull-ups-rings,"Отсутствие контроля при опускании тела - слишком быстрое или резкое движение может привести к потере контроля над кольцами и травме. Опускайтесь медленно и контролируемо.",2025-11-08T17:00:00Z
314,pull-ups-rings-wide-grip,"Чрезмерный разворот колец наружу при широком хвате - создает экстремальную нагрузку на плечевые суставы и может привести к серьезной травме. Активно сопротивляйтесь вращению колец, контролируйте их на протяжении всего движения.",2025-11-08T17:05:00Z
315,pull-ups-rings-wide-grip,"Недостаточная гибкость плечевых суставов - широкий хват на нестабильных кольцах требует исключительной гибкости. Если чувствуете дискомфорт в плечах, вернитесь к обычным подтягиваниям на кольцах.",2025-11-08T17:05:00Z
316,pull-ups-rings-wide-grip,"Потеря контроля и стабильности колец - широкий хват усложняет контроль колец. Начинайте с обычных подтягиваний на кольцах и переходите к широкому хвату только после освоения базовой техники.",2025-11-08T17:05:00Z
317,pull-ups-rings-wide-grip,"Провисание таза и нарушение прямой линии тела - снижает эффективность упражнения и увеличивает нагрузку на поясницу. Напрягайте кор, ягодицы и пресс для поддержания стабильности.",2025-11-08T17:05:00Z
318,pull-ups-rings-wide-grip,"Неполная амплитуда движения - недотягивание до уровня колец или неполное выпрямление рук. Выполняйте полную амплитуду движения для максимальной эффективности.",2025-11-08T17:05:00Z
319,trx-row-standing,"Раскачивание TRX петель и потеря контроля - может привести к потере равновесия и травме. Активно контролируйте петли на протяжении всего движения, не допускайте раскачивания.",2025-11-08T17:10:00Z
320,trx-row-standing,"Провисание таза и нарушение прямой линии тела - снижает эффективность упражнения и увеличивает нагрузку на поясницу. Напрягайте кор, ягодицы и пресс для поддержания стабильности.",2025-11-08T17:10:00Z
321,trx-row-standing,"Неполная амплитуда движения - недотягивание до рукояток или неполное выпрямление рук в исходном положении. Выполняйте полную амплитуду движения для максимальной эффективности.",2025-11-08T17:10:00Z
322,trx-row-standing,"Отсутствие контроля при возвращении в исходное положение - слишком быстрое или резкое движение может привести к потере контроля над петлями. Возвращайтесь медленно и контролируемо.",2025-11-08T17:10:00Z
323,trx-row-standing,"Неправильный угол наклона тела - слишком вертикальное или слишком горизонтальное положение снижает эффективность упражнения. Поддерживайте оптимальный угол наклона для максимальной нагрузки на мышцы спины.",2025-11-08T17:10:00Z
324,trx-pull-ups-assisted,"Чрезмерная опора на ноги - это снижает нагрузку на мышцы спины и рук. Постепенно уменьшайте опору на ноги по мере роста силы, увеличивая угол наклона тела.",2025-11-08T17:15:00Z
325,trx-pull-ups-assisted,"Раскачивание TRX петель и потеря контроля - может привести к потере равновесия и травме. Активно контролируйте петли на протяжении всего движения, не допускайте раскачивания.",2025-11-08T17:15:00Z
326,trx-pull-ups-assisted,"Провисание таза и нарушение прямой линии тела - снижает эффективность упражнения и увеличивает нагрузку на поясницу. Напрягайте кор, ягодицы и пресс для поддержания стабильности.",2025-11-08T17:15:00Z
327,trx-pull-ups-assisted,"Неполная амплитуда движения - недотягивание до рукояток или неполное выпрямление рук. Выполняйте полную амплитуду движения для максимальной эффективности.",2025-11-08T17:15:00Z
328,trx-pull-ups-assisted,"Отсутствие прогрессии - если упражнение стало слишком легким, увеличьте угол наклона тела или переходите к полноценным подтягиваниям. Не останавливайтесь на одном уровне сложности.",2025-11-08T17:15:00Z
329,lat-pulldown-wide-grip,"Отклонение корпуса слишком сильно назад - это снижает нагрузку на широчайшие мышцы и может привести к травме поясницы. Поддерживайте легкий наклон назад, не более 15-20 градусов.",2025-11-08T18:00:00Z
330,lat-pulldown-wide-grip,"Разведение локтей слишком широко - это создает чрезмерную нагрузку на плечевые суставы и снижает эффективность упражнения. Держите локти направленными вниз и немного в стороны.",2025-11-08T18:00:00Z
331,lat-pulldown-wide-grip,"Использование инерции и раскачивание корпуса - снижает эффективность упражнения и может привести к травме. Контролируйте движение на протяжении всей амплитуды, не допускайте рывков.",2025-11-08T18:00:00Z
332,lat-pulldown-wide-grip,"Неполная амплитуда движения - недотягивание рукоятки до груди или неполное выпрямление рук в исходном положении. Выполняйте полную амплитуду движения для максимальной эффективности.",2025-11-08T18:00:00Z
333,lat-pulldown-medium-grip,"Отклонение корпуса слишком сильно назад - это снижает нагрузку на мышцы спины и может привести к травме поясницы. Поддерживайте легкий наклон назад, не более 15-20 градусов.",2025-11-08T18:05:00Z
334,lat-pulldown-medium-grip,"Использование инерции и раскачивание корпуса - снижает эффективность упражнения и может привести к травме. Контролируйте движение на протяжении всей амплитуды, не допускайте рывков.",2025-11-08T18:05:00Z
335,lat-pulldown-medium-grip,"Неполная амплитуда движения - недотягивание рукоятки до груди или неполное выпрямление рук в исходном положении. Выполняйте полную амплитуду движения для максимальной эффективности.",2025-11-08T18:05:00Z
336,lat-pulldown-medium-grip,"Отсутствие контроля при возвращении рукоятки вверх - слишком быстрое или резкое движение может привести к потере контроля. Возвращайте рукоятку медленно и контролируемо.",2025-11-08T18:05:00Z
337,lat-pulldown-close-grip,"Отклонение корпуса слишком сильно назад - это снижает нагрузку на мышцы спины и может привести к травме поясницы. Поддерживайте легкий наклон назад, не более 15-20 градусов.",2025-11-08T18:10:00Z
338,lat-pulldown-close-grip,"Разведение локтей в стороны - это снижает акцент на бицепсы и внутреннюю часть спины. Держите локти направленными вниз и близко к телу на протяжении всего движения.",2025-11-08T18:10:00Z
339,lat-pulldown-close-grip,"Использование инерции и раскачивание корпуса - снижает эффективность упражнения и может привести к травме. Контролируйте движение на протяжении всей амплитуды, не допускайте рывков.",2025-11-08T18:10:00Z
340,lat-pulldown-close-grip,"Неполная амплитуда движения - недотягивание рукоятки до груди или неполное выпрямление рук в исходном положении. Выполняйте полную амплитуду движения для максимальной эффективности.",2025-11-08T18:10:00Z
341,lat-pulldown-underhand-grip,"Отклонение корпуса слишком сильно назад - это снижает нагрузку на мышцы спины и может привести к травме поясницы. Поддерживайте легкий наклон назад, не более 15-20 градусов.",2025-11-08T18:15:00Z
342,lat-pulldown-underhand-grip,"Разведение локтей в стороны - это снижает акцент на бицепсы и нижнюю часть широчайших мышц. Держите локти направленными вниз и близко к телу на протяжении всего движения.",2025-11-08T18:15:00Z
343,lat-pulldown-underhand-grip,"Использование инерции и раскачивание корпуса - снижает эффективность упражнения и может привести к травме. Контролируйте движение на протяжении всей амплитуды, не допускайте рывков.",2025-11-08T18:15:00Z
344,lat-pulldown-underhand-grip,"Неполная амплитуда движения - недотягивание рукоятки до груди или неполное выпрямление рук в исходном положении. Выполняйте полную амплитуду движения для максимальной эффективности.",2025-11-08T18:15:00Z
345,lat-pulldown-neutral-grip,"Отклонение корпуса слишком сильно назад - это снижает нагрузку на мышцы спины и может привести к травме поясницы. Поддерживайте легкий наклон назад, не более 15-20 градусов.",2025-11-08T18:20:00Z
346,lat-pulldown-neutral-grip,"Разведение локтей в стороны - это снижает эффективность упражнения. Держите локти направленными вниз и близко к телу на протяжении всего движения.",2025-11-08T18:20:00Z
347,lat-pulldown-neutral-grip,"Использование инерции и раскачивание корпуса - снижает эффективность упражнения и может привести к травме. Контролируйте движение на протяжении всей амплитуды, не допускайте рывков.",2025-11-08T18:20:00Z
348,lat-pulldown-neutral-grip,"Неполная амплитуда движения - недотягивание рукояток до груди или неполное выпрямление рук в исходном положении. Выполняйте полную амплитуду движения для максимальной эффективности.",2025-11-08T18:20:00Z
349,lat-pulldown-behind-neck,"Чрезмерное разведение локтей и нарушение траектории движения - может привести к серьезной травме плечевых суставов. При недостаточной гибкости плеч упражнение может быть опасным. Если чувствуете дискомфорт в плечах, немедленно прекратите выполнение.",2025-11-08T19:00:00Z
350,lat-pulldown-behind-neck,"Игнорирование болевых ощущений в плечах - упражнение требует исключительной гибкости плечевых суставов. При малейшем дискомфорте или боли прекратите выполнение и перейдите к альтернативным упражнениям.",2025-11-08T19:00:00Z
351,lat-pulldown-behind-neck,"Наклон корпуса слишком сильно вперед - это изменяет траекторию движения и может привести к травме. Сохраняйте легкий наклон вперед, но не слишком сильно.",2025-11-08T19:00:00Z
352,lat-pulldown-behind-neck,"Использование слишком большого веса - упражнение требует отличной техники и гибкости. Слишком большой вес может привести к травме плечевых суставов.",2025-11-08T19:00:00Z
353,lat-pulldown-straight-arm,"Сгибание локтей во время движения - упражнение должно выполняться строго прямыми руками. Сгибание локтей снижает эффективность изоляции широчайших мышц.",2025-11-08T19:05:00Z
354,lat-pulldown-straight-arm,"Потеря стабильности корпуса и раскачивание - стоячее положение требует активной стабилизации. Напрягайте мышцы пресса, ягодиц и кора на протяжении всего движения.",2025-11-08T19:05:00Z
355,lat-pulldown-straight-arm,"Слишком большой вес - изолирующее упражнение требует контроля и техники. Слишком большой вес приводит к использованию других мышц и снижает эффективность.",2025-11-08T19:05:00Z
356,lat-pulldown-straight-arm,"Неполная амплитуда движения - неполное опускание рукоятки или неполное выпрямление рук в исходном положении. Выполняйте полную амплитуду для максимальной активации широчайших.",2025-11-08T19:05:00Z
357,lat-pulldown-one-arm,"Ротация корпуса в сторону рабочей руки - критическая ошибка, которая снижает эффективность и может привести к травме. Напрягайте мышцы кора для предотвращения ротации.",2025-11-08T19:10:00Z
358,lat-pulldown-one-arm,"Компенсация второй рукой или корпусом - не помогайте рабочей руке наклоном корпуса или использованием второй руки. Односторонняя работа требует изоляции нагрузки на одну сторону.",2025-11-08T19:10:00Z
359,lat-pulldown-one-arm,"Неравномерная нагрузка между сторонами - не игнорируйте слабую сторону. Выполняйте одинаковое количество повторений для обеих рук, начиная со слабой стороны.",2025-11-08T19:10:00Z
360,lat-pulldown-one-arm,"Использование слишком большого веса - односторонняя работа требует контроля и техники. Слишком большой вес приводит к компенсациям и снижает эффективность.",2025-11-08T19:10:00Z
361,lat-pulldown-wide-grip-chest,"Разведение локтей слишком широко - создает чрезмерную нагрузку на плечевые суставы. Держите локти направленными вниз и немного в стороны, не разводите их слишком широко.",2025-11-08T19:15:00Z
362,lat-pulldown-wide-grip-chest,"Отклонение корпуса слишком сильно назад - снижает нагрузку на широчайшие мышцы. Поддерживайте легкий наклон назад, не более 15-20 градусов.",2025-11-08T19:15:00Z
363,lat-pulldown-wide-grip-chest,"Использование инерции и раскачивание - снижает эффективность и может привести к травме. Контролируйте движение на протяжении всей амплитуды.",2025-11-08T19:15:00Z
364,lat-pulldown-wide-grip-chest,"Неполная амплитуда движения - недотягивание рукоятки до груди снижает эффективность. Подтягивайте до касания верхней части груди.",2025-11-08T19:15:00Z
365,cable-pulldown-standing,"Потеря стабильности корпуса - стоячее положение требует активной работы стабилизаторов. Напрягайте мышцы пресса и ягодиц на протяжении всего движения.",2025-01-15T10:00:00Z
366,cable-pulldown-standing,"Разведение локтей слишком широко - создает чрезмерную нагрузку на плечевые суставы. Держите локти направленными вниз и немного в стороны.",2025-01-15T10:00:00Z
367,cable-pulldown-standing,"Использование инерции и раскачивание - снижает эффективность и может привести к травме. Контролируйте движение на протяжении всей амплитуды.",2025-01-15T10:00:00Z
368,cable-pulldown-standing,"Неполная амплитуда движения - недотягивание рукояток до груди снижает эффективность. Подтягивайте до касания верхней части груди.",2025-01-15T10:00:00Z
369,cable-pulldown-standing,"Неправильная постановка ног - нестабильная стойка нарушает технику. Используйте разножку для лучшей стабильности.",2025-01-15T10:00:00Z
370,cable-pulldown-seated,"Отклонение корпуса слишком сильно назад - снижает нагрузку на широчайшие мышцы. Поддерживайте легкий наклон назад, не более 15-20 градусов.",2025-01-15T10:00:00Z
371,cable-pulldown-seated,"Разведение локтей слишком широко - создает чрезмерную нагрузку на плечевые суставы. Держите локти направленными вниз и немного в стороны.",2025-01-15T10:00:00Z
372,cable-pulldown-seated,"Использование инерции и раскачивание - снижает эффективность и может привести к травме. Контролируйте движение на протяжении всей амплитуды.",2025-01-15T10:00:00Z
373,cable-pulldown-seated,"Неполная амплитуда движения - недотягивание рукояток до груди снижает эффективность. Подтягивайте до касания верхней части груди.",2025-01-15T10:00:00Z
374,cable-pulldown-seated,"Отрыв стоп от пола - нарушает стабильность корпуса. Держите ноги устойчиво поставленными на пол на протяжении всего упражнения.",2025-01-15T10:00:00Z
375,australian-pull-ups,"Провисание таза или поднятие ягодиц - нарушает прямую линию тела и снижает эффективность упражнения. Напрягайте мышцы пресса и ягодиц для поддержания прямой линии.",2025-01-15T10:00:00Z
376,australian-pull-ups,"Слишком широкий или узкий хват - снижает эффективность упражнения и может вызвать дискомфорт в плечевых суставах. Используйте хват на ширине плеч или чуть шире.",2025-01-15T10:00:00Z
377,australian-pull-ups,"Неполная амплитуда движения - недотягивание груди до перекладины снижает эффективность. Подтягивайтесь до касания грудью перекладины.",2025-01-15T10:00:00Z
378,australian-pull-ups,"Отсутствие контроля при опускании тела - слишком быстрое или резкое движение может привести к травме. Контролируйте движение на протяжении всей амплитуды.",2025-01-15T10:00:00Z
379,australian-pull-ups,"Сгибание ног в коленях - нарушает стабильность корпуса и снижает эффективность. Держите ноги выпрямленными на протяжении всего упражнения.",2025-01-15T10:00:00Z
380,australian-pull-ups-feet-elevated,"Провисание таза или поднятие ягодиц - нарушает прямую линию тела и снижает эффективность упражнения. Напрягайте мышцы пресса и ягодиц для поддержания прямой линии.",2025-01-15T10:00:00Z
381,australian-pull-ups-feet-elevated,"Слишком высокое возвышение для ног - создает чрезмерный угол наклона и может привести к потере контроля. Начинайте с низкого возвышения и постепенно увеличивайте высоту.",2025-01-15T10:00:00Z
382,australian-pull-ups-feet-elevated,"Неполная амплитуда движения - недотягивание груди до перекладины снижает эффективность. Подтягивайтесь до касания грудью перекладины.",2025-01-15T10:00:00Z
383,australian-pull-ups-feet-elevated,"Отсутствие контроля при опускании тела - слишком быстрое или резкое движение может привести к травме. Контролируйте движение на протяжении всей амплитуды.",2025-01-15T10:00:00Z
384,australian-pull-ups-feet-elevated,"Скольжение ног с возвышения - нарушает стабильность и может привести к травме. Убедитесь, что ноги надежно зафиксированы на возвышении.",2025-01-15T10:00:00Z
385,australian-pull-ups-underhand-grip,"Провисание таза или поднятие ягодиц - нарушает прямую линию тела и снижает эффективность упражнения. Напрягайте мышцы пресса и ягодиц для поддержания прямой линии.",2025-01-15T10:00:00Z
386,australian-pull-ups-underhand-grip,"Слишком широкий хват при обратном хвате - снижает активацию бицепсов и может вызвать дискомфорт в запястьях. Используйте хват на ширине плеч или чуть уже.",2025-01-15T10:00:00Z
387,australian-pull-ups-underhand-grip,"Неполная амплитуда движения - недотягивание груди до перекладины снижает эффективность. Подтягивайтесь до касания грудью перекладины.",2025-01-15T10:00:00Z
388,australian-pull-ups-underhand-grip,"Отсутствие контроля при опускании тела - слишком быстрое или резкое движение может привести к травме. Контролируйте движение на протяжении всей амплитуды.",2025-01-15T10:00:00Z
389,australian-pull-ups-underhand-grip,"Сгибание ног в коленях - нарушает стабильность корпуса и снижает эффективность. Держите ноги выпрямленными на протяжении всего упражнения.",2025-01-15T10:00:00Z
390,dumbbell-one-arm-row,"Ротация корпуса при подтягивании гантели - нарушает стабильность позвоночника и может привести к травме. Напрягайте мышцы кора и держите корпус параллельно полу.",2025-01-15T10:00:00Z
391,dumbbell-one-arm-row,"Разведение локтя в сторону - снижает эффективность упражнения и может привести к травме плеча. Держите локоть близко к телу на протяжении всего движения.",2025-01-15T10:00:00Z
392,dumbbell-one-arm-row,"Округление спины - нарушает правильную технику и может привести к травме. Держите спину прямой и параллельной полу на протяжении всего упражнения.",2025-01-15T10:00:00Z
393,dumbbell-one-arm-row,"Использование инерции при подтягивании - снижает эффективность упражнения. Контролируйте движение на протяжении всей амплитуды, не допуская резких движений.",2025-01-15T10:00:00Z
394,dumbbell-one-arm-row,"Неполная амплитуда движения - недотягивание гантели до пояса снижает эффективность. Подтягивайте гантель до уровня пояса или чуть выше.",2025-01-15T10:00:00Z
395,dumbbell-bent-over-row,"Округление спины - нарушает правильную технику и может привести к травме. Держите спину прямой и параллельной полу на протяжении всего упражнения.",2025-01-15T10:00:00Z
396,dumbbell-bent-over-row,"Разведение локтей в стороны - снижает эффективность упражнения и может привести к травме плеч. Держите локти близко к телу на протяжении всего движения.",2025-01-15T10:00:00Z
397,dumbbell-bent-over-row,"Использование инерции при подтягивании - снижает эффективность упражнения. Контролируйте движение на протяжении всей амплитуды, не допуская резких движений.",2025-01-15T10:00:00Z
398,dumbbell-bent-over-row,"Неполная амплитуда движения - недотягивание гантелей до пояса снижает эффективность. Подтягивайте гантели до уровня пояса или чуть выше.",2025-01-15T10:00:00Z
399,dumbbell-bent-over-row,"Поднятие головы вверх - нарушает нейтральное положение позвоночника. Держите голову в нейтральном положении, взгляд направлен вниз.",2025-01-15T10:00:00Z
400,dumbbell-incline-bench-row,"Отрыв груди от скамьи при подтягивании - нарушает стабильность и снижает эффективность. Держите грудь прижатой к скамье на протяжении всего движения.",2025-01-15T10:00:00Z
401,dumbbell-incline-bench-row,"Разведение локтей в стороны - снижает эффективность упражнения и может привести к травме плеч. Держите локти близко к телу на протяжении всего движения.",2025-01-15T10:00:00Z
402,dumbbell-incline-bench-row,"Использование инерции при подтягивании - снижает эффективность упражнения. Контролируйте движение на протяжении всей амплитуды, не допуская резких движений.",2025-01-15T10:00:00Z
403,dumbbell-incline-bench-row,"Неполная амплитуда движения - недотягивание гантелей до пояса снижает эффективность. Подтягивайте гантели до уровня пояса или чуть выше.",2025-01-15T10:00:00Z
404,dumbbell-incline-bench-row,"Неправильное положение ног - нарушает стабильность. Убедитесь, что ноги устойчиво стоят на полу, стопы на ширине плеч.",2025-01-15T10:00:00Z
405,plank-row,"Ротация корпуса при подтягивании гантели - нарушает стабильность позвоночника и может привести к травме. Напрягайте мышцы кора и держите корпус в прямой линии.",2025-01-15T10:00:00Z
406,plank-row,"Провисание таза или поднятие ягодиц - нарушает правильную технику планки и снижает эффективность. Держите тело в прямой линии от головы до пяток.",2025-01-15T10:00:00Z
407,plank-row,"Разведение локтя в сторону - снижает эффективность упражнения и может привести к травме плеча. Держите локоть близко к телу на протяжении всего движения.",2025-01-15T10:00:00Z
408,plank-row,"Использование инерции при подтягивании - снижает эффективность упражнения и нарушает стабильность планки. Контролируйте движение на протяжении всей амплитуды.",2025-01-15T10:00:00Z
409,plank-row,"Смещение веса в сторону рабочей руки - нарушает стабильность планки. Равномерно распределяйте вес между обеими руками, даже когда одна рука подтягивает гантель.",2025-01-15T10:00:00Z
410,barbell-bent-over-row,"Округление спины: Держите спину прямой на протяжении всего движения, не допускайте округления позвоночника",2025-01-15T10:00:00Z
411,barbell-bent-over-row,"Использование инерции: Контролируйте движение на всех фазах, не раскачивайтесь и не используйте рывки",2025-01-15T10:00:00Z
412,barbell-bent-over-row,"Разведение локтей в стороны: Держите локти прижатыми к телу, не разводите их в стороны",2025-01-15T10:00:00Z
413,barbell-bent-over-row,"Неполная амплитуда: Подтягивайте штангу до касания нижней части груди или верхней части живота",2025-01-15T10:00:00Z
414,barbell-bent-over-row,"Задержка дыхания: Дышите ритмично, выдох при подтягивании, вдох при опускании",2025-01-15T10:00:00Z
415,barbell-bent-over-row-underhand,"Округление спины: Держите спину прямой на протяжении всего движения, не допускайте округления позвоночника",2025-01-15T10:00:00Z
416,barbell-bent-over-row-underhand,"Использование инерции: Контролируйте движение на всех фазах, не раскачивайтесь и не используйте рывки",2025-01-15T10:00:00Z
417,barbell-bent-over-row-underhand,"Разведение локтей в стороны: Держите локти прижатыми к телу, обратный хват требует особого контроля локтей",2025-01-15T10:00:00Z
418,barbell-bent-over-row-underhand,"Неполная амплитуда: Подтягивайте штангу до касания нижней части груди или верхней части живота",2025-01-15T10:00:00Z
419,barbell-bent-over-row-underhand,"Чрезмерное сгибание запястий: Держите запястья в нейтральном положении, не сгибайте их чрезмерно",2025-01-15T10:00:00Z
420,yates-row,"Слишком низкий наклон: Поддерживайте угол наклона корпуса 30-45 градусов, не наклоняйтесь слишком низко",2025-01-15T10:00:00Z
421,yates-row,"Округление спины: Держите спину прямой на протяжении всего движения, более вертикальное положение не означает расслабление",2025-01-15T10:00:00Z
422,yates-row,"Использование инерции: Контролируйте движение на всех фазах, не раскачивайтесь",2025-01-15T10:00:00Z
423,yates-row,"Неполная амплитуда: Подтягивайте штангу до касания нижней части груди или верхней части живота",2025-01-15T10:00:00Z
424,yates-row,"Задержка дыхания: Дышите ритмично, выдох при подтягивании, вдох при опускании",2025-01-15T10:00:00Z
425,pendlay-row,"Неполная остановка на полу: Каждое повторение должно начинаться с полной остановки штанги на полу, это ключевая особенность упражнения",2025-01-15T10:00:00Z
426,pendlay-row,"Округление спины: Держите спину прямой на протяжении всего движения, горизонтальное положение требует особого контроля",2025-01-15T10:00:00Z
427,pendlay-row,"Использование инерции: Каждое повторение должно быть взрывным, но контролируемым, не используйте раскачивание",2025-01-15T10:00:00Z
428,pendlay-row,"Неполная амплитуда: Подтягивайте штангу до касания нижней части груди или верхней части живота",2025-01-15T10:00:00Z
429,pendlay-row,"Слишком быстрый темп: Делайте паузу между повторениями, позволяя штанге полностью остановиться на полу",2025-01-15T10:00:00Z
430,ez-bar-bent-over-row,"Округление спины: Держите спину прямой на протяжении всего движения, не допускайте округления позвоночника",2025-01-15T10:00:00Z
431,ez-bar-bent-over-row,"Использование инерции: Контролируйте движение на всех фазах, не раскачивайтесь и не используйте рывки",2025-01-15T10:00:00Z
432,ez-bar-bent-over-row,"Неправильное положение рук на грифе: Используйте изогнутые части EZ-грифа для более естественного положения запястий",2025-01-15T10:00:00Z
433,ez-bar-bent-over-row,"Неполная амплитуда: Подтягивайте EZ-гриф до касания нижней части груди или верхней части живота",2025-01-15T10:00:00Z
434,ez-bar-bent-over-row,"Задержка дыхания: Дышите ритмично, выдох при подтягивании, вдох при опускании",2025-01-15T10:00:00Z
435,swiss-bar-row,"Округление спины: Держите спину прямой на протяжении всего движения, не допускайте округления позвоночника",2025-01-15T10:00:00Z
436,swiss-bar-row,"Использование инерции: Контролируйте движение на всех фазах, не раскачивайтесь и не используйте рывки",2025-01-15T10:00:00Z
437,swiss-bar-row,"Неправильный хват: Используйте параллельные рукоятки швейцарского грифа для нейтрального хвата",2025-01-15T10:00:00Z
438,swiss-bar-row,"Неполная амплитуда: Подтягивайте швейцарский гриф до касания нижней части груди или верхней части живота",2025-01-15T10:00:00Z
439,swiss-bar-row,"Задержка дыхания: Дышите ритмично, выдох при подтягивании, вдох при опускании",2025-01-15T10:00:00Z
440,cable-seated-row,"Округление спины: Следите за тем, чтобы спина оставалась прямой на протяжении всего движения. Округление спины может привести к травме позвоночника.",2025-01-15T10:00:00Z
441,cable-seated-row,"Использование инерции: Не раскачивайтесь корпусом и не используйте инерцию для подтягивания рукоятки. Движение должно быть контролируемым и медленным.",2025-01-15T10:00:00Z
442,cable-seated-row,"Неполная амплитуда: Не сокращайте амплитуду движения - подтягивайте рукоятку до касания пояса и полностью выпрямляйте руки в исходном положении.",2025-01-15T10:00:00Z
443,cable-seated-row,"Разведение локтей в стороны: Держите локти близко к корпусу, не разводите их в стороны. Это снижает эффективность упражнения и может привести к травме плеч.",2025-01-15T10:00:00Z
443,cable-seated-row,"Задержка дыхания: Дышите ритмично на протяжении всего движения. Задержка дыхания может повысить давление и привести к головокружению.",2025-01-15T10:00:00Z
445,cable-standing-row,"Округление спины: Следите за тем, чтобы спина оставалась прямой на протяжении всего движения. Округление спины может привести к травме позвоночника.",2025-01-15T10:00:00Z
445,cable-standing-row,"Использование инерции: Не раскачивайтесь корпусом и не используйте инерцию для подтягивания рукоятки. Движение должно быть контролируемым и медленным.",2025-01-15T10:00:00Z
446,cable-standing-row,"Неполная амплитуда: Не сокращайте амплитуду движения - подтягивайте рукоятку до касания пояса и полностью выпрямляйте руки в исходном положении.",2025-01-15T10:00:00Z
447,cable-standing-row,"Потеря стабильности корпуса: Напрягайте мышцы пресса и ягодиц для поддержания стабильности. Не допускайте раскачивания корпуса.",2025-01-15T10:00:00Z
448,cable-standing-row,"Задержка дыхания: Дышите ритмично на протяжении всего движения. Задержка дыхания может повысить давление и привести к головокружению.",2025-01-15T10:00:00Z
450,cable-one-arm-row,"Ротация позвоночника: Следите за тем, чтобы корпус оставался неподвижным и не поворачивался в сторону рабочей руки. Напрягайте мышцы пресса для стабилизации.",2025-01-15T10:00:00Z
451,cable-one-arm-row,"Округление спины: Следите за тем, чтобы спина оставалась прямой на протяжении всего движения. Округление спины может привести к травме позвоночника.",2025-01-15T10:00:00Z
451,cable-one-arm-row,"Использование инерции: Не раскачивайтесь корпусом и не используйте инерцию для подтягивания рукоятки. Движение должно быть контролируемым и медленным.",2025-01-15T10:00:00Z
453,cable-one-arm-row,"Неполная амплитуда: Не сокращайте амплитуду движения - подтягивайте рукоятку до касания пояса и полностью выпрямляйте руку в исходном положении.",2025-01-15T10:00:00Z
454,cable-one-arm-row,"Задержка дыхания: Дышите ритмично на протяжении всего движения. Задержка дыхания может повысить давление и привести к потере контроля.",2025-01-15T10:00:00Z
455,cable-wide-grip-row,"Чрезмерное разведение локтей: Держите локти под углом 90 градусов, не разводите их слишком широко. Это может привести к травме плечевых суставов.",2025-01-15T10:00:00Z
456,cable-wide-grip-row,"Округление спины: Следите за тем, чтобы спина оставалась прямой на протяжении всего движения. Округление спины может привести к травме позвоночника.",2025-01-15T10:00:00Z
457,cable-wide-grip-row,"Использование инерции: Не раскачивайтесь корпусом и не используйте инерцию для подтягивания рукоятки. Движение должно быть контролируемым и медленным.",2025-01-15T10:00:00Z
458,cable-wide-grip-row,"Неполная амплитуда: Не сокращайте амплитуду движения - подтягивайте рукоятку до касания груди и полностью выпрямляйте руки в исходном положении.",2025-01-15T10:00:00Z
459,cable-wide-grip-row,"Задержка дыхания: Дышите ритмично на протяжении всего движения. Задержка дыхания может повысить давление и привести к головокружению.",2025-01-15T10:00:00Z
460,cable-close-grip-row,"Округление спины: Следите за тем, чтобы спина оставалась прямой на протяжении всего движения. Округление спины может привести к травме позвоночника.",2025-01-15T10:00:00Z
461,cable-close-grip-row,"Использование инерции: Не раскачивайтесь корпусом и не используйте инерцию для подтягивания рукоятки. Движение должно быть контролируемым и медленным.",2025-01-15T10:00:00Z
462,cable-close-grip-row,"Неполная амплитуда: Не сокращайте амплитуду движения - подтягивайте рукоятку до касания пояса и полностью выпрямляйте руки в исходном положении.",2025-01-15T10:00:00Z
463,cable-close-grip-row,"Разведение локтей в стороны: Держите локти близко к корпусу, не разводите их в стороны. Это снижает эффективность упражнения и акцент на бицепсы.",2025-01-15T10:00:00Z
464,cable-close-grip-row,"Задержка дыхания: Дышите ритмично на протяжении всего движения. Задержка дыхания может повысить давление и привести к головокружению.",2025-01-15T10:00:00Z
465,cable-horizontal-row-underhand-grip,"Округление спины: Следите за тем, чтобы спина оставалась прямой на протяжении всего движения. Округление спины может привести к травме позвоночника.",2025-01-15T10:00:00Z
466,cable-horizontal-row-underhand-grip,"Использование инерции: Не раскачивайтесь корпусом и не используйте инерцию для подтягивания рукоятки. Движение должно быть контролируемым и медленным.",2025-01-15T10:00:00Z
467,cable-horizontal-row-underhand-grip,"Неполная амплитуда: Не сокращайте амплитуду движения - подтягивайте рукоятку до касания пояса и полностью выпрямляйте руки в исходном положении.",2025-01-15T10:00:00Z
468,cable-horizontal-row-underhand-grip,"Разведение локтей в стороны: Держите локти близко к корпусу, не разводите их в стороны. Это снижает эффективность упражнения и акцент на бицепсы.",2025-01-15T10:00:00Z
469,cable-horizontal-row-underhand-grip,"Задержка дыхания: Дышите ритмично на протяжении всего движения. Задержка дыхания может повысить давление и привести к головокружению.",2025-01-15T10:00:00Z
470,cable-horizontal-row-neutral-grip,"Округление спины: Следите за тем, чтобы спина оставалась прямой на протяжении всего движения. Округление спины может привести к травме позвоночника.",2025-01-15T10:00:00Z
471,cable-horizontal-row-neutral-grip,"Использование инерции: Не раскачивайтесь корпусом и не используйте инерцию для подтягивания рукоятки. Движение должно быть контролируемым и медленным.",2025-01-15T10:00:00Z
472,cable-horizontal-row-neutral-grip,"Неполная амплитуда: Не сокращайте амплитуду движения - подтягивайте рукоятку до касания пояса и полностью выпрямляйте руки в исходном положении.",2025-01-15T10:00:00Z
473,cable-horizontal-row-neutral-grip,"Разведение локтей в стороны: Держите локти близко к корпусу, не разводите их в стороны. Это снижает эффективность упражнения.",2025-01-15T10:00:00Z
474,cable-horizontal-row-neutral-grip,"Задержка дыхания: Дышите ритмично на протяжении всего движения. Задержка дыхания может повысить давление и привести к головокружению.",2025-01-15T10:00:00Z
475,cable-crossover-row-high,"Округление спины: Следите за тем, чтобы спина оставалась прямой на протяжении всего движения. Округление спины может привести к травме позвоночника.",2025-01-15T10:00:00Z
476,cable-crossover-row-high,"Раскачивание корпуса: Поддерживайте стабильность корпуса - не допускайте раскачивания. Напрягайте мышцы пресса и ягодиц.",2025-01-15T10:00:00Z
477,cable-crossover-row-high,"Неполная амплитуда: Не сокращайте амплитуду движения - подтягивайте рукоятки до касания груди и полностью выпрямляйте руки в исходном положении.",2025-01-15T10:00:00Z
478,cable-crossover-row-high,"Использование инерции: Не используйте инерцию для подтягивания рукояток. Движение должно быть контролируемым и медленным.",2025-01-15T10:00:00Z
479,cable-crossover-row-high,"Задержка дыхания: Дышите ритмично на протяжении всего движения. Задержка дыхания может повысить давление и привести к головокружению.",2025-01-15T10:00:00Z
480,cable-crossover-row-low,"Округление спины: Следите за тем, чтобы спина оставалась прямой на протяжении всего движения. Округление спины может привести к травме позвоночника.",2025-01-15T10:00:00Z
481,cable-crossover-row-low,"Раскачивание корпуса: Поддерживайте стабильность корпуса - не допускайте раскачивания. Напрягайте мышцы пресса и ягодиц.",2025-01-15T10:00:00Z
482,cable-crossover-row-low,"Неполная амплитуда: Не сокращайте амплитуду движения - подтягивайте рукоятки до касания пояса и полностью выпрямляйте руки в исходном положении.",2025-01-15T10:00:00Z
483,cable-crossover-row-low,"Использование инерции: Не используйте инерцию для подтягивания рукояток. Движение должно быть контролируемым и медленным.",2025-01-15T10:00:00Z
484,cable-crossover-row-low,"Задержка дыхания: Дышите ритмично на протяжении всего движения. Задержка дыхания может повысить давление и привести к головокружению.",2025-01-15T10:00:00Z
485,cable-horizontal-row-kneeling,"Округление спины: Следите за тем, чтобы спина оставалась прямой на протяжении всего движения. Округление спины может привести к травме позвоночника.",2025-01-15T10:00:00Z
486,cable-horizontal-row-kneeling,"Потеря стабильности: Поддерживайте стабильность корпуса на коленях - не допускайте раскачивания. Напрягайте мышцы пресса, ягодиц и спины.",2025-01-15T10:00:00Z
487,cable-horizontal-row-kneeling,"Неполная амплитуда: Не сокращайте амплитуду движения - подтягивайте рукоятку до касания пояса и полностью выпрямляйте руки в исходном положении.",2025-01-15T10:00:00Z
488,cable-horizontal-row-kneeling,"Использование инерции: Не используйте инерцию для подтягивания рукоятки. Движение должно быть контролируемым и медленным.",2025-01-15T10:00:00Z
489,cable-horizontal-row-kneeling,"Задержка дыхания: Дышите ритмично на протяжении всего движения. Задержка дыхания может повысить давление и привести к головокружению.",2025-01-15T10:00:00Z
490,hammer-strength-row,"Отрыв груди от подушки: Всегда держите грудь плотно прижатой к подушке тренажера. Отрыв груди нарушает стабильность и может привести к травме спины.",2025-11-08T20:00:00Z
491,hammer-strength-row,"Асимметричное движение рук: Следите за синхронностью движения обеих рук. Независимые рычаги позволяют выравнивать дисбаланс, но движение должно быть скоординированным.",2025-11-08T20:00:00Z
492,hammer-strength-row,"Округление спины: Следите за тем, чтобы спина оставалась прямой с естественным прогибом в пояснице. Округление спины может привести к травме позвоночника.",2025-11-08T20:00:00Z
493,hammer-strength-row,"Неполная амплитуда: Не сокращайте амплитуду движения - подтягивайте рукоятки до касания пояса и полностью выпрямляйте руки в исходном положении.",2025-11-08T20:00:00Z
494,hammer-strength-row,"Использование инерции: Не используйте инерцию для подтягивания рукояток. Движение должно быть контролируемым и медленным на протяжении всей амплитуды.",2025-11-08T20:00:00Z
495,t-bar-row-machine,"Отрыв груди от подушки: Всегда держите грудь плотно прижатой к подушке тренажера. Отрыв груди нарушает стабильность и может привести к травме спины.",2025-11-08T20:00:00Z
496,t-bar-row-machine,"Округление спины: Следите за тем, чтобы спина оставалась прямой с естественным прогибом в пояснице. Округление спины может привести к травме позвоночника.",2025-11-08T20:00:00Z
497,t-bar-row-machine,"Неполная амплитуда: Не сокращайте амплитуду движения - подтягивайте рукоятку до касания пояса и полностью выпрямляйте руки в исходном положении.",2025-11-08T20:00:00Z
498,t-bar-row-machine,"Использование инерции: Не используйте инерцию для подтягивания рукоятки. Движение должно быть контролируемым и медленным на протяжении всей амплитуды.",2025-11-08T20:00:00Z
499,t-bar-row-machine,"Слишком широкий или узкий хват: Используйте хват на ширине плеч или чуть шире. Неправильный хват снижает эффективность упражнения и может вызвать дискомфорт в плечевых суставах.",2025-11-08T20:00:00Z
500,trx-row,"Раскачивание TRX петель и потеря контроля - может привести к потере равновесия и травме. Активно контролируйте петли на протяжении всего движения, не допускайте раскачивания.",2025-11-30T19:52:21Z
501,trx-row,"Провисание таза и нарушение прямой линии тела - снижает эффективность упражнения и увеличивает нагрузку на поясницу. Напрягайте кор, ягодицы и пресс для поддержания стабильности.",2025-11-30T19:52:21Z
502,trx-row,"Неполная амплитуда движения - недотягивание до рукояток или неполное выпрямление рук в исходном положении. Выполняйте полную амплитуду движения для максимальной эффективности.",2025-11-30T19:52:21Z
503,trx-row,"Отсутствие контроля при возвращении в исходное положение - слишком быстрое или резкое движение может привести к потере контроля над петлями. Возвращайтесь медленно и контролируемо.",2025-11-30T19:52:21Z
504,trx-row,"Неправильный угол наклона тела - слишком вертикальное или слишком горизонтальное положение снижает эффективность упражнения. Поддерживайте оптимальный угол наклона для максимальной нагрузки на мышцы спины.",2025-11-30T19:52:21Z
505,trx-row-wide-grip,"Раскачивание TRX петель и потеря контроля - может привести к потере равновесия и травме. Широкий хват увеличивает риск раскачивания. Активно контролируйте петли на протяжении всего движения.",2025-11-30T19:52:21Z
506,trx-row-wide-grip,"Чрезмерное растяжение плечевых суставов - широкий хват требует хорошей гибкости плеч. Если чувствуете дискомфорт, уменьшите ширину хвата или используйте более вертикальный угол наклона тела.",2025-11-30T19:52:21Z
507,trx-row-wide-grip,"Провисание таза и нарушение прямой линии тела - снижает эффективность упражнения и увеличивает нагрузку на поясницу. Напрягайте кор, ягодицы и пресс для поддержания стабильности.",2025-11-30T19:52:21Z
508,trx-row-wide-grip,"Неполная амплитуда движения - недотягивание до рукояток или неполное выпрямление рук в исходном положении. Выполняйте полную амплитуду движения для максимальной эффективности.",2025-11-30T19:52:21Z
509,trx-row-wide-grip,"Разведение локтей слишком широко - держите локти направленными назад, а не в стороны. Чрезмерное разведение локтей может привести к травме плечевых суставов.",2025-11-30T19:52:21Z
510,trx-row-close-grip,"Раскачивание TRX петель и потеря контроля - может привести к потере равновесия и травме. Активно контролируйте петли на протяжении всего движения, не допускайте раскачивания.",2025-11-30T19:52:21Z
511,trx-row-close-grip,"Провисание таза и нарушение прямой линии тела - снижает эффективность упражнения и увеличивает нагрузку на поясницу. Напрягайте кор, ягодицы и пресс для поддержания стабильности.",2025-11-30T19:52:21Z
512,trx-row-close-grip,"Неполная амплитуда движения - недотягивание до рукояток или неполное выпрямление рук в исходном положении. Выполняйте полную амплитуду движения для максимальной эффективности.",2025-11-30T19:52:21Z
513,trx-row-close-grip,"Отсутствие контроля при возвращении в исходное положение - слишком быстрое или резкое движение может привести к потере контроля над петлями. Возвращайтесь медленно и контролируемо.",2025-11-30T19:52:21Z
514,trx-row-close-grip,"Держание локтей слишком далеко от корпуса - при узком хвате локти должны быть близко к корпусу для максимальной активации бицепсов и центральной части широчайших.",2025-11-30T19:52:21Z
515,trx-row-archer,"Ротация корпуса при односторонней нагрузке - критическая ошибка, которая может привести к травме позвоночника. Максимально напрягайте кор и ягодицы для предотвращения ротации.",2025-11-30T19:52:21Z
516,trx-row-archer,"Раскачивание TRX петель и потеря контроля - односторонняя нагрузка увеличивает риск раскачивания. Активно контролируйте петли на протяжении всего движения, не допускайте потери контроля.",2025-11-30T19:52:21Z
517,trx-row-archer,"Неравномерное распределение нагрузки - убедитесь, что вес полностью смещен на рабочую руку, а вторая рука выпрямлена. Не распределяйте нагрузку равномерно между руками.",2025-11-30T19:52:21Z
518,trx-row-archer,"Провисание таза и нарушение прямой линии тела - односторонняя нагрузка требует максимального напряжения кора. Напрягайте кор, ягодицы и пресс для поддержания стабильности и предотвращения ротации.",2025-11-30T19:52:21Z
519,trx-row-archer,"Неполная амплитуда движения на рабочей стороне - недотягивание рабочей рукой до рукоятки снижает эффективность упражнения. Выполняйте полную амплитуду движения для максимальной нагрузки на рабочую сторону.",2025-11-30T19:52:21Z
