id,exercise_id,step_number,instruction,created_at
1,dumbbell-bench-press-flat,1,"Лягте на горизонтальную скамью, плотно прижав лопатки и ягодицы к поверхности. Стопы должны быть устойчиво поставлены на пол.",2024-01-15T10:00:00Z
2,dumbbell-bench-press-flat,2,"Возьмите гантели в руки и поднимите их над грудью, руки на ширине плеч, локти слегка согнуты. Это исходное положение.",2024-01-15T10:00:00Z
3,dumbbell-bench-press-flat,3,"Медленно опустите гантели к груди, контролируя движение. Опускайте до легкого касания груди или до комфортного растяжения.",2024-01-15T10:00:00Z
4,dumbbell-bench-press-flat,4,"Сделайте паузу на 1 секунду в нижней точке, затем мощно выжмите гантели вверх, возвращаясь в исходное положение.",2024-01-15T10:00:00Z
5,dumbbell-bench-press-flat,5,"В верхней точке сведите гантели вместе, сжимая грудные мышцы, затем повторите движение.",2024-01-15T10:00:00Z
6,barbell-bench-press,1,"Лягте на горизонтальную скамью, плотно прижав лопатки и ягодицы к поверхности. Стопы должны быть устойчиво поставлены на пол.",2024-01-15T10:00:00Z
7,barbell-bench-press,2,"Возьмите штангу хватом шире плеч и снимите ее со стоек. Держите штангу над грудью, руки полностью выпрямлены. Это исходное положение.",2024-01-15T10:00:00Z
8,barbell-bench-press,3,"Медленно опустите штангу к груди, контролируя движение. Опускайте до легкого касания груди или до комфортного растяжения.",2024-01-15T10:00:00Z
9,barbell-bench-press,4,"Сделайте паузу на 1 секунду в нижней точке, затем мощно выжмите штангу вверх, возвращаясь в исходное положение.",2024-01-15T10:00:00Z
10,barbell-bench-press,5,"В верхней точке полностью выпрямите руки, затем повторите движение. Всегда используйте страховщика при работе с большими весами.",2024-01-15T10:00:00Z
11,push-ups,1,"Примите положение планки: руки на ширине плеч, ладони на полу, тело выпрямлено от головы до пяток. Напрягите кор.",2024-01-15T10:00:00Z
12,push-ups,2,"Медленно опустите тело вниз, сгибая руки в локтях. Опускайтесь до тех пор, пока грудь почти не коснется пола.",2024-01-15T10:00:00Z
13,push-ups,3,"Сделайте паузу на 1 секунду в нижней точке, затем мощно оттолкнитесь от пола, возвращаясь в исходное положение.",2024-01-15T10:00:00Z
14,push-ups,4,"В верхней точке полностью выпрямите руки, затем повторите движение. Держите кор напряженным на протяжении всего упражнения.",2024-01-15T10:00:00Z
15,incline-dumbbell-press,1,"Установите скамью под углом 30-45 градусов и лягте на неё, плотно прижав лопатки и ягодицы к поверхности. Стопы должны быть устойчиво поставлены на пол.",2024-01-15T10:00:00Z
16,incline-dumbbell-press,2,"Возьмите гантели в руки и поднимите их над верхней частью груди, руки на ширине плеч, локти слегка согнуты. Это исходное положение.",2024-01-15T10:00:00Z
17,incline-dumbbell-press,3,"Медленно опустите гантели к верхней части груди, контролируя движение. Опускайте до легкого касания груди или до комфортного растяжения.",2024-01-15T10:00:00Z
18,incline-dumbbell-press,4,"Сделайте паузу на 1 секунду в нижней точке, затем мощно выжмите гантели вверх, возвращаясь в исходное положение.",2024-01-15T10:00:00Z
19,incline-dumbbell-press,5,"В верхней точке сведите гантели вместе, сжимая верхнюю часть грудных мышц, затем повторите движение.",2024-01-15T10:00:00Z
20,dips-chest-focus,1,"Подойдите к брусьям и возьмитесь за них хватом чуть шире плеч. Поднимитесь в исходное положение, руки полностью выпрямлены, корпус слегка наклонен вперед.",2024-01-15T10:00:00Z
21,dips-chest-focus,2,"Медленно опустите тело вниз, сгибая руки в локтях. Опускайтесь до комфортного растяжения в плечевых суставах, но не ниже.",2024-01-15T10:00:00Z
22,dips-chest-focus,3,"Сделайте паузу на 1 секунду в нижней точке, затем мощно оттолкнитесь от брусьев, возвращаясь в исходное положение.",2024-01-15T10:00:00Z
23,dips-chest-focus,4,"В верхней точке полностью выпрямите руки, затем повторите движение. Держите корпус слегка наклоненным вперед для акцента на грудь.",2024-01-15T10:00:00Z
24,dips-chest-focus,5,"Контролируйте движение на всех фазах, не раскачивайтесь и не используйте инерцию. Дышите ритмично.",2024-01-15T10:00:00Z
25,machine-chest-press-plate-loaded,1,"Сядьте в тренажер и отрегулируйте высоту сиденья так, чтобы рукоятки находились на уровне груди. Плотно прижмите спину к спинке.",2024-01-15T10:00:00Z
26,machine-chest-press-plate-loaded,2,Возьмитесь за рукоятки хватом чуть шире плеч. Стопы должны быть устойчиво поставлены на пол. Это исходное положение.,2024-01-15T10:00:00Z
27,machine-chest-press-plate-loaded,3,"Медленно опустите рукоятки к груди, контролируя движение. Опускайте до комфортного растяжения грудных мышц.",2024-01-15T10:00:00Z
28,machine-chest-press-plate-loaded,4,"Сделайте паузу на 1 секунду в нижней точке, затем мощно выжмите рукоятки вперед, возвращаясь в исходное положение.",2024-01-15T10:00:00Z
29,machine-chest-press-plate-loaded,5,"В верхней точке полностью выпрямите руки, затем повторите движение. Держите корпус стабильным на протяжении всего упражнения.",2024-01-15T10:00:00Z
30,smith-machine-bench-press,1,"Лягте на горизонтальную скамью в машине Смита, плотно прижав лопатки и ягодицы к поверхности. Стопы должны быть устойчиво поставлены на пол.",2024-01-15T10:00:00Z
31,smith-machine-bench-press,2,"Возьмите штангу хватом шире плеч и снимите ее с фиксаторов. Держите штангу над грудью, руки полностью выпрямлены. Это исходное положение.",2024-01-15T10:00:00Z
32,smith-machine-bench-press,3,"Медленно опустите штангу к груди, контролируя движение. Опускайте до легкого касания груди или до комфортного растяжения.",2024-01-15T10:00:00Z
33,smith-machine-bench-press,4,"Сделайте паузу на 1 секунду в нижней точке, затем мощно выжмите штангу вверх, возвращаясь в исходное положение.",2024-01-15T10:00:00Z
34,smith-machine-bench-press,5,"В верхней точке полностью выпрямите руки, затем повторите движение. Фиксированная траектория обеспечивает безопасность без страховщика.",2024-01-15T10:00:00Z
35,decline-dumbbell-press,1,"Установите скамью под углом -15-30 градусов и лягте на неё, зафиксировав ноги в упорах. Плотно прижмите лопатки и ягодицы к поверхности.",2024-01-15T10:00:00Z
36,decline-dumbbell-press,2,"Возьмите гантели в руки и поднимите их над нижней частью груди, руки на ширине плеч, локти слегка согнуты. Это исходное положение.",2024-01-15T10:00:00Z
37,decline-dumbbell-press,3,"Медленно опустите гантели к нижней части груди, контролируя движение. Опускайте до легкого касания груди или до комфортного растяжения.",2024-01-15T10:00:00Z
38,decline-dumbbell-press,4,"Сделайте паузу на 1 секунду в нижней точке, затем мощно выжмите гантели вверх, возвращаясь в исходное положение.",2024-01-15T10:00:00Z
39,decline-dumbbell-press,5,"В верхней точке сведите гантели вместе, сжимая нижнюю часть грудных мышц, затем повторите движение.",2024-01-15T10:00:00Z
40,push-ups-on-handles,1,"Поставьте упоры для отжиманий на ширине плеч и примите положение планки: руки на упорах, тело выпрямлено от головы до пяток. Напрягите кор.",2024-01-15T10:00:00Z
41,push-ups-on-handles,2,"Медленно опустите тело вниз, сгибая руки в локтях. Опускайтесь ниже, чем при обычных отжиманиях, используя увеличенный диапазон движения.",2024-01-15T10:00:00Z
42,push-ups-on-handles,3,"Сделайте паузу на 1 секунду в нижней точке, затем мощно оттолкнитесь от упоров, возвращаясь в исходное положение.",2024-01-15T10:00:00Z
43,push-ups-on-handles,4,"В верхней точке полностью выпрямите руки, затем повторите движение. Держите кор напряженным на протяжении всего упражнения.",2024-01-15T10:00:00Z
44,push-ups-on-handles,5,"Контролируйте движение на всех фазах, используя увеличенный диапазон для лучшего растяжения грудных мышц.",2024-01-15T10:00:00Z
45,dumbbell-fly-flat-bench,1,"Лягте на горизонтальную скамью, плотно прижав лопатки и ягодицы к поверхности. Стопы должны быть устойчиво поставлены на пол.",2024-01-15T10:00:00Z
46,dumbbell-fly-flat-bench,2,"Поднимите гантели над грудью, слегка согнув локти под углом 10-15 градусов. Это исходное положение для разведения.",2024-01-15T10:00:00Z
47,dumbbell-fly-flat-bench,3,"На вдохе медленно разведите руки в стороны по широкой дуге, контролируя движение и сохраняя угол в локтях.",2024-01-15T10:00:00Z
48,dumbbell-fly-flat-bench,4,"Опускайте гантели до ощущения растяжения в груди, но не ниже уровня плеч. Локти должны оставаться на уровне плеч.",2024-01-15T10:00:00Z
49,dumbbell-fly-flat-bench,5,"На выдохе сведите гантели по той же траектории, сжимая грудные мышцы в верхней точке.",2024-01-15T10:00:00Z
50,dumbbell-fly-flat-bench,6,"Сохраняйте угол в локтях постоянным на протяжении всего движения, не выпрямляя руки полностью.",2024-01-15T10:00:00Z
51,dumbbell-fly-floor,1,"Лягте на пол, плотно прижав лопатки и ягодицы к поверхности. Согните ноги в коленях и поставьте стопы устойчиво на пол.",2024-01-15T10:00:00Z
52,dumbbell-fly-floor,2,"Поднимите гантели над грудью, слегка согнув локти под углом 10-15 градусов. Это исходное положение.",2024-01-15T10:00:00Z
53,dumbbell-fly-floor,3,"На вдохе медленно разведите руки в стороны, контролируя движение и сохраняя угол в локтях.",2024-01-15T10:00:00Z
54,dumbbell-fly-floor,4,Опускайте гантели до легкого касания локтями пола. Ограниченная амплитуда защищает плечевые суставы.,2024-01-15T10:00:00Z
55,dumbbell-fly-floor,5,"На выдохе сведите гантели по той же траектории, сжимая грудные мышцы в верхней точке.",2024-01-15T10:00:00Z
56,dumbbell-fly-incline-bench,1,"Установите скамью под углом 30-45 градусов и лягте на неё, плотно прижав лопатки и ягодицы к поверхности.",2024-01-15T10:00:00Z
57,dumbbell-fly-incline-bench,2,"Поднимите гантели над верхней частью груди, слегка согнув локти под углом 10-15 градусов. Это исходное положение.",2024-01-15T10:00:00Z
58,dumbbell-fly-incline-bench,3,"На вдохе медленно разведите руки в стороны по широкой дуге, контролируя движение и сохраняя угол в локтях.",2024-01-15T10:00:00Z
59,dumbbell-fly-incline-bench,4,"Опускайте гантели до ощущения растяжения в верхней части груди, но не ниже уровня плеч.",2024-01-15T10:00:00Z
60,dumbbell-fly-incline-bench,5,"На выдохе сведите гантели по той же траектории, сжимая верхнюю часть грудных мышц в верхней точке.",2024-01-15T10:00:00Z
61,cable-fly-flat,1,"Установите кабели кроссовера на уровне груди и лягте на горизонтальную скамью между стойками.",2024-01-15T10:00:00Z
62,cable-fly-flat,2,"Возьмите рукоятки кабелей в руки, слегка согнув локти под углом 10-15 градусов. Это исходное положение.",2024-01-15T10:00:00Z
63,cable-fly-flat,3,"На вдохе медленно разведите руки в стороны по широкой дуге, контролируя постоянное натяжение кабелей.",2024-01-15T10:00:00Z
64,cable-fly-flat,4,"Опускайте руки до ощущения растяжения в груди, но не ниже уровня плеч. Сохраняйте натяжение кабелей.",2024-01-15T10:00:00Z
65,cable-fly-flat,5,"На выдохе сведите руки по той же траектории, сжимая грудные мышцы в верхней точке с постоянным натяжением.",2024-01-15T10:00:00Z
66,cable-fly-standing,1,"Встаньте между стойками кроссовера, установите кабели на уровне груди. Ноги на ширине плеч, слегка согнуты в коленях.",2024-01-15T10:00:00Z
67,cable-fly-standing,2,"Возьмите рукоятки кабелей в руки, слегка согнув локти под углом 10-15 градусов. Стойте прямо, напрягите корпус.",2024-01-15T10:00:00Z
68,cable-fly-standing,3,"На вдохе медленно разведите руки в стороны по широкой дуге, контролируя постоянное натяжение кабелей.",2024-01-15T10:00:00Z
69,cable-fly-standing,4,"Опускайте руки до ощущения растяжения в груди, но не ниже уровня плеч. Сохраняйте стабильность корпуса.",2024-01-15T10:00:00Z
70,cable-fly-standing,5,"На выдохе сведите руки по той же траектории, сжимая грудные мышцы в верхней точке с постоянным натяжением.",2024-01-15T10:00:00Z
71,pec-deck-fly,1,"Сядьте в тренажер Пек-дек, отрегулируйте высоту сиденья так, чтобы рукоятки находились на уровне груди.",2024-01-15T10:00:00Z
72,pec-deck-fly,2,"Возьмите рукоятки тренажера, слегка согнув локти под углом 10-15 градусов. Прижмите спину к спинке сиденья.",2024-01-15T10:00:00Z
73,pec-deck-fly,3,"На вдохе медленно разведите руки в стороны, контролируя движение и сохраняя угол в локтях.",2024-01-15T10:00:00Z
74,pec-deck-fly,4,"Опускайте руки до ощущения растяжения в груди, но не ниже уровня плеч. Фиксированная траектория обеспечивает безопасность.",2024-01-15T10:00:00Z
75,pec-deck-fly,5,"На выдохе сведите руки по фиксированной траектории, сжимая грудные мышцы в верхней точке.",2024-01-15T10:00:00Z
76,cable-crossover-low-to-high,1,"Встаньте между стойками кроссовера, установите кабели в нижнем положении. Ноги на ширине плеч, слегка согнуты в коленях.",2024-01-15T10:00:00Z
77,cable-crossover-low-to-high,2,"Возьмите рукоятки кабелей в руки, слегка согнув локти под углом 10-15 градусов. Стойте прямо, напрягите корпус.",2024-01-15T10:00:00Z
78,cable-crossover-low-to-high,3,"На вдохе медленно разведите руки в стороны и вверх по широкой дуге, контролируя постоянное натяжение кабелей.",2024-01-15T10:00:00Z
79,cable-crossover-low-to-high,4,"Опускайте руки до ощущения растяжения в верхней части груди, но не ниже уровня плеч. Сохраняйте стабильность корпуса.",2024-01-15T10:00:00Z
80,cable-crossover-low-to-high,5,"На выдохе сведите руки по той же траектории, сжимая верхнюю часть грудных мышц в верхней точке с постоянным натяжением.",2024-01-15T10:00:00Z
81,dumbbell-pullover,1,"Лягте на горизонтальную скамью, держа гантель обеими руками за один конец. Ноги на полу, спина прижата к скамье.",2024-01-15T10:00:00Z
82,dumbbell-pullover,2,"Начните с гантели над грудью, руки слегка согнуты в локтях. Сделайте глубокий вдох.",2024-01-15T10:00:00Z
83,dumbbell-pullover,3,"На вдохе медленно опустите гантель за голову по широкой дуге, контролируя движение и чувствуя растяжение в груди.",2024-01-15T10:00:00Z
84,dumbbell-pullover,4,"Опускайте гантель до ощущения растяжения в грудных мышцах и широчайших, но не ниже уровня головы.",2024-01-15T10:00:00Z
85,dumbbell-pullover,5,"На выдохе медленно поднимите гантель по той же траектории, сжимая грудные мышцы в верхней точке.",2024-01-15T10:00:00Z
86,resistance-band-fly,1,"Встаньте прямо, ноги на ширине плеч, возьмите резиновую ленту в руки. Лента должна быть натянута перед грудью.",2024-01-15T10:00:00Z
87,resistance-band-fly,2,"Начните с рук перед грудью, слегка согнув локти под углом 10-15 градусов. Сделайте глубокий вдох.",2024-01-15T10:00:00Z
88,resistance-band-fly,3,"На вдохе медленно разведите руки в стороны, контролируя постоянное натяжение ленты и чувствуя сопротивление.",2024-01-15T10:00:00Z
89,resistance-band-fly,4,"Разводите руки до ощущения растяжения в грудных мышцах, но не ниже уровня плеч. Сохраняйте стабильность корпуса.",2024-01-15T10:00:00Z
90,resistance-band-fly,5,"На выдохе медленно сведите руки по той же траектории, сжимая грудные мышцы в верхней точке с постоянным натяжением.",2024-01-15T10:00:00Z
91,incline-barbell-bench-press,1,"Установите наклонную скамью под углом 30-45 градусов и лягте на неё, плотно прижав лопатки и ягодицы к поверхности. Стопы должны быть устойчиво поставлены на пол.",2024-01-15T10:00:00Z
92,incline-barbell-bench-press,2,"Возьмите штангу хватом чуть шире плеч и снимите ее со стоек. Держите штангу над верхней частью груди, руки полностью выпрямлены. Это исходное положение.",2024-01-15T10:00:00Z
93,incline-barbell-bench-press,3,"Медленно опустите штангу к верхней части груди, контролируя движение. Опускайте до легкого касания груди или до комфортного растяжения.",2024-01-15T10:00:00Z
94,incline-barbell-bench-press,4,"Сделайте паузу на 1 секунду в нижней точке, затем мощно выжмите штангу вверх, возвращаясь в исходное положение.",2024-01-15T10:00:00Z
95,incline-barbell-bench-press,5,"В верхней точке полностью выпрямите руки, затем повторите движение. Всегда используйте страховщика при работе с большими весами.",2024-01-15T10:00:00Z
96,incline-barbell-bench-press,6,"Контролируйте движение на всех фазах, следите за углом наклона скамьи - оптимальный диапазон 30-45 градусов для акцента на верхнюю часть груди.",2024-01-15T10:00:00Z
97,decline-barbell-bench-press,1,"Установите скамью с отрицательным наклоном под углом -15 градусов и лягте на неё, зафиксировав ноги в упорах. Плотно прижмите лопатки и ягодицы к поверхности.",2024-01-15T10:00:00Z
98,decline-barbell-bench-press,2,"Возьмите штангу хватом чуть шире плеч и снимите ее со стоек. Держите штангу над нижней частью груди, руки полностью выпрямлены. Это исходное положение.",2024-01-15T10:00:00Z
99,decline-barbell-bench-press,3,"Медленно опустите штангу к нижней части груди, контролируя движение. Опускайте до легкого касания груди или до комфортного растяжения.",2024-01-15T10:00:00Z
100,decline-barbell-bench-press,4,"Сделайте паузу на 1 секунду в нижней точке, затем мощно выжмите штангу вверх, возвращаясь в исходное положение.",2024-01-15T10:00:00Z
101,decline-barbell-bench-press,5,"В верхней точке полностью выпрямите руки, затем повторите движение. Всегда используйте страховщика при работе с большими весами.",2024-01-15T10:00:00Z
102,decline-barbell-bench-press,6,"Контролируйте движение на всех фазах, следите за надежной фиксацией ног в упорах и дыханием для предотвращения головокружения.",2024-01-15T10:00:00Z
103,close-grip-push-ups,1,"Примите положение планки: руки расположите на ширине плеч или уже, ладони на полу на уровне груди, пальцы направлены вперед. Тело выпрямлено от головы до пяток, напрягите кор.",2024-01-15T10:00:00Z
104,close-grip-push-ups,2,"Напрягите мышцы пресса и ягодиц, чтобы сохранить прямую линию тела. Лопатки должны быть стабильными и не выступать вперед.",2024-01-15T10:00:00Z
105,close-grip-push-ups,3,"На вдохе медленно опустите тело вниз, сгибая локти и направляя их назад вдоль тела (не разводите в стороны). Опускайтесь до тех пор, пока грудь почти не коснется пола.",2024-01-15T10:00:00Z
106,close-grip-push-ups,4,"В нижней точке локти должны быть согнуты под углом около 90 градусов и расположены близко к телу. Сделайте кратковременную паузу.",2024-01-15T10:00:00Z
107,close-grip-push-ups,5,"На выдохе мощно оттолкнитесь от пола, напрягая трицепсы и грудные мышцы, возвращаясь в исходное положение. Полностью выпрямите руки в верхней точке.",2024-01-15T10:00:00Z
108,close-grip-push-ups,6,"Повторите движение, сохраняя правильную технику и контролируя положение тела на протяжении всего упражнения.",2024-01-15T10:00:00Z
109,wide-grip-push-ups,1,"Примите положение планки: руки расположите значительно шире плеч (примерно в 1.5-2 раза шире), ладони на полу на уровне груди, пальцы направлены вперед или слегка наружу. Тело выпрямлено от головы до пяток, напрягите кор.",2024-01-15T10:00:00Z
110,wide-grip-push-ups,2,"Напрягите мышцы пресса и ягодиц, чтобы сохранить прямую линию тела. Широкий хват создает большую нагрузку на грудные мышцы, но требует хорошей гибкости плечевых суставов.",2024-01-15T10:00:00Z
111,wide-grip-push-ups,3,"На вдохе медленно опустите тело вниз, сгибая локти. При широкой постановке рук локти естественно разводятся в стороны под углом примерно 45-60 градусов. Опускайтесь до тех пор, пока грудь почти не коснется пола или до комфортного растяжения.",2024-01-15T10:00:00Z
112,wide-grip-push-ups,4,"В нижней точке почувствуйте растяжение в грудных мышцах. Широкий хват обеспечивает больший акцент на внешнюю часть грудных мышц. Сделайте кратковременную паузу, контролируя положение тела.",2024-01-15T10:00:00Z
113,wide-grip-push-ups,5,"На выдохе мощно оттолкнитесь от пола, напрягая грудные мышцы и передние дельты, возвращаясь в исходное положение. Полностью выпрямите руки в верхней точке.",2024-01-15T10:00:00Z
114,wide-grip-push-ups,6,"Повторите движение, сохраняя правильную технику. Широкая постановка рук делает упражнение более легким для трицепсов по сравнению с обычными отжиманиями, позволяя выполнять больше повторений.",2024-01-15T10:00:00Z
115,decline-push-ups,1,"Поставьте ноги на возвышение (скамья, стул, платформа высотой 30-60 см) и примите положение планки: руки расположите на ширине плеч или чуть шире, ладони на полу на уровне груди, пальцы направлены вперед. Тело выпрямлено от головы до пяток, образуя прямую линию.",2024-01-15T10:00:00Z
116,decline-push-ups,2,"Напрягите мышцы пресса, ягодиц и спины, чтобы сохранить стабильность корпуса. Ноги должны быть прямыми и расположены выше головы, что увеличивает нагрузку на верхнюю часть груди и плечи. Голова должна быть в нейтральном положении.",2024-01-15T10:00:00Z
117,decline-push-ups,3,"На вдохе медленно опустите тело вниз, сгибая локти под углом примерно 45 градусов к телу. Опускайтесь контролируемо до тех пор, пока грудь почти не коснется пола или до комфортного растяжения в верхней части грудных мышц.",2024-01-15T10:00:00Z
118,decline-push-ups,4,"В нижней точке сделайте кратковременную паузу (1 секунда), контролируя положение тела. Не допускайте провисания таза или выгибания спины. Наклонное положение акцентирует нагрузку на верхнюю часть грудных мышц и передние дельты.",2024-01-15T10:00:00Z
119,decline-push-ups,5,"На выдохе мощно оттолкнитесь от пола, напрягая грудные мышцы, передние дельты и трицепсы, возвращаясь в исходное положение. Полностью выпрямите руки в верхней точке, сохраняя стабильность корпуса.",2024-01-15T10:00:00Z
120,decline-push-ups,6,"Повторите движение, сохраняя правильную технику. Наклонное положение с ногами на возвышении делает упражнение более сложным по сравнению с обычными отжиманиями, требуя большей силы верхней части тела и стабильности корпуса.",2024-01-15T10:00:00Z
121,incline-push-ups,1,"Поставьте руки на возвышение (скамья, стул, платформа, стол высотой 30-60 см) на ширине плеч или чуть шире, ладони на краю поверхности, пальцы направлены вперед. Примите положение планки: тело выпрямлено от головы до пяток, образуя прямую линию под углом к полу.",2024-01-15T10:00:00Z
122,incline-push-ups,2,"Напрягите мышцы пресса, ягодиц и спины, чтобы сохранить стабильность корпуса. Руки должны быть полностью выпрямлены, а тело образовывать прямую линию. Голова должна быть в нейтральном положении, взгляд направлен вниз, не вверх.",2024-01-15T10:00:00Z
123,incline-push-ups,3,"На вдохе медленно опустите тело вниз, сгибая локти под углом примерно 45 градусов к телу. Опускайтесь контролируемо, приближая грудь к поверхности возвышения. Угол наклона уменьшает нагрузку, делая упражнение легче обычных отжиманий.",2024-01-15T10:00:00Z
124,incline-push-ups,4,"В нижней точке сделайте кратковременную паузу (1 секунда), контролируя положение тела. Не допускайте провисания таза или выгибания спины. Грудь должна быть близко к возвышенности, но не касаться ее полностью.",2024-01-15T10:00:00Z
125,incline-push-ups,5,"На выдохе мощно оттолкнитесь от возвышения, напрягая грудные мышцы, передние дельты и трицепсы, возвращаясь в исходное положение. Полностью выпрямите руки в верхней точке, сохраняя стабильность корпуса.",2024-01-15T10:00:00Z
126,incline-push-ups,6,"Повторите движение, сохраняя правильную технику. Упрощенная версия отжиманий благодаря углу наклона позволяет начинающим освоить правильную технику и постепенно прогрессировать к обычным отжиманиям от пола.",2024-01-15T10:00:00Z
127,plyometric-push-ups,1,"Примите положение планки: руки на ширине плеч, ладони на полу, тело выпрямлено от головы до пяток. Напрягите кор, ягодицы и пресс для максимальной стабильности. Это критично важно для безопасного выполнения взрывных движений.",2024-01-15T10:00:00Z
128,plyometric-push-ups,2,"На вдохе медленно и контролируемо опустите тело вниз до комфортной глубины (примерно до середины нормального отжимания или чуть ниже). Сконцентрируйтесь на подготовке мышц к взрывному движению. Напрягите грудные мышцы, трицепсы и плечи.",2024-01-15T10:00:00Z
129,plyometric-push-ups,3,"Мощно и быстро оттолкнитесь от пола, направляя всю силу вверх. Выдохните резко и быстро во время взрывного движения. Цель - оторваться от пола настолько, чтобы руки полностью потеряли контакт с поверхностью.",2024-01-15T10:00:00Z
130,plyometric-push-ups,4,"В фазе полета держите кор напряженным и стабильным. Не допускайте провисания таза или прогиба спины. Руки должны оставаться выпрямленными или слегка согнутыми. Тело должно оставаться прямой линией даже в воздухе.",2024-01-15T10:00:00Z
131,plyometric-push-ups,5,"Приземляйтесь контролируемо на ладони, смягчая удар за счет небольшого сгибания в локтях. Немедленно поглотите силу приземления, чтобы не создать жесткого удара. Не останавливайтесь в этом положении.",2024-01-15T10:00:00Z
132,plyometric-push-ups,6,"После приземления немедленно опуститесь в эксцентрическую фазу для следующего повторения, если выполняете несколько подряд. Либо контролируемо перейдите в планку и дайте себе момент перед следующим повторением. Дышите ритмично между повторениями.",2024-01-15T10:00:00Z
133,ring-push-ups,1,"Установите кольца на высоте 20-30 см от пола. Возьмитесь за кольца хватом сверху и примите положение высокой планки, расположив кольца на ширине плеч. Напрягите мышцы пресса, ягодиц и всего тела для максимальной стабильности.",2024-01-15T10:00:00Z
134,ring-push-ups,2,"Держите кольца близко к телу, локти направлены назад под углом 45 градусов. Активно контролируйте стабильность колец, не допуская их разворота наружу. Ваше тело должно образовывать прямую линию от головы до пяток.",2024-01-15T10:00:00Z
135,ring-push-ups,3,"На вдохе медленно и контролируемо опустите тело, сгибая локти под углом 45 градусов. Активно сопротивляйтесь вращению колец наружу. Опускайтесь плавно и осознанно, чувствуя работу всех мышц.",2024-01-15T10:00:00Z
136,ring-push-ups,4,"Опускайтесь до тех пор, пока грудь не окажется на уровне колец или чуть ниже. Задержитесь на мгновение в нижней точке для максимального растяжения грудных мышц и сохранения контроля.",2024-01-15T10:00:00Z
137,ring-push-ups,5,"На мощном выдохе оттолкнитесь от колец, выпрямляя руки и возвращаясь в исходное положение. Сохраняйте контроль над кольцами на протяжении всего движения. Не допускайте потери контроля или разворота колец.",2024-01-15T10:00:00Z
138,ring-push-ups,6,"В верхней точке сведите кольца слегка внутрь для максимального сокращения грудных мышц. Удерживайте это положение на 1 секунду, затем медленно опускайтесь для следующего повторения. Повторяйте движение, сохраняя полный контроль и правильную технику.",2024-01-15T10:00:00Z
139,dumbbell-press-neutral-grip,1,"Лягте на горизонтальную скамью, плотно прижав лопатки и ягодицы к поверхности. Стопы должны быть устойчиво поставлены на пол на ширине плеч или чуть шире.",2024-01-15T10:00:00Z
140,dumbbell-press-neutral-grip,2,"Возьмите гантели в руки нейтральным хватом - ладони должны быть направлены друг к другу, как при молотковом хвате. Поднимите гантели над грудью, руки на ширине плеч или чуть уже. Это исходное положение.",2024-01-15T10:00:00Z
141,dumbbell-press-neutral-grip,3,"На вдохе медленно опустите гантели к груди, контролируя движение. Опускайте до легкого касания груди или до комфортного растяжения. Держите нейтральный хват на протяжении всего движения - ладони всегда направлены друг к другу.",2024-01-15T10:00:00Z
142,dumbbell-press-neutral-grip,4,"Сделайте паузу на 1 секунду в нижней точке, затем на мощном выдохе выжмите гантели вверх, возвращаясь в исходное положение. Акцентируйте внимание на работе трицепсов и внутренней части грудных мышц.",2024-01-15T10:00:00Z
143,dumbbell-press-neutral-grip,5,"В верхней точке сведите гантели вместе, сжимая грудные мышцы и трицепсы. Задержитесь на мгновение, затем повторите движение, сохраняя нейтральный хват и правильную технику.",2024-01-15T10:00:00Z
144,dumbbell-press-neutral-grip,6,"Выполните все запланированные повторения, контролируя движение в обеих фазах. Нейтральный хват должен оставаться неизменным на протяжении всего подхода - это ключевой момент техники.",2024-01-15T10:00:00Z
146,smith-machine-incline-bench-press,1,"Установите наклонную скамью под углом 30-45 градусов под машиной Смита и отрегулируйте положение скамьи так, чтобы штанга находилась над верхней частью груди. Лягте на скамью, плотно прижав лопатки и ягодицы к поверхности. Стопы должны быть устойчиво поставлены на пол.",2024-01-15T10:00:00Z
147,smith-machine-incline-bench-press,2,"Возьмите штангу хватом чуть шире плеч и снимите ее с фиксаторов, повернув штангу для разблокировки. Держите штангу над верхней частью груди, руки полностью выпрямлены. Это исходное положение.",2024-01-15T10:00:00Z
148,smith-machine-incline-bench-press,3,"На вдохе медленно опустите штангу к верхней части груди, контролируя движение по фиксированной вертикальной траектории. Опускайте до легкого касания груди или до комфортного растяжения верхней части грудных мышц.",2024-01-15T10:00:00Z
149,smith-machine-incline-bench-press,4,"Сделайте паузу на 1 секунду в нижней точке, затем на мощном выдохе выжмите штангу вверх, возвращаясь в исходное положение. Фиксированная траектория обеспечивает безопасность без страховщика.",2024-01-15T10:00:00Z
150,smith-machine-incline-bench-press,5,"В верхней точке полностью выпрямите руки, сжимая верхнюю часть грудных мышц. Задержитесь на мгновение, затем повторите движение, контролируя все фазы выполнения.",2024-01-15T10:00:00Z
151,smith-machine-incline-bench-press,6,"После завершения подхода аккуратно поверните штангу для блокировки на фиксаторах. Контролируйте угол наклона скамьи - оптимальный диапазон 30-45 градусов для максимального акцента на верхнюю часть груди.",2024-01-15T10:00:00Z
152,smith-machine-decline-bench-press,1,"Установите скамью с отрицательным наклоном под углом -15-30 градусов под машиной Смита и отрегулируйте положение скамьи так, чтобы штанга находилась над нижней частью груди. Лягте на скамью, зафиксировав ноги в упорах. КРИТИЧЕСКИ ВАЖНО: дважды проверьте надежность фиксации ног перед началом упражнения!",2024-01-15T10:00:00Z
153,smith-machine-decline-bench-press,2,"Плотно прижмите лопатки и ягодицы к поверхности скамьи. Возьмите штангу хватом чуть шире плеч и снимите ее с фиксаторов, повернув штангу для разблокировки. Держите штангу над нижней частью груди, руки полностью выпрямлены. Это исходное положение.",2024-01-15T10:00:00Z
154,smith-machine-decline-bench-press,3,"На вдохе медленно опустите штангу к нижней части груди, контролируя движение по фиксированной вертикальной траектории машины Смита. Опускайте до легкого касания груди или до комфортного растяжения нижней части грудных мышц. Положение головой вниз требует особого контроля дыхания.",2024-01-15T10:00:00Z
155,smith-machine-decline-bench-press,4,"Сделайте паузу на 1 секунду в нижней точке, контролируя дыхание. Немедленно прекратите упражнение при появлении головокружения или дискомфорта. Затем на мощном выдохе выжмите штангу вверх, возвращаясь в исходное положение.",2024-01-15T10:00:00Z
156,smith-machine-decline-bench-press,5,"В верхней точке полностью выпрямите руки, сжимая нижнюю часть грудных мышц. Задержитесь на мгновение, затем повторите движение, контролируя все фазы выполнения и сохраняя надежную фиксацию ног на протяжении всего подхода.",2024-01-15T10:00:00Z
157,smith-machine-decline-bench-press,6,"После завершения подхода аккуратно поверните штангу для блокировки на фиксаторах. Медленно и контролируемо поднимите ноги из упоров только после полной блокировки штанги. Никогда не спешите с выходом из упражнения.",2024-01-15T10:00:00Z
158,cable-crossover-high-to-low,1,"Встаньте между стойками кроссовера, установите кабели в верхнем положении. Ноги на ширине плеч, слегка согнуты в коленях. Стойте прямо, слегка наклонив корпус вперед для лучшей активации нижней части груди.",2024-01-15T10:00:00Z
159,cable-crossover-high-to-low,2,"Возьмите рукоятки кабелей в руки, слегка согнув локти под углом 10-15 градусов. Руки должны быть разведены в стороны и вверх на уровне плеч или чуть выше. Напрягите корпус для стабильности.",2024-01-15T10:00:00Z
160,cable-crossover-high-to-low,3,"На вдохе контролируйте исходное положение с разведенными в стороны руками. Почувствуйте натяжение кабелей и легкое растяжение в верхней части груди и передних дельтах.",2024-01-15T10:00:00Z
161,cable-crossover-high-to-low,4,"На выдохе медленно сведите руки вниз и внутрь по широкой дуге, контролируя постоянное натяжение кабелей. Двигайте руки к нижней части живота или талии, сжимая нижнюю часть грудных мышц.",2024-01-15T10:00:00Z
162,cable-crossover-high-to-low,5,"В нижней точке задержитесь на 1 секунду, максимально сжимая нижнюю часть грудных мышц. Руки должны быть перед телом, локти остаются слегка согнутыми на протяжении всего движения.",2024-01-15T10:00:00Z
163,cable-crossover-high-to-low,6,"На вдохе медленно верните руки по той же траектории в исходное положение, контролируя движение и чувствуя растяжение в нижней части груди. Повторите движение, сохраняя стабильность корпуса и правильную технику.",2024-01-15T10:00:00Z
164,one-arm-push-up,1,"Примите положение планки, расставив ноги широко для максимальной стабильности и предотвращения ротации корпуса. Широкая постановка ног создает устойчивую базу, необходимую для односторонней работы.",2024-01-15T10:00:00Z
165,one-arm-push-up,2,"Поместите одну руку за спину, плотно прижав ее к телу. Рабочую руку расположите под центром груди, ладонь плотно прижата к полу. Напрягите пресс, ягодицы и стабилизаторы корпуса для поддержания прямой линии тела.",2024-01-15T10:00:00Z
166,one-arm-push-up,3,"Сделайте глубокий вдох и начните медленно опускаться, контролируя ротацию корпуса через активное напряжение кора и стабилизирующих мышц. Опускайтесь контролируемо, не допуская перекосов таза или позвоночника.",2024-01-15T10:00:00Z
167,one-arm-push-up,4,"Продолжайте опускание до касания грудью пола, одновременно контролируя стабильность корпуса и не допуская сильной ротации в сторону рабочей руки. Тело должно оставаться максимально прямым на протяжении всего движения.",2024-01-15T10:00:00Z
168,one-arm-push-up,5,"На мощном выдохе оттолкнитесь от пола, используя силу рабочей руки, грудных мышц, трицепсов и передних дельт. Поднимитесь контролируемо, сохраняя напряжение кора и стабилизаторов для предотвращения ротации.",2024-01-15T10:00:00Z
169,one-arm-push-up,6,"В верхней точке полностью выпрямите руку, сжав грудные мышцы и трицепсы. Сделайте паузу на 1 секунду, затем медленно опуститесь для следующего повторения. Повторяйте движение, постоянно контролируя технику и не допуская компенсаций.",2024-01-15T10:00:00Z
170,hammer-chest-press-one-arm,1,"Отрегулируйте высоту сиденья тренажера так, чтобы рукоятка находилась на уровне груди или чуть ниже. Сядьте в тренажер, плотно прижав спину и ягодицы к спинке. Стопы должны быть устойчиво поставлены на пол. Напрягите мышцы кора для стабилизации.",2024-01-15T10:00:00Z
171,hammer-chest-press-one-arm,2,"Возьмитесь одной рукой за рукоятку тренажера хватом чуть шире плеч. Вторая рука может опираться на боковую часть сиденья или держаться за другую рукоятку для дополнительной стабильности. Это исходное положение.",2024-01-15T10:00:00Z
172,hammer-chest-press-one-arm,3,"На вдохе медленно опустите рукоятку к груди, контролируя движение и чувствуя растяжение в грудной мышце рабочей стороны. Держите плечо стабильным, не допуская его выхода вперед за линию груди. Спина должна оставаться прижатой к спинке.",2024-01-15T10:00:00Z
173,hammer-chest-press-one-arm,4,"Опускайте рукоятку до комфортного растяжения в груди или до легкого касания груди. Контролируйте стабильность корпуса - не допускайте ротации позвоночника или таза в сторону рабочей руки. Напрягайте мышцы кора для предотвращения компенсаций.",2024-01-15T10:00:00Z
174,hammer-chest-press-one-arm,5,"Сделайте паузу на 1 секунду в нижней точке, затем на мощном выдохе выжмите рукоятку вперед, возвращаясь в исходное положение. Контролируйте движение на протяжении всей амплитуды, не допуская рывков или использования инерции.",2024-01-15T10:00:00Z
175,hammer-chest-press-one-arm,6,"В верхней точке полностью выпрямите руку, сжимая грудную мышцу рабочей стороны. Задержитесь на мгновение, затем повторите движение для всех запланированных повторений на одной руке. После завершения подхода выполните такое же количество повторений на другой руке для симметрии.",2024-01-15T10:00:00Z
176,cable-pullover,1,"Прикрепите прямую рукоятку к тросу кроссовера и установите ее в верхнее положение. Расположитесь лицом к тренажеру, поставив ноги на ширине плеч. Возьмитесь за рукоятку обеими руками, держа ее над головой, локти слегка согнуты. Это исходное положение.",2024-01-15T10:00:00Z
177,cable-pullover,2,"На вдохе медленно опустите рукоятку за голову дугообразным движением, контролируя движение и чувствуя растяжение в широчайших мышцах и грудных мышцах. Держите локти слегка согнутыми на протяжении всего движения.",2024-01-15T10:00:00Z
178,cable-pullover,3,"Опускайте рукоятку до комфортного растяжения, останавливаясь на уровне ушей или чуть ниже. Не опускайте слишком низко - это может привести к чрезмерному растяжению плечевых суставов. Держите кор напряженным для стабилизации.",2024-01-15T10:00:00Z
179,cable-pullover,4,"Сделайте паузу на 1 секунду в нижней точке, прочувствовав растяжение. Затем на мощном выдохе поднимите рукоятку обратно над головой, возвращаясь в исходное положение. Контролируйте постоянное натяжение кабеля.",2024-01-15T10:00:00Z
180,cable-pullover,5,"В верхней точке полностью выпрямите руки, сжимая широчайшие мышцы. Задержитесь на мгновение, затем повторите движение для всех запланированных повторений. Не допускайте рывковых движений - держите темп контролируемым.",2024-01-15T10:00:00Z
181,dumbbell-fly-decline-bench,1,"Установите скамью под углом -15-30 градусов и лягте на неё, зафиксировав ноги в упорах. Плотно прижмите лопатки и ягодицы к поверхности. КРИТИЧЕСКИ ВАЖНО: дважды проверьте надежность фиксации ног перед началом упражнения!",2024-01-15T10:00:00Z
182,dumbbell-fly-decline-bench,2,"Поднимите гантели над нижней частью груди, слегка согнув локти под углом 10-15 градусов. Это исходное положение для разведения. Контролируйте дыхание из-за наклонного положения головой вниз.",2024-01-15T10:00:00Z
183,dumbbell-fly-decline-bench,3,"На вдохе медленно разведите руки в стороны по широкой дуге, контролируя движение и сохраняя угол в локтях. Положение головой вниз требует особого контроля дыхания для предотвращения головокружения.",2024-01-15T10:00:00Z
184,dumbbell-fly-decline-bench,4,"Опускайте гантели до ощущения растяжения в нижней части груди, но не ниже уровня плеч. Локти должны оставаться на уровне плеч. Не допускайте чрезмерного растяжения из-за наклонного положения.",2024-01-15T10:00:00Z
185,dumbbell-fly-decline-bench,5,"На выдохе сведите гантели по той же траектории, сжимая нижнюю часть грудных мышц в верхней точке. Контролируйте дыхание для предотвращения головокружения и поддержания стабильности.",2024-01-15T10:00:00Z
186,dumbbell-fly-decline-bench,6,"Сохраняйте угол в локтях постоянным на протяжении всего движения, не выпрямляя руки полностью. При любом дискомфорте, головокружении или потере контроля немедленно прекратите упражнение.",2024-01-15T10:00:00Z
187,weighted-push-ups,1,"Наденьте жилет-утяжелитель или закрепите пояс для отягощений с нужным весом. Убедитесь, что отягощение надежно закреплено и не будет соскальзывать во время выполнения упражнения.",2024-01-15T10:00:00Z
188,weighted-push-ups,2,"Примите положение планки: руки на ширине плеч или чуть шире, ладони на полу на уровне груди, пальцы направлены вперед. Тело выпрямлено от головы до пяток, образуя прямую линию. Напрягите кор, пресс и ягодицы для стабильности.",2024-01-15T10:00:00Z
189,weighted-push-ups,3,"На вдохе медленно и контролируемо опустите тело вниз, сгибая локти под углом примерно 45 градусов к телу. Опускайтесь до тех пор, пока грудь почти не коснется пола или до комфортного растяжения. Контролируйте движение - дополнительный вес требует большего внимания к технике.",2024-01-15T10:00:00Z
190,weighted-push-ups,4,"В нижней точке сделайте кратковременную паузу (1 секунда), контролируя положение тела и стабильность отягощения. Не допускайте провисания таза или выгибания спины. Держите кор напряженным для поддержания прямой линии тела.",2024-01-15T10:00:00Z
191,weighted-push-ups,5,"На мощном выдохе оттолкнитесь от пола, напрягая грудные мышцы, передние дельты и трицепсы, возвращаясь в исходное положение. Полностью выпрямите руки в верхней точке, сохраняя стабильность корпуса и контроль над отягощением.",2024-01-15T10:00:00Z
192,weighted-push-ups,6,"Повторите движение, сохраняя правильную технику на протяжении всего подхода. Дополнительный вес значительно увеличивает нагрузку, поэтому контролируйте каждый повтор. При потере контроля или дискомфорте немедленно прекратите упражнение.",2024-01-15T10:00:00Z
193,dumbbell-bench-press-alternating-floor,1,"Лягте на пол на спину, согнув ноги в коленях и поставив стопы на пол. Возьмите две гантели в руки и поднимите их над грудью, руки на ширине плеч, локти слегка согнуты. Прижмите лопатки к полу для стабильности. Это исходное положение.",2024-01-15T10:00:00Z
194,dumbbell-bench-press-alternating-floor,2,"Начните с одной руки: медленно и контролируемо опустите гантель к груди, сохраняя вторую руку вверху. Контролируйте дыхание и напрягайте мышцы кора для предотвращения ротации корпуса. Опускайте до касания локтем пола или до комфортного растяжения.",2024-01-15T10:00:00Z
195,dumbbell-bench-press-alternating-floor,3,"Мощно выжмите гантель вверх, возвращаясь в исходное положение. Полностью выпрямите руку, сжимая грудную мышцу и трицепс. Сохраняйте стабильность корпуса на протяжении всего движения.",2024-01-15T10:00:00Z
196,dumbbell-bench-press-alternating-floor,4,"Повторите движение с другой рукой: медленно опустите вторую гантель к груди, в то время как первая рука остается вверху. Выжмите гантель вверх мощным движением. Контролируйте ротацию корпуса - он должен оставаться стабильным.",2024-01-15T10:00:00Z
197,dumbbell-bench-press-alternating-floor,5,"Продолжайте чередовать руки, выполняя все повторения на каждой стороне. Поддерживайте постоянный контроль над дыханием и стабильностью корпуса. Темп должен быть контролируемым - не торопитесь, чтобы сохранить правильную технику.",2024-01-15T10:00:00Z
198,dumbbell-bench-press-alternating-floor,6,"КРИТИЧЕСКИ ВАЖНО: Контролируйте стабильность корпуса на протяжении всего упражнения. Если чувствуете ротацию таза или позвоночника, уменьшите вес или прекратите упражнение. Поочередное выполнение требует значительной силы кора.",2024-01-15T10:00:00Z
199,alternating-dumbbell-bench-press,1,"Лягте на горизонтальную скамью, плотно прижав лопатки и ягодицы к поверхности. Стопы должны быть устойчиво поставлены на пол по обе стороны скамьи для максимальной стабильности. Возьмите две гантели в руки и поднимите их над грудью, руки на ширине плеч, локти слегка согнуты. Напрягите мышцы кора и ягодицы для предотвращения ротации. Это исходное положение.",2024-01-15T10:00:00Z
200,alternating-dumbbell-bench-press,2,"Начните с одной руки: медленно и контролируемо опустите гантель к груди, в то время как вторая рука остается вверху. Контролируйте дыхание и активно напрягайте мышцы кора для предотвращения ротации корпуса. Опускайте до легкого касания груди или до комфортного растяжения - увеличенный диапазон движения на скамье позволяет получить больше растяжения грудных мышц по сравнению с версией на полу.",2024-01-15T10:00:00Z
201,alternating-dumbbell-bench-press,3,"Мощно выжмите гантель вверх, возвращаясь в исходное положение. Полностью выпрямите руку, сжимая грудную мышцу и трицепс. Сохраняйте стабильность корпуса на протяжении всего движения - не допускайте ротации таза или позвоночника.",2024-01-15T10:00:00Z
202,alternating-dumbbell-bench-press,4,"Повторите движение с другой рукой: медленно опустите вторую гантель к груди, в то время как первая рука остается вверху в выпрямленном положении. Выжмите гантель вверх мощным движением. Контролируйте ротацию корпуса - он должен оставаться стабильным и неподвижным.",2024-01-15T10:00:00Z
203,alternating-dumbbell-bench-press,5,"Продолжайте чередовать руки, выполняя все повторения на каждой стороне. Поддерживайте постоянный контроль над дыханием и стабильностью корпуса на протяжении всей амплитуды движения. Темп должен быть контролируемым - не торопитесь, чтобы сохранить правильную технику и максимизировать тренировочный эффект.",2024-01-15T10:00:00Z
204,alternating-dumbbell-bench-press,6,"КРИТИЧЕСКИ ВАЖНО: Контролируйте стабильность корпуса на протяжении всего упражнения. Увеличенный диапазон движения на скамье требует большей стабилизации по сравнению с версией на полу. Если чувствуете ротацию таза или позвоночника, уменьшите вес или прекратите упражнение. Поочередное выполнение требует значительной силы кора и хорошей межмышечной координации.",2024-01-15T10:00:00Z
205,incline-alternating-dumbbell-press,1,"Установите скамью под углом 30-45 градусов и лягте на неё, плотно прижав лопатки и ягодицы к поверхности. Стопы должны быть устойчиво поставлены на пол по обе стороны скамьи для максимальной стабильности. Возьмите две гантели в руки и поднимите их над верхней частью груди, руки на ширине плеч, локти слегка согнуты. Напрягите мышцы кора и ягодицы для предотвращения ротации. Это исходное положение.",2024-01-15T10:00:00Z
206,incline-alternating-dumbbell-press,2,"Начните с одной руки: медленно и контролируемо опустите гантель к верхней части груди, в то время как вторая рука остается вверху. Контролируйте дыхание и активно напрягайте мышцы кора для предотвращения ротации корпуса. Опускайте до легкого касания верхней части груди или до комфортного растяжения - увеличенный диапазон движения на наклонной скамье требует большей стабилизации по сравнению с горизонтальной версией.",2024-01-15T10:00:00Z
207,incline-alternating-dumbbell-press,3,"Мощно выжмите гантель вверх, возвращаясь в исходное положение. Полностью выпрямите руку, сжимая верхнюю часть грудной мышцы и трицепс. Сохраняйте стабильность корпуса на протяжении всего движения - не допускайте ротации таза или позвоночника. Наклонное положение требует более осознанного контроля дыхания для поддержания стабильности.",2024-01-15T10:00:00Z
208,incline-alternating-dumbbell-press,4,"Повторите движение с другой рукой: медленно опустите вторую гантель к верхней части груди, в то время как первая рука остается вверху в выпрямленном положении. Выжмите гантель вверх мощным движением. Контролируйте ротацию корпуса - он должен оставаться стабильным и неподвижным на протяжении всей амплитуды движения.",2024-01-15T10:00:00Z
209,incline-alternating-dumbbell-press,5,"Продолжайте чередовать руки, выполняя все повторения на каждой стороне. Поддерживайте постоянный контроль над дыханием и стабильностью корпуса на протяжении всей амплитуды движения. Темп должен быть контролируемым - не торопитесь, чтобы сохранить правильную технику и максимизировать тренировочный эффект для верхней части груди.",2024-01-15T10:00:00Z
210,incline-alternating-dumbbell-press,6,"КРИТИЧЕСКИ ВАЖНО: Контролируйте стабильность корпуса на протяжении всего упражнения. Наклонное положение с увеличенным диапазоном движения требует большей стабилизации и контроля по сравнению с горизонтальной версией. Если чувствуете ротацию таза или позвоночника, уменьшите вес или прекратите упражнение. Поочередное выполнение требует значительной силы кора, хорошей межмышечной координации и правильного контроля дыхания.",2024-01-15T10:00:00Z
211,svend-press,1,"Встаньте или сядьте прямо, ноги на ширине плеч для стабильности. Возьмите диск от штанги (весовую пластину) обеими руками, расположив ладони по обе стороны диска на уровне груди. Пальцы должны быть направлены вперед, а локти слегка согнуты и разведены в стороны. Напрягите мышцы кора и выпрямите спину. Это исходное положение.",2024-01-15T10:00:00Z
212,svend-press,2,"Сожмите диск между ладонями с максимальной силой, создавая изометрическое напряжение. Убедитесь, что диск плотно зажат и не скользит между руками. Держите локти слегка согнутыми и разведенными в стороны, грудь выпячена вперед. Напрягите грудные мышцы, сжимая их вместе.",2024-01-15T10:00:00Z
213,svend-press,3,"Медленно и контролируемо вытолкните диск вперед, выпрямляя руки перед собой. Сохраняйте максимальное сжатие диска между ладонями на протяжении всего движения. Держите локти слегка согнутыми, чтобы избежать полной блокировки суставов. Выталкивайте диск до полного выпрямления рук, но не до конца - оставьте небольшой угол в локтях.",2024-01-15T10:00:00Z
214,svend-press,4,"В верхней точке движения сделайте паузу на 1-2 секунды, максимально сжимая грудные мышцы и удерживая диск в вытянутом положении. Почувствуйте сильное сокращение внутренней части грудных мышц. Сохраняйте напряжение в мышцах кора и правильное положение тела.",2024-01-15T10:00:00Z
215,svend-press,5,"Медленно и контролируемо верните диск обратно к груди, сохраняя максимальное сжатие между ладонями. Не расслабляйте хват - продолжайте сжимать диск на протяжении всей амплитуды движения. Вернитесь в исходное положение перед грудью.",2024-01-15T10:00:00Z
216,svend-press,6,"Повторите движение, выполняя все повторения с контролируемым темпом. Контролируйте дыхание: вдох при отведении диска к груди, выдох при выталкивании вперед. Поддерживайте правильную осанку и стабильность корпуса на протяжении всего упражнения.",2024-01-15T10:00:00Z
217,neutral-grip-barbell-bench-press,1,"Лягте на горизонтальную скамью, расположив голову, верх спины и ягодицы на скамье, а ноги устойчиво на полу. Попросите помощника подать швейцарский гриф (swiss-bar) со стоек или снимите его самостоятельно, расположив руки на параллельных рукоятках нейтральным хватом (ладони направлены друг к другу). Хват должен быть на ширине плеч или чуть уже для оптимальной активации трицепсов.",2024-01-15T10:00:00Z
218,neutral-grip-barbell-bench-press,2,"Убедитесь, что штанга расположена над серединой груди на уровне сосков. Напрягите мышцы пресса и ягодиц, прижав плечи и лопатки к скамье. Лопатки должны быть сведены вместе и опущены вниз для создания стабильной основы. Голова прижата к скамье, взгляд направлен вверх.",2024-01-15T10:00:00Z
219,neutral-grip-barbell-bench-press,3,"На вдохе медленно и контролируемо опустите штангу к груди, сгибая локти. Держите локти под углом примерно 45 градусов к телу, не разводите их слишком широко. Опускайте штангу до касания груди в области нижней части грудных мышц. Сохраняйте нейтральное положение запястий благодаря форме швейцарского грифа.",2024-01-15T10:00:00Z
220,neutral-grip-barbell-bench-press,4,"В нижней точке сделайте короткую паузу (1 секунда), почувствовав растяжение грудных мышц. Не отталкивайтесь от груди - контролируйте движение на протяжении всей амплитуды. Сохраняйте напряжение во всех мышцах верхней части тела.",2024-01-15T10:00:00Z
221,neutral-grip-barbell-bench-press,5,"На мощном выдохе взрывно, но контролируемо выжмите штангу вверх по той же траектории. Концентрируйтесь на одновременном напряжении трицепсов, грудных мышц и передних дельт. Выжмите штангу до полного выпрямления рук, но не блокируйте локтевые суставы.",2024-01-15T10:00:00Z
222,neutral-grip-barbell-bench-press,6,"В верхней точке сделайте короткую паузу, затем повторите движение. Выполняйте все повторения с контролируемым темпом, сохраняя правильную технику и стабильность корпуса. После завершения подхода аккуратно верните штангу на стойки.",2024-01-15T10:00:00Z
223,kettlebell-floor-press,1,"Лягте на пол, согнув ноги в коленях и поставив стопы на пол. Возьмите гирю в одну руку, держа ее за рукоятку. Поднимите гирю над грудью, выпрямив руку. Это исходное положение.",2024-01-15T10:00:00Z
224,kettlebell-floor-press,2,"Медленно опустите гирю к груди, контролируя движение. Опускайте до тех пор, пока трицепс не коснется пола или до комфортного растяжения грудных мышц. Положение на полу ограничивает диапазон движения, обеспечивая безопасность.",2024-01-15T10:00:00Z
225,kettlebell-floor-press,3,"Сделайте паузу на 1 секунду в нижней точке, почувствовав растяжение грудных мышц. Сохраняйте напряжение во всех мышцах верхней части тела и контролируйте положение гири.",2024-01-15T10:00:00Z
226,kettlebell-floor-press,4,"На мощном выдохе взрывно, но контролируемо выжмите гирю вверх. Концентрируйтесь на одновременном напряжении трицепсов, грудных мышц и передних дельт. Уникальная форма гири требует особого контроля для поддержания стабильности.",2024-01-15T10:00:00Z
227,kettlebell-floor-press,5,"В верхней точке полностью выпрямите руку, но не блокируйте локтевой сустав. Сделайте короткую паузу, затем повторите движение. Выполняйте все повторения с контролируемым темпом.",2024-01-15T10:00:00Z
228,kettlebell-floor-press,6,"После завершения подхода одной рукой, аккуратно опустите гирю на пол и повторите упражнение другой рукой для симметричного развития мышц. Выполняйте одинаковое количество повторений на каждую руку.",2024-01-15T10:00:00Z
229,landmine-press,1,"Установите штангу в лэндмайн-крепление (угол стены или специальное крепление). Наденьте на свободный конец штанги необходимое количество дисков. Встаньте боком к штанге, ноги на ширине плеч, стопы устойчиво поставлены на пол. Возьмите конец штанги обеими руками, расположив их на рукоятке или обхватив конец штанги. Напрягите мышцы кора и выпрямите спину. Это исходное положение.",2024-01-15T10:00:00Z
230,landmine-press,2,"Держите штангу на уровне груди, локти слегка согнуты и направлены вниз. Напрягите мышцы пресса и ягодиц для стабилизации корпуса. Убедитесь, что ваше тело образует прямую линию от головы до пяток. Лопатки должны быть сведены вместе и опущены вниз.",2024-01-15T10:00:00Z
231,landmine-press,3,"На вдохе медленно и контролируемо опустите штангу к груди, сгибая локти. Опускайте по естественной дуге, создаваемой лэндмайн-установкой. Опускайте до легкого касания груди или до комфортного растяжения грудных мышц. Сохраняйте стабильность корпуса на протяжении всего движения.",2024-01-15T10:00:00Z
232,landmine-press,4,"Сделайте паузу на 1 секунду в нижней точке, почувствовав растяжение грудных мышц и передних дельт. Не расслабляйте мышцы кора - продолжайте поддерживать стабильность позвоночника. Сохраняйте напряжение во всех мышцах верхней части тела.",2024-01-15T10:00:00Z
233,landmine-press,5,"На мощном выдохе взрывно, но контролируемо выжмите штангу вперед и вверх по дуге, возвращаясь в исходное положение. Концентрируйтесь на одновременном напряжении грудных мышц, передних дельт и трицепсов. Выжмите штангу до полного выпрямления рук, но не блокируйте локтевые суставы.",2024-01-15T10:00:00Z
234,landmine-press,6,"В верхней точке сделайте короткую паузу, максимально сжимая грудные мышцы. Затем повторите движение. Выполняйте все повторения с контролируемым темпом, сохраняя правильную технику и стабильность корпуса. Не допускайте компенсаций и ротации позвоночника.",2024-01-15T10:00:00Z
235,trx-push-ups,1,"Установите TRX петли на нужной высоте (для начинающих - выше, для продвинутых - ниже). Возьмитесь за рукоятки TRX хватом сверху и примите положение высокой планки, расположив петли на ширине плеч. Напрягите мышцы пресса, ягодиц и всего тела для максимальной стабильности. Регулируйте угол наклона тела для изменения сложности.",2024-01-15T10:00:00Z
236,trx-push-ups,2,"Держите TRX петли близко к телу, локти направлены назад под углом 45 градусов. Активно контролируйте стабильность петель, не допуская их раскачивания или разворота. Ваше тело должно образовывать прямую линию от головы до пяток. Напрягите кор для поддержания стабильности.",2024-01-15T10:00:00Z
237,trx-push-ups,3,"На вдохе медленно и контролируемо опустите тело, сгибая локти под углом 45 градусов. Активно сопротивляйтесь раскачиванию петель. Опускайтесь плавно и осознанно, чувствуя работу всех мышц. Контролируйте движение на протяжении всей амплитуды.",2024-01-15T10:00:00Z
238,trx-push-ups,4,"Опускайтесь до тех пор, пока грудь не окажется на уровне рукояток TRX или чуть ниже. Задержитесь на мгновение в нижней точке для максимального растяжения грудных мышц и сохранения контроля над петлями. Не допускайте потери контроля или чрезмерного раскачивания.",2024-01-15T10:00:00Z
239,trx-push-ups,5,"На мощном выдохе оттолкнитесь от TRX петель, выпрямляя руки и возвращаясь в исходное положение. Сохраняйте контроль над петлями на протяжении всего движения. Не допускайте потери контроля или раскачивания петель. Двигайтесь плавно и контролируемо.",2024-01-15T10:00:00Z
240,trx-push-ups,6,"В верхней точке сведите рукоятки TRX слегка внутрь для максимального сокращения грудных мышц. Удерживайте это положение на 1 секунду, затем медленно опускайтесь для следующего повторения. Повторяйте движение, сохраняя полный контроль и правильную технику на протяжении всего подхода.",2024-01-15T10:00:00Z
241,diamond-push-ups,1,"Примите положение высокой планки на руках. Расположите руки на полу так, чтобы большие и указательные пальцы образовали ромб (алмаз) - пальцы должны касаться друг друга, создавая треугольную форму. Руки должны быть под грудью, а не под плечами. Напрягите мышцы пресса и ягодиц, чтобы тело образовывало прямую линию от головы до пяток.",2024-01-15T10:00:00Z
242,diamond-push-ups,2,"На вдохе медленно и контролируемо опустите тело вниз, сгибая локти. Локти должны быть направлены назад и слегка в стороны, но не разводите их слишком широко. Опускайтесь плавно, контролируя движение на протяжении всей амплитуды. Держите кор напряженным для поддержания стабильности.",2024-01-15T10:00:00Z
243,diamond-push-ups,3,"Опускайтесь до тех пор, пока грудь почти не коснется рук (ромба из пальцев). В нижней точке вы должны почувствовать хорошее растяжение в трицепсах и внутренней части груди. Задержитесь на 1 секунду в нижней точке, сохраняя контроль и правильное положение тела.",2024-01-15T10:00:00Z
244,diamond-push-ups,4,"На мощном выдохе оттолкнитесь от пола, выпрямляя руки и возвращаясь в исходное положение. Сосредоточьтесь на работе трицепсов и внутренней части груди. Двигайтесь плавно и контролируемо, не допуская рывков или потери контроля.",2024-01-15T10:00:00Z
245,diamond-push-ups,5,"В верхней точке полностью выпрямите руки, но не блокируйте локти. Сохраняйте напряжение в мышцах и правильное положение тела. Повторите движение, сохраняя правильную технику на протяжении всего подхода. Держите кор напряженным на протяжении всего упражнения.",2024-01-15T10:00:00Z
246,push-ups-with-pause,1,"Примите положение высокой планки на руках. Расположите кисти рук чуть шире плеч, пальцы направлены вперед. Напрягите мышцы пресса и ягодиц, чтобы тело образовывало прямую линию от головы до пяток. Держите лопатки стабильными и не допускайте провисания таза.",2024-01-15T10:00:00Z
247,push-ups-with-pause,2,"На вдохе медленно и контролируемо опустите тело вниз, сгибая локти под углом 45 градусов к телу. Опускайтесь плавно в течение 2-3 секунд, контролируя движение на протяжении всей амплитуды. Держите кор напряженным для поддержания стабильности и правильного положения тела.",2024-01-15T10:00:00Z
248,push-ups-with-pause,3,"Опускайтесь до тех пор, пока грудь почти не коснется пола (на расстоянии 2-3 см от пола). В нижней точке сделайте обязательную паузу на 2-3 секунды. Во время паузы сохраняйте полный контроль, не расслабляйте мышцы и не допускайте провисания таза или изменения положения тела. Дышите контролируемо, не задерживайте дыхание слишком долго.",2024-01-15T10:00:00Z
249,push-ups-with-pause,4,"После паузы на мощном выдохе оттолкнитесь от пола, выпрямляя руки и возвращаясь в исходное положение. Пауза устраняет рефлекторное сокращение мышц, поэтому начало движения вверх потребует больших усилий. Двигайтесь плавно и контролируемо, не допуская рывков.",2024-01-15T10:00:00Z
250,push-ups-with-pause,5,"В верхней точке полностью выпрямите руки, но не блокируйте локти. Сохраняйте напряжение в мышцах и правильное положение тела. Повторите движение с обязательной паузой в нижней точке на каждом повторении. Держите кор напряженным на протяжении всего упражнения для поддержания стабильности.",2024-01-15T10:00:00Z
251,archer-push-ups,1,"Примите положение планки с широкой постановкой рук (значительно шире плеч). Руки должны быть на одной линии с плечами, ладони полностью прижаты к полу. Напрягите кор, ягодицы и ноги, создавая прямую линию от головы до пяток. Это исходное положение.",2024-01-15T10:00:00Z
252,archer-push-ups,2,"Начните медленно опускать тело вниз, одновременно смещая вес на одну руку (рабочую руку) и вытягивая вторую руку в сторону, имитируя натяжение лука. Рабочая рука сгибается в локте, принимая на себя большую часть веса тела.",2024-01-15T10:00:00Z
253,archer-push-ups,3,"Продолжайте опускаться, пока рабочая рука не согнется примерно до угла 90 градусов, а вторая рука полностью вытянется в сторону. Держите кор напряженным, чтобы предотвратить ротацию позвоночника и провисание таза. Вторая рука должна быть вытянута параллельно полу.",2024-01-15T10:00:00Z
254,archer-push-ups,4,"Сделайте короткую паузу в нижней точке, затем мощно оттолкнитесь рабочей рукой от пола, возвращая тело в исходное положение. Одновременно верните вторую руку в исходную позицию. Держите кор напряженным на протяжении всего движения для стабильности.",2024-01-15T10:00:00Z
255,archer-push-ups,5,"В верхней точке полностью выпрямите рабочую руку, но не блокируйте локоть. Обе руки должны вернуться в исходное положение. Сохраняйте правильное положение тела - прямая линия от головы до пяток. Повторите движение, чередуя рабочую руку на каждом повторении или выполняя все повторения на одной стороне перед переходом на другую.",2024-01-15T10:00:00Z
256,archer-push-ups,6,"Контролируйте движение на всех фазах - медленное опускание и мощный подъем. Дышите ритмично: вдох при опускании, выдох при подъеме. При усталости или потере контроля немедленно прекратите упражнение и отдохните перед следующим подходом.",2024-01-15T10:00:00Z
257,barbell-floor-press,1,"Установите силовую раму или стойки так, чтобы штанга находилась чуть выше уровня вытянутых рук. Разложите на полу коврик или мат, чтобы защитить плечи, и убедитесь, что ограничители выставлены на уровень чуть выше локтей.",2025-11-08T10:00:00Z
258,barbell-floor-press,2,"Лягте под штангу, согните ноги в коленях и уверенно поставьте стопы на пол. Сведите лопатки, прижмите плечи и затылок к полу, возьмитесь за гриф хватом немного шире плеч.",2025-11-08T10:00:00Z
259,barbell-floor-press,3,"Снимите штангу со стоек и зафиксируйте ее над грудью на прямых руках. Сделайте глубокий вдох, создавая внутрибрюшное давление, и держите запястья строго над локтями.",2025-11-08T10:00:00Z
260,barbell-floor-press,4,"На вдохе плавно опускайте штангу к нижней части грудной клетки, контролируя движение по вертикальной траектории. Остановитесь при мягком касании локтями пола, не расслабляя напряжение в мышцах.",2025-11-08T10:00:00Z
261,barbell-floor-press,5,"С мощным выдохом выжмите штангу вверх, концентрируясь на работе трицепсов и верхней части груди. Полностью выпрямите руки в верхней точке, но не блокируйте локти, сохраняя контроль над грифом.",2025-11-08T10:00:00Z
262,barbell-floor-press,6,"После завершения подхода аккуратно верните штангу на стойки, не расслабляя корпус до полного соприкосновения грифа с крючками. Запишите вес и количество повторений, чтобы отслеживать прогресс в lockout-силе.",2025-11-08T10:00:00Z
263,hammer-strength-chest-press,1,"Настройте тренажёр: отрегулируйте высоту сиденья так, чтобы рукоятки были на уровне середины груди, а ноги уверенно упирались в пол или платформу. Заранее подготовьте нужный вес блинов по обе стороны тренажёра.",2025-11-08T10:15:00Z
264,hammer-strength-chest-press,2,"Сядьте, плотно прижмите поясницу и лопатки к спинке, слегка прогните грудной отдел. Возьмитесь за рукоятки нейтральным или пронированным хватом (в зависимости от модели) и сведите лопатки, чтобы стабилизировать плечевой пояс.",2025-11-08T10:15:00Z
265,hammer-strength-chest-press,3,"Сделайте глубокий вдох, напрягите мышцы кора и снимите рукоятки с упора, удерживая их на прямых руках чуть выше уровня груди. Проверьте, что запястья расположены на одной линии с предплечьями и не заваливаются внутрь или наружу.",2025-11-08T10:15:00Z
266,hammer-strength-chest-press,4,"На вдохе плавно опускайте рукоятки к груди, контролируя движение и сохраняя локти под углом 70-90°. Слегка притормозите в нижней точке, когда предплечья остаются вертикальными, а лопатки — сведёнными.",2025-11-08T10:15:00Z
267,hammer-strength-chest-press,5,"С мощным выдохом выжмите рукоятки вперёд, направляя усилие грудными мышцами и трицепсами. Остановитесь, когда локти почти выпрямлены, но не допускайте полного блокирования суставов, чтобы сохранить напряжение и защитить плечи.",2025-11-08T10:15:00Z
268,hammer-strength-chest-press,6,"Верните рукоятки на упоры по завершении подхода, удерживая контроль над весом до полного соприкосновения. Запишите использованный вес и повторения, чтобы отслеживать прогресс и корректировать нагрузку.",2025-11-08T10:15:00Z
269,standing-cable-crossover-press,1,"Установите блоки кроссовера на уровень середины груди и прикрепите одиночные рукоятки. Встаньте по центру, сделайте шаг вперёд одной ногой, колени слегка согнуты, пятки плотно на полу.",2025-11-08T11:00:00Z
270,standing-cable-crossover-press,2,"Возьмитесь за рукоятки нейтральным хватом, руки согнуты под углом около 90°, лопатки сведены и опущены, грудь раскрыта, пресс напряжён — это исходное положение.",2025-11-08T11:00:00Z
271,standing-cable-crossover-press,3,"На вдохе медленно отпускайте рукоятки назад до комфортного растяжения грудных мышц, удерживая локти на линии чуть ниже плеч и контролируя сведённые лопатки.",2025-11-08T11:00:00Z
272,standing-cable-crossover-press,4,"На выдохе мощно выжмите рукоятки вперёд и немного внутрь, выпрямляя руки на 90–95% амплитуды. Сохраняйте нейтральную поясницу, заднюю пятку вдавливайте в пол для устойчивости.",2025-11-08T11:00:00Z
273,standing-cable-crossover-press,5,"Поддерживайте одинаковый темп и непрерывное натяжение тросов, избегайте раскачивания корпуса. После подхода смените ведущую ногу и повторите, чтобы уравнять нагрузку.",2025-11-08T11:00:00Z
274,incline-hammer-strength-press,1,"Отрегулируйте высоту сиденья и наклон спинки так, чтобы рукоятки находились на уровне верхней части груди, а запястья шли в одной плоскости с предплечьями. Установите рабочий вес блинов по обе стороны тренажёра.",2025-11-08T12:00:00Z
275,incline-hammer-strength-press,2,"Сядьте, прижмите таз, верхнюю часть спины и затылок к опоре, стопы поставьте на платформу или пол под коленями. Возьмитесь за рукоятки нейтральным хватом, сведите и опустите лопатки, напрягите пресс.",2025-11-08T12:00:00Z
276,incline-hammer-strength-press,3,"Слегка надавите на рукоятки, чтобы снять их с упоров, и выведите руки в стартовую позицию над верхом груди. Локти остаются под контролем, угол сгиба около 20-25°, кисти в нейтрали.",2025-11-08T12:00:00Z
277,incline-hammer-strength-press,4,"На медленном вдохе опускайте рукоятки по дуге к верхней части груди, удерживая лопатки сведёнными и не позволяя плечам уезжать вперёд. Остановитесь, сохранив вертикальность предплечий и лёгкое растяжение груди.",2025-11-08T12:00:00Z
278,incline-hammer-strength-press,5,"Задержитесь на секунду, почувствуйте растяжение, затем на мощном выдохе выжмите рукоятки вперёд по исходной траектории. Разгибайте руки до 90–95% амплитуды, избегайте щелчков в локтях.",2025-11-08T12:00:00Z
279,incline-hammer-strength-press,6,"Контролируемо верните рукоятки на упоры после завершения подхода, сохраняя напряжение плечевого пояса. Запишите вес и повторения, чтобы отслеживать прогресс в силе верхней части груди.",2025-11-08T12:00:00Z
280,explosive-medicine-ball-press,1,"Встаньте лицом к прочной стене или партнёру на расстоянии 1,5-2 метров, стопы на ширине плеч, колени слегка согнуты, корпус в лёгком наклоне вперёд.",2025-11-08T13:00:00Z
281,explosive-medicine-ball-press,2,"Возьмите медбол обеими руками у груди, локти направлены вниз под углом около 45 градусов, лопатки сведены, мышцы кора и ягодиц напряжены.",2025-11-08T13:00:00Z
282,explosive-medicine-ball-press,3,"Сделайте контролируемый вдох и выполните короткий амортизирующий присед, перенося вес на середину стоп и удерживая пятки на полу.",2025-11-08T13:00:00Z
283,explosive-medicine-ball-press,4,"На резком выдохе одновременно выпрямите ноги и руки, мощно толкните мяч от груди по прямой траектории к цели.",2025-11-08T13:00:00Z
284,explosive-medicine-ball-press,5,"Сохраняйте зрительный контакт с мячом, встречайте его мягко согнутыми руками и слегка приседайте, чтобы погасить отдачу, не теряя нейтрального положения корпуса.",2025-11-08T13:00:00Z
285,explosive-medicine-ball-press,6,"Верните мяч к груди, восстановите стойку и дыхание в течение 1-2 секунд и повторите движение до окончания подхода.",2025-11-08T13:00:00Z
286,pull-ups-wide-grip,1,"Подойдите к турнику и возьмитесь за перекладину широким хватом (примерно на ширину вытянутых рук в стороны), ладони направлены от себя. Плотно обхватите перекладину пальцами.",2025-11-08T14:00:00Z
287,pull-ups-wide-grip,2,"Повисните на турнике с полностью выпрямленными руками. Напрягите мышцы пресса и ягодиц, чтобы тело было прямым от головы до пят. Это исходное положение.",2025-11-08T14:00:00Z
288,pull-ups-wide-grip,3,"На выдохе медленно подтяните тело вверх, сводя лопатки вместе. Подтягивайтесь до тех пор, пока подбородок не окажется над перекладиной или грудь коснется турника.",2025-11-08T14:00:00Z
289,pull-ups-wide-grip,4,"Сделайте паузу на 1 секунду в верхней точке, максимально сжав мышцы спины. Держите корпус напряженным на протяжении всего движения.",2025-11-08T14:00:00Z
290,pull-ups-wide-grip,5,"На вдохе медленно и контролируемо опустите тело вниз, полностью выпрямляя руки и возвращаясь в исходное положение.",2025-11-08T14:00:00Z
291,pull-ups-wide-grip,6,"Повторите движение, сохраняя правильную технику. Избегайте раскачивания тела и использования инерции.",2025-11-08T14:00:00Z
292,pull-ups-medium-grip,1,"Подойдите к турнику и возьмитесь за перекладину хватом примерно на ширине плеч, ладони направлены от себя. Плотно обхватите перекладину пальцами.",2025-11-08T14:05:00Z
293,pull-ups-medium-grip,2,"Повисните на турнике с полностью выпрямленными руками. Напрягите мышцы пресса и ягодиц, чтобы тело было прямым от головы до пят. Это исходное положение.",2025-11-08T14:05:00Z
294,pull-ups-medium-grip,3,"На выдохе медленно подтяните тело вверх, сводя лопатки вместе. Подтягивайтесь до тех пор, пока подбородок не окажется над перекладиной.",2025-11-08T14:05:00Z
295,pull-ups-medium-grip,4,"Сделайте паузу на 1 секунду в верхней точке, максимально сжав мышцы спины и бицепсы. Держите корпус напряженным на протяжении всего движения.",2025-11-08T14:05:00Z
296,pull-ups-medium-grip,5,"На вдохе медленно и контролируемо опустите тело вниз, полностью выпрямляя руки и возвращаясь в исходное положение.",2025-11-08T14:05:00Z
297,pull-ups-close-grip,1,"Подойдите к турнику и возьмитесь за перекладину узким хватом (уже ширины плеч, примерно на ширине груди), ладони направлены от себя. Плотно обхватите перекладину пальцами.",2025-11-08T14:10:00Z
298,pull-ups-close-grip,2,"Повисните на турнике с полностью выпрямленными руками. Напрягите мышцы пресса и ягодиц, чтобы тело было прямым от головы до пят. Это исходное положение.",2025-11-08T14:10:00Z
299,pull-ups-close-grip,3,"На выдохе медленно подтяните тело вверх, активно вовлекая бицепсы и внутреннюю часть спины. Подтягивайтесь до тех пор, пока подбородок не окажется над перекладиной.",2025-11-08T14:10:00Z
300,pull-ups-close-grip,4,"Сделайте паузу на 1 секунду в верхней точке, максимально сжав бицепсы и мышцы спины. Держите корпус напряженным на протяжении всего движения.",2025-11-08T14:10:00Z
301,pull-ups-close-grip,5,"На вдохе медленно и контролируемо опустите тело вниз, полностью выпрямляя руки и возвращаясь в исходное положение.",2025-11-08T14:10:00Z
302,pull-ups-close-grip,6,"Повторите движение, сохраняя правильную технику. Узкий хват создает большую нагрузку на бицепсы, поэтому контролируйте движение в обеих фазах.",2025-11-08T14:10:00Z
303,pull-ups-underhand-grip,1,"Подойдите к турнику и возьмитесь за перекладину обратным хватом (ладони направлены к себе) примерно на ширине плеч. Плотно обхватите перекладину пальцами.",2025-11-08T14:15:00Z
304,pull-ups-underhand-grip,2,"Повисните на турнике с полностью выпрямленными руками. Напрягите мышцы пресса и ягодиц, чтобы тело было прямым от головы до пят. Это исходное положение.",2025-11-08T14:15:00Z
305,pull-ups-underhand-grip,3,"На выдохе медленно подтяните тело вверх, активно вовлекая бицепсы и нижнюю часть широчайших мышц. Подтягивайтесь до тех пор, пока подбородок не окажется над перекладиной.",2025-11-08T14:15:00Z
306,pull-ups-underhand-grip,4,"Сделайте паузу на 1 секунду в верхней точке, максимально сжав бицепсы и мышцы спины. Держите корпус напряженным на протяжении всего движения.",2025-11-08T14:15:00Z
307,pull-ups-underhand-grip,5,"На вдохе медленно и контролируемо опустите тело вниз, полностью выпрямляя руки и возвращаясь в исходное положение.",2025-11-08T14:15:00Z
308,pull-ups-underhand-grip,6,"Повторите движение, сохраняя правильную технику. Обратный хват максимально активирует бицепсы, что делает упражнение более легким для начинающих.",2025-11-08T14:15:00Z
309,pull-ups-neutral-grip,1,"Подойдите к турнику с параллельными рукоятками или используйте перекладину, взявшись за нее нейтральным хватом (ладони направлены друг к другу). Плотно обхватите рукоятки пальцами.",2025-11-08T14:20:00Z
310,pull-ups-neutral-grip,2,"Повисните на турнике с полностью выпрямленными руками. Напрягите мышцы пресса и ягодиц, чтобы тело было прямым от головы до пят. Это исходное положение.",2025-11-08T14:20:00Z
311,pull-ups-neutral-grip,3,"На выдохе медленно подтяните тело вверх, сводя лопатки вместе и активно вовлекая широчайшие мышцы и бицепсы. Подтягивайтесь до тех пор, пока подбородок не окажется над перекладиной.",2025-11-08T14:20:00Z
312,pull-ups-neutral-grip,4,"Сделайте паузу на 1 секунду в верхней точке, максимально сжав мышцы спины и рук. Держите корпус напряженным на протяжении всего движения.",2025-11-08T14:20:00Z
313,pull-ups-neutral-grip,5,"На вдохе медленно и контролируемо опустите тело вниз, полностью выпрямляя руки и возвращаясь в исходное положение.",2025-11-08T14:20:00Z
314,pull-ups-neutral-grip,6,"Повторите движение, сохраняя правильную технику. Нейтральный хват обеспечивает более естественное положение суставов, снижая нагрузку на плечи и локти.",2025-11-08T14:20:00Z
315,pull-ups-archer,1,"Подойдите к турнику и возьмитесь за него широким хватом, руки значительно шире плеч. Плотно обхватите перекладину пальцами.",2025-11-08T15:00:00Z
316,pull-ups-archer,2,"Повисните на турнике с полностью выпрямленными руками. Напрягите мышцы пресса и ягодиц, чтобы тело было прямым от головы до пят. Это исходное положение.",2025-11-08T15:00:00Z
317,pull-ups-archer,3,"На выдохе начните подтягиваться, одновременно смещая вес тела на одну руку (рабочую), а вторую руку вытягивайте в сторону, имитируя натяжение лука. Подтягивайтесь до тех пор, пока подбородок не окажется над перекладиной.",2025-11-08T15:00:00Z
318,pull-ups-archer,4,"Сделайте паузу на 1 секунду в верхней точке, максимально сжав мышцы рабочей руки и спины. Держите корпус напряженным и контролируйте баланс, предотвращая ротацию тела.",2025-11-08T15:00:00Z
319,pull-ups-archer,5,"На вдохе медленно и контролируемо опустите тело вниз, возвращаясь в исходное положение. Чередуйте рабочую руку в каждом подходе для равномерного развития обеих сторон.",2025-11-08T15:00:00Z
320,pull-ups-one-arm,1,"Подойдите к турнику и возьмитесь за него одной рукой (рабочей). Вторая рука может быть за спиной или вытянута в сторону для баланса. Плотно обхватите перекладину пальцами рабочей руки.",2025-11-08T15:05:00Z
321,pull-ups-one-arm,2,"Повисните на турнике с полностью выпрямленной рабочей рукой. Напрягите мышцы пресса, ягодиц и кора для максимальной стабильности. Это исходное положение.",2025-11-08T15:05:00Z
322,pull-ups-one-arm,3,"На выдохе мощно подтяните тело вверх одной рукой, активно вовлекая широчайшие мышцы, бицепс и стабилизаторы корпуса. Подтягивайтесь до тех пор, пока подбородок не окажется над перекладиной.",2025-11-08T15:05:00Z
323,pull-ups-one-arm,4,"Сделайте паузу на 1 секунду в верхней точке, максимально сжав мышцы рабочей руки и спины. Держите корпус напряженным и контролируйте баланс, предотвращая ротацию тела.",2025-11-08T15:05:00Z
324,pull-ups-one-arm,5,"На вдохе медленно и контролируемо опустите тело вниз, полностью выпрямляя рабочую руку и возвращаясь в исходное положение. Чередуйте рабочую руку в каждом подходе.",2025-11-08T15:05:00Z
325,pull-ups-weighted,1,"Подойдите к турнику и наденьте пояс для отягощений или жилет-утяжелитель. Закрепите дополнительный вес на поясе или наденьте жилет, убедившись, что вес надежно закреплен.",2025-11-08T15:10:00Z
326,pull-ups-weighted,2,"Возьмитесь за турник хватом на ширине плеч или шире. Плотно обхватите перекладину пальцами. Повисните на турнике с полностью выпрямленными руками.",2025-11-08T15:10:00Z
327,pull-ups-weighted,3,"Напрягите мышцы пресса и ягодиц, чтобы тело было прямым от головы до пят. Это исходное положение. Дополнительный вес увеличивает нагрузку, поэтому особенно важно поддерживать правильную технику.",2025-11-08T15:10:00Z
328,pull-ups-weighted,4,"На выдохе мощно подтяните тело вверх, сводя лопатки вместе и активно вовлекая широчайшие мышцы и бицепсы. Подтягивайтесь до тех пор, пока подбородок не окажется над перекладиной.",2025-11-08T15:10:00Z
329,pull-ups-weighted,5,"Сделайте паузу на 1 секунду в верхней точке, максимально сжав мышцы спины и рук. Держите корпус напряженным на протяжении всего движения.",2025-11-08T15:10:00Z
330,pull-ups-weighted,6,"На вдохе медленно и контролируемо опустите тело вниз, полностью выпрямляя руки и возвращаясь в исходное положение. Начните с небольшого дополнительного веса и постепенно увеличивайте нагрузку.",2025-11-08T15:10:00Z
331,pull-ups-l-sit,1,"Подойдите к турнику и возьмитесь за него хватом на ширине плеч или шире. Плотно обхватите перекладину пальцами. Повисните на турнике с полностью выпрямленными руками.",2025-11-08T15:15:00Z
332,pull-ups-l-sit,2,"Поднимите ноги перед собой, удерживая их в горизонтальном положении (L-сит). Напрягите мышцы пресса, ягодиц и кора для удержания ног. Это исходное положение.",2025-11-08T15:15:00Z
333,pull-ups-l-sit,3,"На выдохе мощно подтяните тело вверх, одновременно удерживая ноги в горизонтальном положении. Сводите лопатки вместе и активно вовлекайте широчайшие мышцы, бицепсы и мышцы кора.",2025-11-08T15:15:00Z
334,pull-ups-l-sit,4,"Подтягивайтесь до тех пор, пока подбородок не окажется над перекладиной. Сделайте паузу на 1 секунду в верхней точке, максимально сжав мышцы спины, рук и кора.",2025-11-08T15:15:00Z
335,pull-ups-l-sit,5,"Держите ноги в горизонтальном положении на протяжении всего движения. На вдохе медленно и контролируемо опустите тело вниз, полностью выпрямляя руки и возвращаясь в исходное положение, продолжая удерживать L-сит.",2025-11-08T15:15:00Z
336,pull-ups-behind-neck,1,"Подойдите к турнику и возьмитесь за него широким хватом, руки значительно шире плеч. Плотно обхватите перекладину пальцами.",2025-11-08T15:20:00Z
337,pull-ups-behind-neck,2,"Повисните на турнике с полностью выпрямленными руками. Напрягите мышцы пресса и ягодиц, чтобы тело было прямым от головы до пят. Это исходное положение.",2025-11-08T15:20:00Z
338,pull-ups-behind-neck,3,"На выдохе медленно подтяните тело вверх, направляя голову за перекладину, а не к груди. Сводите лопатки вместе и активно вовлекайте широчайшие мышцы, ромбовидные и задние дельты.",2025-11-08T15:20:00Z
339,pull-ups-behind-neck,4,"Подтягивайтесь до тех пор, пока перекладина не окажется за головой. Сделайте паузу на 1 секунду в верхней точке, максимально сжав мышцы верхней части спины и задних дельт.",2025-11-08T15:20:00Z
340,pull-ups-behind-neck,5,"Держите корпус напряженным и контролируйте движение, избегая чрезмерного растяжения плечевых суставов. На вдохе медленно и контролируемо опустите тело вниз, полностью выпрямляя руки и возвращаясь в исходное положение.",2025-11-08T15:20:00Z
341,explosive-pull-ups,1,"Подойдите к турнику и возьмитесь за него хватом на ширине плеч или шире. Плотно обхватите перекладину пальцами. Повисните на турнике с полностью выпрямленными руками.",2025-11-08T16:00:00Z
342,explosive-pull-ups,2,"Напрягите мышцы пресса и ягодиц, чтобы тело было прямым от головы до пят. Сделайте глубокий вдох и подготовьтесь к взрывному движению. Это исходное положение.",2025-11-08T16:00:00Z
343,explosive-pull-ups,3,"На мощном выдохе выполните взрывное подтягивание вверх, генерируя максимальную скорость и силу. Сводите лопатки вместе и активно вовлекайте широчайшие мышцы, бицепсы и мышцы кора.",2025-11-08T16:00:00Z
344,explosive-pull-ups,4,"Подтягивайтесь с максимальной скоростью, поднимая тело значительно выше обычного уровня - до уровня груди или выше. Сделайте короткую паузу в верхней точке, максимально сжав мышцы спины и рук.",2025-11-08T16:00:00Z
345,explosive-pull-ups,5,"На вдохе контролируемо опустите тело вниз, полностью выпрямляя руки и возвращаясь в исходное положение. Отдохните 1-2 секунды перед следующим взрывным повторением для восстановления.",2025-11-08T16:00:00Z
346,scapular-retraction-hang,1,"Подойдите к турнику и возьмитесь за него хватом на ширине плеч. Плотно обхватите перекладину пальцами. Повисните на турнике с полностью выпрямленными руками.",2025-11-08T16:05:00Z
347,scapular-retraction-hang,2,"Расслабьте плечи и позвольте им естественно опуститься вниз. Напрягите мышцы пресса и ягодиц, чтобы тело было прямым. Это исходное положение.",2025-11-08T16:05:00Z
348,scapular-retraction-hang,3,"На выдохе активно втяните лопатки вверх и назад, не сгибая руки в локтях. Представьте, что вы пытаетесь сжать карандаш между лопатками.",2025-11-08T16:05:00Z
349,scapular-retraction-hang,4,"Удерживайте втянутое положение лопаток на 1-2 секунды, максимально сжимая мышцы верхней части спины (ромбовидные и средние трапеции).",2025-11-08T16:05:00Z
350,scapular-retraction-hang,5,"На вдохе медленно расслабьте лопатки и вернитесь в исходное положение с опущенными плечами. Повторите движение, контролируя каждое втягивание лопаток.",2025-11-08T16:05:00Z
351,dead-hang,1,"Подойдите к турнику и возьмитесь за него хватом на ширине плеч или шире. Плотно обхватите перекладину пальцами.",2025-11-08T16:10:00Z
352,dead-hang,2,"Повисните на турнике с полностью выпрямленными руками и полностью расслабленными плечами. Позвольте телу естественно вытянуться под собственным весом.",2025-11-08T16:10:00Z
353,dead-hang,3,"Дышите глубоко и естественно, расслабляя все мышцы, кроме мышц хвата. Позвольте позвоночнику естественно растянуться под весом тела.",2025-11-08T16:10:00Z
354,dead-hang,4,"Удерживайте вис на протяжении заданного времени (10-60 секунд), сохраняя расслабленное положение плеч и естественное дыхание.",2025-11-08T16:10:00Z
355,dead-hang,5,"Когда почувствуете усталость в хвате или дискомфорт, аккуратно опуститесь на пол. Не прыгайте с турника - это может травмировать суставы.",2025-11-08T16:10:00Z
356,chest-to-bar-pull-ups,1,"Подойдите к турнику и возьмитесь за него хватом на ширине плеч или шире. Плотно обхватите перекладину пальцами. Повисните на турнике с полностью выпрямленными руками.",2025-11-08T16:15:00Z
357,chest-to-bar-pull-ups,2,"Напрягите мышцы пресса и ягодиц, чтобы тело было прямым от головы до пят. Сделайте глубокий вдох и подготовьтесь к мощному подтягиванию. Это исходное положение.",2025-11-08T16:15:00Z
358,chest-to-bar-pull-ups,3,"На выдохе мощно подтяните тело вверх, сводя лопатки вместе и активно вовлекая широчайшие мышцы, бицепсы и мышцы кора. Подтягивайтесь до касания грудью перекладины.",2025-11-08T16:15:00Z
359,chest-to-bar-pull-ups,4,"Сделайте паузу на 1 секунду в верхней точке, когда грудь касается перекладины, максимально сжав мышцы спины и рук. Убедитесь, что вы достигли полной амплитуды движения.",2025-11-08T16:15:00Z
360,chest-to-bar-pull-ups,5,"На вдохе медленно и контролируемо опустите тело вниз, полностью выпрямляя руки и возвращаясь в исходное положение. Контролируйте движение на протяжении всей амплитуды.",2025-11-08T16:15:00Z
361,muscle-up,1,"Подойдите к турнику и возьмитесь за него хватом на ширине плеч или немного шире. Плотно обхватите перекладину пальцами. Повисните на турнике с полностью выпрямленными руками.",2025-11-08T16:20:00Z
362,muscle-up,2,"Напрягите мышцы пресса и ягодиц, чтобы тело было прямым. Сделайте глубокий вдох и подготовьтесь к взрывному подтягиванию. Это исходное положение.",2025-11-08T16:20:00Z
363,muscle-up,3,"На мощном выдохе выполните взрывное подтягивание вверх, генерируя максимальную скорость. Подтягивайтесь до уровня груди, активно вовлекая широчайшие мышцы, бицепсы и мышцы кора.",2025-11-08T16:20:00Z
364,muscle-up,4,"В верхней точке подтягивания быстро переведите запястья над перекладиной, одновременно наклоняя корпус вперед. Это критический момент перехода от подтягивания к отжиманию.",2025-11-08T16:20:00Z
365,muscle-up,5,"Как только запястья окажутся над перекладиной, мощно выжмите тело вверх, выпрямляя руки и завершая отжимание на перекладине. В верхней точке руки должны быть полностью выпрямлены.",2025-11-08T16:20:00Z
366,muscle-up,6,"На вдохе медленно и контролируемо опустите тело вниз, выполняя обратное движение: сначала согните руки в локтях, затем переведите запястья под перекладину и опуститесь в исходное положение виса.",2025-11-08T16:20:00Z
367,pull-ups-rings,1,"Подойдите к гимнастическим кольцам и возьмитесь за них хватом на ширине плеч. Плотно обхватите кольца пальцами, ладони направлены вперед. Повисните на кольцах с полностью выпрямленными руками.",2025-11-08T17:00:00Z
368,pull-ups-rings,2,"Напрягите мышцы пресса и ягодиц, чтобы тело было прямым. Активно контролируйте стабильность колец, не допуская их разворота наружу. Сделайте глубокий вдох и подготовьтесь к подтягиванию.",2025-11-08T17:00:00Z
369,pull-ups-rings,3,"На мощном выдохе подтяните тело вверх, активно вовлекая широчайшие мышцы, бицепсы и мышцы кора. Контролируйте кольца на протяжении всего движения, держите локти направленными назад под углом 45 градусов.",2025-11-08T17:00:00Z
370,pull-ups-rings,4,"Подтягивайтесь до тех пор, пока подбородок не окажется выше уровня колец или грудь не коснется колец. В верхней точке сведите лопатки вместе и напрягите мышцы спины.",2025-11-08T17:00:00Z
371,pull-ups-rings,5,"На вдохе медленно и контролируемо опустите тело вниз, полностью выпрямляя руки и возвращаясь в исходное положение. Продолжайте контролировать кольца на протяжении всей амплитуды движения.",2025-11-08T17:00:00Z
372,pull-ups-rings-wide-grip,1,"Подойдите к гимнастическим кольцам и возьмитесь за них широким хватом (значительно шире плеч, примерно на ширину вытянутых рук в стороны). Плотно обхватите кольца пальцами, ладони направлены вперед. Повисните на кольцах с полностью выпрямленными руками.",2025-11-08T17:05:00Z
373,pull-ups-rings-wide-grip,2,"Напрягите мышцы пресса и ягодиц, чтобы тело было прямым. Активно контролируйте стабильность колец, не допуская их разворота наружу. Широкий хват требует хорошей гибкости плеч, поэтому убедитесь в комфортном положении перед началом.",2025-11-08T17:05:00Z
374,pull-ups-rings-wide-grip,3,"На мощном выдохе подтяните тело вверх, активно вовлекая широчайшие мышцы и верхнюю часть спины. Контролируйте кольца на протяжении всего движения, держите локти направленными в стороны для максимального акцента на широчайшие.",2025-11-08T17:05:00Z
375,pull-ups-rings-wide-grip,4,"Подтягивайтесь до тех пор, пока подбородок не окажется выше уровня колец или грудь не коснется колец. В верхней точке сведите лопатки вместе и напрягите мышцы спины, фокусируясь на широчайших мышцах.",2025-11-08T17:05:00Z
376,pull-ups-rings-wide-grip,5,"На вдохе медленно и контролируемо опустите тело вниз, полностью выпрямляя руки и возвращаясь в исходное положение. Продолжайте контролировать кольца на протяжении всей амплитуды движения, не допуская потери контроля.",2025-11-08T17:05:00Z
377,trx-row-standing,1,"Подойдите к TRX петлям и возьмитесь за рукоятки хватом на ширине плеч, ладони направлены друг к другу. Отойдите назад, наклоняя корпус назад, пока руки не будут полностью выпрямлены. Стопы должны быть устойчиво поставлены на пол.",2025-11-08T17:10:00Z
378,trx-row-standing,2,"Напрягите мышцы пресса и ягодиц, чтобы тело было прямым от головы до пяток. Активно контролируйте стабильность TRX петель, не допуская их раскачивания. Сделайте глубокий вдох и подготовьтесь к подтягиванию.",2025-11-08T17:10:00Z
379,trx-row-standing,3,"На мощном выдохе подтяните тело к рукояткам TRX, активно вовлекая широчайшие мышцы, ромбовидные, средние дельты и бицепсы. Контролируйте петли на протяжении всего движения, держите локти направленными назад.",2025-11-08T17:10:00Z
380,trx-row-standing,4,"Подтягивайтесь до тех пор, пока грудь не окажется на уровне рукояток или руки не согнутся в локтях под углом 90 градусов. В верхней точке сведите лопатки вместе и напрягите мышцы спины.",2025-11-08T17:10:00Z
381,trx-row-standing,5,"На вдохе медленно и контролируемо верните тело в исходное положение, полностью выпрямляя руки. Продолжайте контролировать TRX петли на протяжении всей амплитуды движения, не допуская потери контроля.",2025-11-08T17:10:00Z
382,trx-pull-ups-assisted,1,"Подойдите к TRX петлям и возьмитесь за рукоятки хватом на ширине плеч, ладони направлены вперед. Отойдите назад, наклоняя корпус назад, пока руки не будут полностью выпрямлены. Ноги должны быть на земле для поддержки.",2025-11-08T17:15:00Z
383,trx-pull-ups-assisted,2,"Напрягите мышцы пресса и ягодиц, чтобы тело было прямым. Ноги на земле создают поддержку, что облегчает выполнение упражнения. Активно контролируйте стабильность TRX петель, не допуская их раскачивания.",2025-11-08T17:15:00Z
384,trx-pull-ups-assisted,3,"На мощном выдохе подтяните тело вверх, активно вовлекая широчайшие мышцы, бицепсы и мышцы спины. Контролируйте петли на протяжении всего движения, держите локти направленными назад под углом 45 градусов.",2025-11-08T17:15:00Z
385,trx-pull-ups-assisted,4,"Подтягивайтесь до тех пор, пока подбородок не окажется выше уровня рукояток или грудь не коснется рукояток. В верхней точке сведите лопатки вместе и напрягите мышцы спины.",2025-11-08T17:15:00Z
386,trx-pull-ups-assisted,5,"На вдохе медленно и контролируемо опустите тело вниз, полностью выпрямляя руки и возвращаясь в исходное положение. Продолжайте контролировать TRX петли на протяжении всей амплитуды движения. Можно регулировать сложность изменением угла наклона тела.",2025-11-08T17:15:00Z
387,lat-pulldown-wide-grip,1,"Сядьте на тренажер верхней тяги и зафиксируйте бедра под валиками. Возьмитесь за рукоятку широким хватом (примерно на ширину вытянутых рук в стороны), ладони направлены вперед. Ноги должны быть устойчиво поставлены на пол.",2025-11-08T18:00:00Z
388,lat-pulldown-wide-grip,2,"Слегка отклонитесь назад, сохраняя естественный прогиб в пояснице. Напрягите мышцы пресса и ягодиц для стабилизации корпуса. Руки должны быть полностью выпрямлены, это исходное положение.",2025-11-08T18:00:00Z
389,lat-pulldown-wide-grip,3,"На мощном вдохе подтяните рукоятку вниз к верхней части груди, активно вовлекая широчайшие мышцы и мышцы спины. Держите локти направленными вниз и немного в стороны, не разводите их слишком широко.",2025-11-08T18:00:00Z
390,lat-pulldown-wide-grip,4,"Подтягивайте рукоятку до тех пор, пока она не окажется на уровне верхней части груди или подбородка. В нижней точке сведите лопатки вместе и напрягите мышцы спины, задержитесь на 1 секунду.",2025-11-08T18:00:00Z
391,lat-pulldown-wide-grip,5,"На выдохе медленно и контролируемо верните рукоятку в исходное положение, полностью выпрямляя руки. Контролируйте движение на протяжении всей амплитуды, не допуская резких движений или использования инерции.",2025-11-08T18:00:00Z
392,lat-pulldown-medium-grip,1,"Сядьте на тренажер верхней тяги и зафиксируйте бедра под валиками. Возьмитесь за рукоятку хватом примерно на ширине плеч, ладони направлены вперед. Ноги должны быть устойчиво поставлены на пол.",2025-11-08T18:05:00Z
393,lat-pulldown-medium-grip,2,"Слегка отклонитесь назад, сохраняя естественный прогиб в пояснице. Напрягите мышцы пресса и ягодиц для стабилизации корпуса. Руки должны быть полностью выпрямлены, это исходное положение.",2025-11-08T18:05:00Z
394,lat-pulldown-medium-grip,3,"На мощном вдохе подтяните рукоятку вниз к груди, активно вовлекая широчайшие мышцы, бицепсы и мышцы спины. Держите локти направленными вниз и немного в стороны.",2025-11-08T18:05:00Z
395,lat-pulldown-medium-grip,4,"Подтягивайте рукоятку до тех пор, пока она не коснется верхней части груди. В нижней точке сведите лопатки вместе и напрягите мышцы спины, задержитесь на 1 секунду.",2025-11-08T18:05:00Z
396,lat-pulldown-medium-grip,5,"На выдохе медленно и контролируемо верните рукоятку в исходное положение, полностью выпрямляя руки. Контролируйте движение на протяжении всей амплитуды, не допуская резких движений или использования инерции.",2025-11-08T18:05:00Z
397,lat-pulldown-close-grip,1,"Сядьте на тренажер верхней тяги и зафиксируйте бедра под валиками. Возьмитесь за рукоятку узким хватом (уже ширины плеч, примерно на ширине груди), ладони направлены вперед. Ноги должны быть устойчиво поставлены на пол.",2025-11-08T18:10:00Z
398,lat-pulldown-close-grip,2,"Слегка отклонитесь назад, сохраняя естественный прогиб в пояснице. Напрягите мышцы пресса и ягодиц для стабилизации корпуса. Руки должны быть полностью выпрямлены, это исходное положение.",2025-11-08T18:10:00Z
399,lat-pulldown-close-grip,3,"На мощном вдохе подтяните рукоятку вниз к груди, активно вовлекая широчайшие мышцы, бицепсы и внутреннюю часть спины. Держите локти направленными вниз и близко к телу.",2025-11-08T18:10:00Z
400,lat-pulldown-close-grip,4,"Подтягивайте рукоятку до тех пор, пока она не коснется нижней части груди. В нижней точке сведите лопатки вместе и напрягите мышцы спины и бицепсы, задержитесь на 1 секунду.",2025-11-08T18:10:00Z
401,lat-pulldown-close-grip,5,"На выдохе медленно и контролируемо верните рукоятку в исходное положение, полностью выпрямляя руки. Контролируйте движение на протяжении всей амплитуды, не допуская резких движений или использования инерции.",2025-11-08T18:10:00Z
402,lat-pulldown-underhand-grip,1,"Сядьте на тренажер верхней тяги и зафиксируйте бедра под валиками. Возьмитесь за рукоятку обратным хватом (ладони направлены к себе), хват примерно на ширине плеч или немного уже. Ноги должны быть устойчиво поставлены на пол.",2025-11-08T18:15:00Z
403,lat-pulldown-underhand-grip,2,"Слегка отклонитесь назад, сохраняя естественный прогиб в пояснице. Напрягите мышцы пресса и ягодиц для стабилизации корпуса. Руки должны быть полностью выпрямлены, это исходное положение.",2025-11-08T18:15:00Z
404,lat-pulldown-underhand-grip,3,"На мощном вдохе подтяните рукоятку вниз к груди, активно вовлекая бицепсы, нижнюю часть широчайших мышц и мышцы спины. Держите локти направленными вниз и близко к телу.",2025-11-08T18:15:00Z
405,lat-pulldown-underhand-grip,4,"Подтягивайте рукоятку до тех пор, пока она не коснется нижней части груди. В нижней точке сведите лопатки вместе и максимально напрягите бицепсы и мышцы спины, задержитесь на 1 секунду.",2025-11-08T18:15:00Z
406,lat-pulldown-underhand-grip,5,"На выдохе медленно и контролируемо верните рукоятку в исходное положение, полностью выпрямляя руки. Контролируйте движение на протяжении всей амплитуды, не допуская резких движений или использования инерции.",2025-11-08T18:15:00Z
407,lat-pulldown-neutral-grip,1,"Сядьте на тренажер верхней тяги и зафиксируйте бедра под валиками. Возьмитесь за параллельные рукоятки нейтральным хватом (ладони направлены друг к другу), хват примерно на ширине плеч. Ноги должны быть устойчиво поставлены на пол.",2025-11-08T18:20:00Z
408,lat-pulldown-neutral-grip,2,"Слегка отклонитесь назад, сохраняя естественный прогиб в пояснице. Напрягите мышцы пресса и ягодиц для стабилизации корпуса. Руки должны быть полностью выпрямлены, это исходное положение.",2025-11-08T18:20:00Z
409,lat-pulldown-neutral-grip,3,"На мощном вдохе подтяните рукоятки вниз к груди, активно вовлекая широчайшие мышцы, бицепсы и мышцы спины. Держите локти направленными вниз и близко к телу.",2025-11-08T18:20:00Z
410,lat-pulldown-neutral-grip,4,"Подтягивайте рукоятки до тех пор, пока они не коснутся груди. В нижней точке сведите лопатки вместе и напрягите мышцы спины и рук, задержитесь на 1 секунду.",2025-11-08T18:20:00Z
411,lat-pulldown-neutral-grip,5,"На выдохе медленно и контролируемо верните рукоятки в исходное положение, полностью выпрямляя руки. Контролируйте движение на протяжении всей амплитуды, не допуская резких движений или использования инерции.",2025-11-08T18:20:00Z
412,lat-pulldown-behind-neck,1,"Сядьте на тренажер верхней тяги и зафиксируйте бедра под валиками. Возьмитесь за рукоятку широким хватом (примерно на ширину вытянутых рук в стороны), ладони направлены вперед. Ноги должны быть устойчиво поставлены на пол. Убедитесь, что у вас достаточная гибкость плечевых суставов для безопасного выполнения упражнения.",2025-11-08T19:00:00Z
413,lat-pulldown-behind-neck,2,"Слегка наклонитесь вперед, сохраняя естественный прогиб в пояснице. Напрягите мышцы пресса и ягодиц для стабилизации корпуса. Руки должны быть полностью выпрямлены, это исходное положение. Важно: убедитесь, что ваши плечи имеют достаточную гибкость для безопасного выполнения.",2025-11-08T19:00:00Z
414,lat-pulldown-behind-neck,3,"На мощном вдохе медленно и контролируемо подтяните рукоятку за голову к задней части шеи, активно вовлекая широчайшие мышцы и верхнюю часть спины. Держите локти направленными вниз и немного в стороны.",2025-11-08T19:00:00Z
415,lat-pulldown-behind-neck,4,"Подтягивайте рукоятку до тех пор, пока она не окажется на уровне задней части шеи или верхней части трапеций. В нижней точке сведите лопатки вместе и напрягите мышцы верхней части спины и задние дельты, задержитесь на 1 секунду. НЕ допускайте болевых ощущений в плечах.",2025-11-08T19:00:00Z
416,lat-pulldown-behind-neck,5,"На выдохе медленно и контролируемо верните рукоятку в исходное положение, полностью выпрямляя руки. Контролируйте движение на протяжении всей амплитуды, не допуская резких движений или использования инерции. При малейшем дискомфорте в плечах прекратите выполнение.",2025-11-08T19:00:00Z
417,lat-pulldown-straight-arm,1,"Встаньте перед тренажером верхней тяги и возьмитесь за рукоятку широким хватом (примерно на ширину вытянутых рук в стороны), ладони направлены вперед. Ноги поставьте на ширине плеч, слегка согните колени для стабильности.",2025-11-08T19:05:00Z
418,lat-pulldown-straight-arm,2,"Наклоните корпус вперед под углом примерно 30-45 градусов, сохраняя естественный прогиб в пояснице. Напрягите мышцы пресса и ягодиц для стабилизации корпуса. Руки должны быть полностью выпрямлены и подняты над головой, это исходное положение.",2025-11-08T19:05:00Z
419,lat-pulldown-straight-arm,3,"На мощном вдохе медленно и контролируемо опустите рукоятку вниз перед собой прямыми руками, активно вовлекая широчайшие мышцы спины. Движение должно происходить только за счет широчайших, НЕ сгибайте локти.",2025-11-08T19:05:00Z
420,lat-pulldown-straight-arm,4,"Опускайте рукоятку до тех пор, пока она не окажется на уровне бедер или чуть ниже. В нижней точке максимально напрягите широчайшие мышцы, сведите лопатки и задержитесь на 1-2 секунды для максимального сокращения.",2025-11-08T19:05:00Z
421,lat-pulldown-straight-arm,5,"На выдохе медленно и контролируемо верните рукоятку в исходное положение над головой, полностью выпрямляя руки. Контролируйте движение на протяжении всей амплитуды, не допуская сгибания локтей или использования инерции.",2025-11-08T19:05:00Z
422,lat-pulldown-one-arm,1,"Сядьте на тренажер верхней тяги и зафиксируйте бедра под валиками. Возьмитесь за одностороннюю рукоятку одной рукой, ладонь направлена вперед. Другая рука может держаться за сиденье для стабилизации. Ноги должны быть устойчиво поставлены на пол.",2025-11-08T19:10:00Z
423,lat-pulldown-one-arm,2,"Слегка отклонитесь назад, сохраняя естественный прогиб в пояснице. Напрягите мышцы пресса, ягодиц и кора для стабилизации корпуса и предотвращения ротации. Рука должна быть полностью выпрямлена, это исходное положение.",2025-11-08T19:10:00Z
424,lat-pulldown-one-arm,3,"На мощном вдохе подтяните рукоятку одной рукой вниз к груди, активно вовлекая широчайшие мышцы, бицепс и мышцы спины. Контролируйте корпус, не допуская ротации или наклона в сторону рабочей руки.",2025-11-08T19:10:00Z
425,lat-pulldown-one-arm,4,"Подтягивайте рукоятку до тех пор, пока она не коснется верхней части груди. В нижней точке сведите лопатку вместе и максимально напрягите мышцы спины и бицепс, задержитесь на 1 секунду. Держите корпус стабильным.",2025-11-08T19:10:00Z
426,lat-pulldown-one-arm,5,"На выдохе медленно и контролируемо верните рукоятку в исходное положение, полностью выпрямляя руку. Контролируйте движение на протяжении всей амплитуды, не допуская резких движений или компенсаций корпусом. Выполните все повторения одной рукой, затем повторите другой.",2025-11-08T19:10:00Z
427,lat-pulldown-wide-grip-chest,1,"Сядьте на тренажер верхней тяги и зафиксируйте бедра под валиками. Возьмитесь за рукоятку широким хватом (примерно на ширину вытянутых рук в стороны), ладони направлены вперед. Ноги должны быть устойчиво поставлены на пол.",2025-11-08T19:15:00Z
428,lat-pulldown-wide-grip-chest,2,"Слегка отклонитесь назад, сохраняя естественный прогиб в пояснице. Напрягите мышцы пресса и ягодиц для стабилизации корпуса. Руки должны быть полностью выпрямлены, это исходное положение.",2025-11-08T19:15:00Z
429,lat-pulldown-wide-grip-chest,3,"На мощном вдохе подтяните рукоятку вниз к верхней части груди, активно вовлекая широчайшие мышцы и мышцы спины. Держите локти направленными вниз и немного в стороны, не разводите их слишком широко.",2025-11-08T19:15:00Z
430,lat-pulldown-wide-grip-chest,4,"Подтягивайте рукоятку до тех пор, пока она не коснется верхней части груди. В нижней точке сведите лопатки вместе и напрягите мышцы спины, задержитесь на 1 секунду.",2025-11-08T19:15:00Z
431,lat-pulldown-wide-grip-chest,5,"На выдохе медленно и контролируемо верните рукоятку в исходное положение, полностью выпрямляя руки. Контролируйте движение на протяжении всей амплитуды, не допуская резких движений или использования инерции.",2025-11-08T19:15:00Z
432,cable-pulldown-standing,1,"Подойдите к кроссоверу и установите кабели в верхнее положение. Возьмитесь за рукоятки широким хватом (примерно на ширину вытянутых рук в стороны), ладони направлены вперед. Встаньте в разножку - одна нога впереди, другая сзади для стабильности.",2025-01-15T10:00:00Z
433,cable-pulldown-standing,2,"Слегка согните колени и напрягите мышцы пресса и ягодиц для стабилизации корпуса. Слегка отклонитесь назад, сохраняя естественный прогиб в пояснице. Руки должны быть полностью выпрямлены, это исходное положение.",2025-01-15T10:00:00Z
434,cable-pulldown-standing,3,"На мощном вдохе подтяните рукоятки вниз к верхней части груди, активно вовлекая широчайшие мышцы и мышцы спины. Держите локти направленными вниз и немного в стороны, не разводите их слишком широко.",2025-01-15T10:00:00Z
435,cable-pulldown-standing,4,"Подтягивайте рукоятки до тех пор, пока они не коснутся верхней части груди. В нижней точке сведите лопатки вместе и напрягите мышцы спины, задержитесь на 1 секунду. Сохраняйте стабильность корпуса на протяжении всего движения.",2025-01-15T10:00:00Z
436,cable-pulldown-standing,5,"На выдохе медленно и контролируемо верните рукоятки в исходное положение, полностью выпрямляя руки. Контролируйте движение на протяжении всей амплитуды, не допуская резких движений или использования инерции. Держите корпус стабильным.",2025-01-15T10:00:00Z
437,cable-pulldown-seated,1,"Подойдите к кроссоверу и установите кабели в верхнее положение. Возьмитесь за рукоятки широким хватом (примерно на ширину вытянутых рук в стороны), ладони направлены вперед. Сядьте на скамью или платформу перед кроссовером, ноги устойчиво поставлены на пол.",2025-01-15T10:00:00Z
438,cable-pulldown-seated,2,"Слегка отклонитесь назад, сохраняя естественный прогиб в пояснице. Напрягите мышцы пресса и ягодиц для стабилизации корпуса. Руки должны быть полностью выпрямлены, это исходное положение.",2025-01-15T10:00:00Z
439,cable-pulldown-seated,3,"На мощном вдохе подтяните рукоятки вниз к верхней части груди, активно вовлекая широчайшие мышцы и мышцы спины. Держите локти направленными вниз и немного в стороны, не разводите их слишком широко.",2025-01-15T10:00:00Z
440,cable-pulldown-seated,4,"Подтягивайте рукоятки до тех пор, пока они не коснутся верхней части груди. В нижней точке сведите лопатки вместе и напрягите мышцы спины, задержитесь на 1 секунду.",2025-01-15T10:00:00Z
441,cable-pulldown-seated,5,"На выдохе медленно и контролируемо верните рукоятки в исходное положение, полностью выпрямляя руки. Контролируйте движение на протяжении всей амплитуды, не допуская резких движений или использования инерции.",2025-01-15T10:00:00Z
442,australian-pull-ups,1,"Найдите перекладину (турник или брусья) на высоте примерно на уровне талии или чуть выше. Лягте под перекладину, расположив тело прямо под ней. Возьмитесь за перекладину хватом на ширине плеч или чуть шире, ладони направлены от себя.",2025-01-15T10:00:00Z
443,australian-pull-ups,2,"Выпрямите руки и тело, создав прямую линию от головы до пяток. Ноги должны быть выпрямлены, стопы на полу. Напрягите мышцы пресса и ягодиц для стабилизации корпуса. Это исходное положение.",2025-01-15T10:00:00Z
444,australian-pull-ups,3,"На мощном вдохе подтяните тело вверх, сгибая руки в локтях и поднимая грудь к перекладине. Держите тело прямым на протяжении всего движения, не допуская провисания таза или поднятия ягодиц.",2025-01-15T10:00:00Z
445,australian-pull-ups,4,"Подтягивайтесь до тех пор, пока грудь почти не коснется перекладины. В верхней точке сведите лопатки вместе и напрягите мышцы спины, задержитесь на 1 секунду для максимального сокращения мышц.",2025-01-15T10:00:00Z
446,australian-pull-ups,5,"На выдохе медленно и контролируемо опустите тело в исходное положение, полностью выпрямляя руки. Контролируйте движение на протяжении всей амплитуды, не допуская резких движений или падения тела.",2025-01-15T10:00:00Z
447,australian-pull-ups-feet-elevated,1,"Найдите перекладину (турник или брусья) на высоте примерно на уровне талии или чуть выше. Поставьте ноги на возвышение (скамья, стул, платформа) так, чтобы тело было под углом примерно 30-45 градусов. Лягте под перекладину, расположив тело прямо под ней.",2025-01-15T10:00:00Z
448,australian-pull-ups-feet-elevated,2,"Возьмитесь за перекладину хватом на ширине плеч или чуть шире, ладони направлены от себя. Выпрямите руки и тело, создав прямую линию от головы до пяток. Ноги должны быть выпрямлены на возвышении. Напрягите мышцы пресса и ягодиц для стабилизации корпуса.",2025-01-15T10:00:00Z
449,australian-pull-ups-feet-elevated,3,"На мощном вдохе подтяните тело вверх, сгибая руки в локтях и поднимая грудь к перекладине. Увеличенный угол наклона создает большую нагрузку, поэтому контролируйте движение особенно тщательно. Держите тело прямым на протяжении всего движения.",2025-01-15T10:00:00Z
450,australian-pull-ups-feet-elevated,4,"Подтягивайтесь до тех пор, пока грудь почти не коснется перекладины. В верхней точке сведите лопатки вместе и напрягите мышцы спины, задержитесь на 1 секунду для максимального сокращения мышц.",2025-01-15T10:00:00Z
451,australian-pull-ups-feet-elevated,5,"На выдохе медленно и контролируемо опустите тело в исходное положение, полностью выпрямляя руки. Контролируйте движение на протяжении всей амплитуды, не допуская резких движений или падения тела.",2025-01-15T10:00:00Z
452,australian-pull-ups-underhand-grip,1,"Найдите перекладину (турник или брусья) на высоте примерно на уровне талии или чуть выше. Лягте под перекладину, расположив тело прямо под ней. Возьмитесь за перекладину обратным хватом (ладони направлены к себе) на ширине плеч или чуть уже.",2025-01-15T10:00:00Z
453,australian-pull-ups-underhand-grip,2,"Выпрямите руки и тело, создав прямую линию от головы до пяток. Ноги должны быть выпрямлены, стопы на полу. Напрягите мышцы пресса и ягодиц для стабилизации корпуса. Обратный хват создает больший акцент на бицепсы. Это исходное положение.",2025-01-15T10:00:00Z
454,australian-pull-ups-underhand-grip,3,"На мощном вдохе подтяните тело вверх, сгибая руки в локтях и поднимая грудь к перекладине. Обратный хват позволяет лучше активировать бицепсы. Держите тело прямым на протяжении всего движения, не допуская провисания таза или поднятия ягодиц.",2025-01-15T10:00:00Z
455,australian-pull-ups-underhand-grip,4,"Подтягивайтесь до тех пор, пока грудь почти не коснется перекладины. В верхней точке сведите лопатки вместе и напрягите мышцы спины и бицепсы, задержитесь на 1 секунду для максимального сокращения мышц.",2025-01-15T10:00:00Z
456,australian-pull-ups-underhand-grip,5,"На выдохе медленно и контролируемо опустите тело в исходное положение, полностью выпрямляя руки. Контролируйте движение на протяжении всей амплитуды, не допуская резких движений или падения тела.",2025-01-15T10:00:00Z
457,dumbbell-one-arm-row,1,"Поставьте скамью горизонтально и возьмите гантель в одну руку. Поставьте одно колено и одноименную руку на скамью для опоры. Другая нога стоит на полу, слегка отставлена назад для стабильности. Спина прямая, параллельна полу. Это исходное положение.",2025-01-15T10:00:00Z
458,dumbbell-one-arm-row,2,"Свободной рукой возьмите гантель нейтральным хватом (ладонь направлена к телу). Рука полностью выпрямлена, гантель висит внизу. Напрягите мышцы пресса и ягодиц для стабилизации корпуса. Не допускайте провисания таза или ротации позвоночника.",2025-01-15T10:00:00Z
459,dumbbell-one-arm-row,3,"На мощном вдохе подтяните гантель к поясу, ведя локтем назад и вверх. Держите локоть близко к телу, не разводите его в сторону. Сведите лопатку рабочей стороны к позвоночнику, напрягая мышцы спины.",2025-01-15T10:00:00Z
460,dumbbell-one-arm-row,4,"В верхней точке гантель должна быть на уровне пояса или чуть выше. Локоть должен быть согнут под углом примерно 90 градусов. Задержитесь на 1 секунду, максимально напрягая мышцы спины и бицепс. Не допускайте ротации корпуса.",2025-01-15T10:00:00Z
461,dumbbell-one-arm-row,5,"На выдохе медленно и контролируемо опустите гантель в исходное положение, полностью выпрямляя руку. Контролируйте движение на протяжении всей амплитуды, не допуская резких движений или инерции. Повторите для другой стороны.",2025-01-15T10:00:00Z
462,dumbbell-bent-over-row,1,"Возьмите две гантели в руки нейтральным хватом (ладони направлены друг к другу). Встаньте, ноги на ширине плеч, слегка согните колени. Наклонитесь вперед, сохраняя прямую спину, пока корпус не будет параллелен полу или под углом примерно 45 градусов.",2025-01-15T10:00:00Z
463,dumbbell-bent-over-row,2,"Руки полностью выпрямлены, гантели висят внизу. Напрягите мышцы пресса и ягодиц для стабилизации корпуса. Голова должна быть в нейтральном положении, взгляд направлен вниз. Не допускайте округления спины или поднятия головы. Это исходное положение.",2025-01-15T10:00:00Z
464,dumbbell-bent-over-row,3,"На мощном вдохе одновременно подтяните обе гантели к поясу, ведя локти назад и вверх. Держите локти близко к телу, не разводите их в стороны. Сведите обе лопатки к позвоночнику, напрягая мышцы спины.",2025-01-15T10:00:00Z
465,dumbbell-bent-over-row,4,"В верхней точке гантели должны быть на уровне пояса или чуть выше. Локти должны быть согнуты под углом примерно 90 градусов. Задержитесь на 1 секунду, максимально напрягая мышцы спины и бицепсы. Держите корпус стабильным.",2025-01-15T10:00:00Z
466,dumbbell-bent-over-row,5,"На выдохе медленно и контролируемо опустите гантели в исходное положение, полностью выпрямляя руки. Контролируйте движение на протяжении всей амплитуды, не допуская резких движений или инерции. Повторите движение.",2025-01-15T10:00:00Z
467,dumbbell-incline-bench-row,1,"Установите наклонную скамью под углом 30-45 градусов. Возьмите две гантели в руки нейтральным хватом (ладони направлены друг к другу). Лягте на скамью лицом вниз, грудь и живот должны быть на скамье, ноги устойчиво стоят на полу.",2025-01-15T10:00:00Z
468,dumbbell-incline-bench-row,2,"Руки полностью выпрямлены, гантели висят внизу по бокам от скамьи. Голова должна быть в нейтральном положении, можно смотреть вперед или вниз. Напрягите мышцы пресса для дополнительной стабилизации. Это исходное положение.",2025-01-15T10:00:00Z
469,dumbbell-incline-bench-row,3,"На мощном вдохе одновременно подтяните обе гантели к поясу, ведя локти назад и вверх. Держите локти близко к телу, не разводите их в стороны. Сведите обе лопатки к позвоночнику, напрягая мышцы спины.",2025-01-15T10:00:00Z
470,dumbbell-incline-bench-row,4,"В верхней точке гантели должны быть на уровне пояса или чуть выше. Локти должны быть согнуты под углом примерно 90 градусов. Задержитесь на 1 секунду, максимально напрягая мышцы спины и бицепсы. Не отрывайте грудь от скамьи.",2025-01-15T10:00:00Z
471,dumbbell-incline-bench-row,5,"На выдохе медленно и контролируемо опустите гантели в исходное положение, полностью выпрямляя руки. Контролируйте движение на протяжении всей амплитуды, не допуская резких движений или инерции. Повторите движение.",2025-01-15T10:00:00Z
472,plank-row,1,"Примите положение планки с упором на гантели: возьмите две гантели в руки нейтральным хватом и встаньте в планку, опираясь на гантели. Руки на ширине плеч, полностью выпрямлены. Тело выпрямлено от головы до пяток, образуя прямую линию.",2025-01-15T10:00:00Z
473,plank-row,2,"Напрягите мышцы пресса, ягодиц и ног для стабилизации корпуса. Голова должна быть в нейтральном положении, взгляд направлен вниз. Не допускайте провисания таза, поднятия ягодиц или прогиба в пояснице. Это исходное положение.",2025-01-15T10:00:00Z
474,plank-row,3,"На мощном вдохе подтяните одну гантель к поясу, ведя локоть назад и вверх. Держите локоть близко к телу. Сведите лопатку рабочей стороны к позвоночнику, напрягая мышцы спины. Вторая рука остается на месте, удерживая планку.",2025-01-15T10:00:00Z
475,plank-row,4,"В верхней точке гантель должна быть на уровне пояса или чуть выше. Локоть должен быть согнут под углом примерно 90 градусов. Задержитесь на 1 секунду, максимально напрягая мышцы спины, бицепс и кор. Не допускайте ротации корпуса или смещения таза.",2025-01-15T10:00:00Z
476,plank-row,5,"На выдохе медленно и контролируемо опустите гантель в исходное положение, полностью выпрямляя руку и возвращая ее на пол. Контролируйте движение на протяжении всей амплитуды. Повторите для другой стороны, чередуя руки.",2025-01-15T10:00:00Z
477,plank-row,6,"На протяжении всего упражнения поддерживайте стабильность корпуса в планке. Не допускайте провисания таза, поднятия ягодиц или смещения веса в сторону. Дышите ритмично, синхронизируя дыхание с движением каждой руки.",2025-01-15T10:00:00Z
478,barbell-bent-over-row,1,"Встаньте перед штангой, ноги на ширине плеч. Наклонитесь вперед, согнув колени и отведя таз назад, пока корпус не будет почти параллелен полу. Возьмите штангу хватом шире плеч, ладони направлены от себя.",2025-01-15T10:00:00Z
479,barbell-bent-over-row,2,"Напрягите мышцы пресса и ягодиц для стабилизации корпуса. Держите спину прямой, грудь расправленной, лопатки сведенными. Голова должна быть в нейтральном положении, взгляд направлен вниз. Это исходное положение.",2025-01-15T10:00:00Z
480,barbell-bent-over-row,3,"На выдохе мощно подтяните штангу к нижней части груди или верхней части живота, сводя лопатки вместе. Локти должны двигаться вдоль тела, не разводите их в стороны.",2025-01-15T10:00:00Z
481,barbell-bent-over-row,4,"В верхней точке сделайте паузу на 1 секунду, максимально сжимая мышцы спины. Держите корпус неподвижным, не раскачивайтесь и не используйте инерцию.",2025-01-15T10:00:00Z
482,barbell-bent-over-row,5,"На вдохе медленно и контролируемо опустите штангу вниз, полностью выпрямляя руки, но не расслабляя мышцы спины. Вернитесь в исходное положение и повторите.",2025-01-15T10:00:00Z
483,barbell-bent-over-row-underhand,1,"Встаньте перед штангой, ноги на ширине плеч. Наклонитесь вперед, согнув колени и отведя таз назад, пока корпус не будет почти параллелен полу. Возьмите штангу хватом на ширине плеч, ладони направлены к себе (обратный хват).",2025-01-15T10:00:00Z
484,barbell-bent-over-row-underhand,2,"Напрягите мышцы пресса и ягодиц для стабилизации корпуса. Держите спину прямой, грудь расправленной, лопатки сведенными. Голова должна быть в нейтральном положении, взгляд направлен вниз. Это исходное положение.",2025-01-15T10:00:00Z
485,barbell-bent-over-row-underhand,3,"На выдохе мощно подтяните штангу к нижней части груди или верхней части живота, сводя лопатки вместе. Локти должны быть прижаты к телу, обратный хват позволяет лучше активировать бицепсы.",2025-01-15T10:00:00Z
486,barbell-bent-over-row-underhand,4,"В верхней точке сделайте паузу на 1 секунду, максимально сжимая мышцы спины и бицепсы. Держите корпус неподвижным, не раскачивайтесь и не используйте инерцию.",2025-01-15T10:00:00Z
487,barbell-bent-over-row-underhand,5,"На вдохе медленно и контролируемо опустите штангу вниз, полностью выпрямляя руки, но не расслабляя мышцы спины. Вернитесь в исходное положение и повторите.",2025-01-15T10:00:00Z
488,yates-row,1,"Встаньте перед штангой, ноги на ширине плеч. Наклонитесь вперед под углом 30-45 градусов (более вертикальное положение, чем в классической тяге). Возьмите штангу хватом на ширине плеч или чуть уже, ладони направлены от себя.",2025-01-15T10:00:00Z
489,yates-row,2,"Напрягите мышцы пресса и ягодиц для стабилизации корпуса. Держите спину прямой, грудь расправленной, лопатки сведенными. Более вертикальное положение снижает нагрузку на поясницу. Это исходное положение.",2025-01-15T10:00:00Z
490,yates-row,3,"На выдохе мощно подтяните штангу к нижней части груди или верхней части живота, сводя лопатки вместе. Локти должны двигаться вдоль тела, акцент на верхнюю часть спины и задние дельты.",2025-01-15T10:00:00Z
491,yates-row,4,"В верхней точке сделайте паузу на 1 секунду, максимально сжимая мышцы верхней части спины и задние дельты. Держите корпус неподвижным.",2025-01-15T10:00:00Z
492,yates-row,5,"На вдохе медленно и контролируемо опустите штангу вниз, полностью выпрямляя руки. Вернитесь в исходное положение и повторите.",2025-01-15T10:00:00Z
493,pendlay-row,1,"Поставьте штангу на пол перед собой. Встаньте над штангой, ноги на ширине плеч. Наклонитесь вперед, согнув колени и отведя таз назад, пока корпус не будет почти параллелен полу (горизонтальное положение).",2025-01-15T10:00:00Z
494,pendlay-row,2,"Возьмите штангу хватом шире плеч, ладони направлены от себя. Напрягите мышцы пресса и ягодиц для стабилизации корпуса. Держите спину прямой, грудь расправленной. Штанга должна лежать на полу. Это исходное положение.",2025-01-15T10:00:00Z
495,pendlay-row,3,"На выдохе мощно и взрывно подтяните штангу от пола к нижней части груди или верхней части живота, сводя лопатки вместе. Движение должно быть быстрым и контролируемым.",2025-01-15T10:00:00Z
496,pendlay-row,4,"В верхней точке сделайте паузу на 1 секунду, максимально сжимая мышцы спины. Держите корпус неподвижным, не раскачивайтесь.",2025-01-15T10:00:00Z
497,pendlay-row,5,"На вдохе медленно и контролируемо опустите штангу на пол, полностью выпрямляя руки. Штанга должна полностью остановиться на полу перед следующим повторением. Это ключевая особенность тяги Пендлея.",2025-01-15T10:00:00Z
498,ez-bar-bent-over-row,1,"Встаньте перед EZ-грифом, ноги на ширине плеч. Наклонитесь вперед, согнув колени и отведя таз назад, пока корпус не будет почти параллелен полу. Возьмите EZ-гриф хватом на ширине плеч, используя изогнутые части грифа для более естественного положения запястий.",2025-01-15T10:00:00Z
499,ez-bar-bent-over-row,2,"Напрягите мышцы пресса и ягодиц для стабилизации корпуса. Держите спину прямой, грудь расправленной, лопатки сведенными. Изогнутая форма грифа обеспечивает более комфортное положение для запястий и локтей. Это исходное положение.",2025-01-15T10:00:00Z
500,ez-bar-bent-over-row,3,"На выдохе мощно подтяните EZ-гриф к нижней части груди или верхней части живота, сводя лопатки вместе. Локти должны двигаться вдоль тела.",2025-01-15T10:00:00Z
501,ez-bar-bent-over-row,4,"В верхней точке сделайте паузу на 1 секунду, максимально сжимая мышцы спины. Держите корпус неподвижным, не раскачивайтесь.",2025-01-15T10:00:00Z
502,ez-bar-bent-over-row,5,"На вдохе медленно и контролируемо опустите EZ-гриф вниз, полностью выпрямляя руки, но не расслабляя мышцы спины. Вернитесь в исходное положение и повторите.",2025-01-15T10:00:00Z
503,swiss-bar-row,1,"Встаньте перед швейцарским грифом, ноги на ширине плеч. Наклонитесь вперед, согнув колени и отведя таз назад, пока корпус не будет почти параллелен полу. Возьмите швейцарский гриф нейтральным хватом (ладони направлены друг к другу), используя параллельные рукоятки.",2025-01-15T10:00:00Z
504,swiss-bar-row,2,"Напрягите мышцы пресса и ягодиц для стабилизации корпуса. Держите спину прямой, грудь расправленной, лопатки сведенными. Нейтральный хват обеспечивает более естественное положение плеч и снижает нагрузку на суставы. Это исходное положение.",2025-01-15T10:00:00Z
505,swiss-bar-row,3,"На выдохе мощно подтяните швейцарский гриф к нижней части груди или верхней части живота, сводя лопатки вместе. Локти должны быть прижаты к телу.",2025-01-15T10:00:00Z
506,swiss-bar-row,4,"В верхней точке сделайте паузу на 1 секунду, максимально сжимая мышцы спины. Держите корпус неподвижным, не раскачивайтесь.",2025-01-15T10:00:00Z
507,swiss-bar-row,5,"На вдохе медленно и контролируемо опустите швейцарский гриф вниз, полностью выпрямляя руки, но не расслабляя мышцы спины. Вернитесь в исходное положение и повторите.",2025-01-15T10:00:00Z
508,cable-seated-row,1,"Сядьте на тренажер, поставьте ноги на платформу и слегка согните колени. Плотно прижмите стопы к платформе для стабильности.",2025-01-15T10:00:00Z
509,cable-seated-row,2,"Возьмите рукоятку обеими руками прямым хватом (ладони направлены вниз), руки полностью выпрямлены. Это исходное положение.",2025-01-15T10:00:00Z
510,cable-seated-row,3,"Напрягите мышцы пресса и спины, слегка отклоните корпус назад, сохраняя прямую спину.",2025-01-15T10:00:00Z
511,cable-seated-row,4,"На вдохе мощно подтяните рукоятку к поясу, сводя лопатки вместе и сгибая локти.",2025-01-15T10:00:00Z
512,cable-seated-row,5,"В конечной точке сделайте паузу на 1 секунду, максимально сжимая мышцы спины.",2025-01-15T10:00:00Z
513,cable-seated-row,6,"На выдохе медленно и контролируемо верните рукоятку в исходное положение, полностью выпрямляя руки.",2025-01-15T10:00:00Z
514,cable-standing-row,1,"Встаньте перед тренажером, ноги на ширине плеч, колени слегка согнуты. Слегка наклоните корпус вперед, сохраняя прямую спину.",2025-01-15T10:00:00Z
515,cable-standing-row,2,"Возьмите рукоятку обеими руками прямым хватом (ладони направлены вниз), руки полностью выпрямлены. Это исходное положение.",2025-01-15T10:00:00Z
516,cable-standing-row,3,"Напрягите мышцы пресса и ягодиц для стабилизации корпуса, сохраняя нейтральное положение позвоночника.",2025-01-15T10:00:00Z
517,cable-standing-row,4,"На вдохе мощно подтяните рукоятку к поясу, сводя лопатки вместе и сгибая локти.",2025-01-15T10:00:00Z
518,cable-standing-row,5,"В конечной точке сделайте паузу на 1 секунду, максимально сжимая мышцы спины.",2025-01-15T10:00:00Z
519,cable-standing-row,6,"На выдохе медленно и контролируемо верните рукоятку в исходное положение, полностью выпрямляя руки.",2025-01-15T10:00:00Z
520,cable-one-arm-row,1,"Встаньте боком к тренажеру, ноги на ширине плеч, колени слегка согнуты. Слегка наклоните корпус вперед, сохраняя прямую спину.",2025-01-15T10:00:00Z
521,cable-one-arm-row,2,"Возьмите рукоятку одной рукой прямым хватом (ладонь направлена вниз), рука полностью выпрямлена. Свободную руку можно положить на бедро для стабильности.",2025-01-15T10:00:00Z
522,cable-one-arm-row,3,"Напрягите мышцы пресса и ягодиц для стабилизации корпуса, предотвращая ротацию позвоночника.",2025-01-15T10:00:00Z
523,cable-one-arm-row,4,"На вдохе мощно подтяните рукоятку к поясу, сводя лопатку к позвоночнику и сгибая локоть.",2025-01-15T10:00:00Z
524,cable-one-arm-row,5,"В конечной точке сделайте паузу на 1 секунду, максимально сжимая мышцы спины.",2025-01-15T10:00:00Z
525,cable-one-arm-row,6,"На выдохе медленно и контролируемо верните рукоятку в исходное положение, полностью выпрямляя руку.",2025-01-15T10:00:00Z
526,cable-wide-grip-row,1,"Сядьте на тренажер или встаньте перед ним, поставьте ноги на платформу (если сидя) или на ширине плеч (если стоя).",2025-01-15T10:00:00Z
527,cable-wide-grip-row,2,"Возьмите рукоятку широким хватом (шире плеч) прямым хватом (ладони направлены вниз), руки полностью выпрямлены. Это исходное положение.",2025-01-15T10:00:00Z
528,cable-wide-grip-row,3,"Напрягите мышцы пресса и спины, слегка отклоните корпус назад (если сидя) или сохраните прямой корпус (если стоя).",2025-01-15T10:00:00Z
529,cable-wide-grip-row,4,"На вдохе мощно подтяните рукоятку к верхней части груди, сводя лопатки вместе и сгибая локти под углом 90 градусов.",2025-01-15T10:00:00Z
530,cable-wide-grip-row,5,"В конечной точке сделайте паузу на 1 секунду, максимально сжимая мышцы верхней части спины.",2025-01-15T10:00:00Z
531,cable-wide-grip-row,6,"На выдохе медленно и контролируемо верните рукоятку в исходное положение, полностью выпрямляя руки.",2025-01-15T10:00:00Z
532,cable-close-grip-row,1,"Сядьте на тренажер или встаньте перед ним, поставьте ноги на платформу (если сидя) или на ширине плеч (если стоя).",2025-01-15T10:00:00Z
533,cable-close-grip-row,2,"Возьмите рукоятку узким хватом (уже плеч) прямым хватом (ладони направлены вниз), руки полностью выпрямлены. Это исходное положение.",2025-01-15T10:00:00Z
534,cable-close-grip-row,3,"Напрягите мышцы пресса и спины, слегка отклоните корпус назад (если сидя) или сохраните прямой корпус (если стоя).",2025-01-15T10:00:00Z
535,cable-close-grip-row,4,"На вдохе мощно подтяните рукоятку к поясу, сводя лопатки вместе и сгибая локти близко к корпусу.",2025-01-15T10:00:00Z
536,cable-close-grip-row,5,"В конечной точке сделайте паузу на 1 секунду, максимально сжимая мышцы спины и бицепсы.",2025-01-15T10:00:00Z
537,cable-close-grip-row,6,"На выдохе медленно и контролируемо верните рукоятку в исходное положение, полностью выпрямляя руки.",2025-01-15T10:00:00Z
539,cable-horizontal-row-underhand-grip,1,"Сядьте на тренажер или встаньте перед ним, поставьте ноги на платформу (если сидя) или на ширине плеч (если стоя).",2025-01-15T10:00:00Z
540,cable-horizontal-row-underhand-grip,2,"Возьмите рукоятку обратным хватом (ладони направлены вверх), руки на ширине плеч или уже, руки полностью выпрямлены. Это исходное положение.",2025-01-15T10:00:00Z
541,cable-horizontal-row-underhand-grip,3,"Напрягите мышцы пресса и спины, слегка отклоните корпус назад (если сидя) или сохраните прямой корпус (если стоя).",2025-01-15T10:00:00Z
542,cable-horizontal-row-underhand-grip,4,"На вдохе мощно подтяните рукоятку к поясу, сводя лопатки вместе и сгибая локти, максимально активируя бицепсы.",2025-01-15T10:00:00Z
543,cable-horizontal-row-underhand-grip,5,"В конечной точке сделайте паузу на 1 секунду, максимально сжимая мышцы спины и бицепсы.",2025-01-15T10:00:00Z
544,cable-horizontal-row-underhand-grip,6,"На выдохе медленно и контролируемо верните рукоятку в исходное положение, полностью выпрямляя руки.",2025-01-15T10:00:00Z
545,cable-horizontal-row-neutral-grip,1,"Сядьте на тренажер или встаньте перед ним, поставьте ноги на платформу (если сидя) или на ширине плеч (если стоя).",2025-01-15T10:00:00Z
546,cable-horizontal-row-neutral-grip,2,"Возьмите рукоятку нейтральным хватом (ладони направлены друг к другу), используя параллельные рукоятки или V-образную рукоятку, руки полностью выпрямлены. Это исходное положение.",2025-01-15T10:00:00Z
547,cable-horizontal-row-neutral-grip,3,"Напрягите мышцы пресса и спины, слегка отклоните корпус назад (если сидя) или сохраните прямой корпус (если стоя).",2025-01-15T10:00:00Z
548,cable-horizontal-row-neutral-grip,4,"На вдохе мощно подтяните рукоятку к поясу, сводя лопатки вместе и сгибая локти близко к корпусу.",2025-01-15T10:00:00Z
549,cable-horizontal-row-neutral-grip,5,"В конечной точке сделайте паузу на 1 секунду, максимально сжимая мышцы спины и бицепсы.",2025-01-15T10:00:00Z
550,cable-horizontal-row-neutral-grip,6,"На выдохе медленно и контролируемо верните рукоятку в исходное положение, полностью выпрямляя руки.",2025-01-15T10:00:00Z
551,cable-crossover-row-high,1,"Встаньте в центре кроссовера, ноги на ширине плеч, колени слегка согнуты. Возьмите рукоятки кабелей, закрепленных в верхней точке крепления.",2025-01-15T10:00:00Z
552,cable-crossover-row-high,2,"Слегка наклоните корпус вперед, сохраняя прямую спину. Руки выпрямлены и слегка разведены в стороны, ладони направлены вниз. Это исходное положение.",2025-01-15T10:00:00Z
553,cable-crossover-row-high,3,"Напрягите мышцы пресса и ягодиц для стабилизации корпуса. Держите грудь расправленной, лопатки сведенными.",2025-01-15T10:00:00Z
554,cable-crossover-row-high,4,"На вдохе мощно подтяните рукоятки к груди, сводя лопатки вместе и сгибая локти, двигая их вниз и внутрь.",2025-01-15T10:00:00Z
555,cable-crossover-row-high,5,"В конечной точке сделайте паузу на 1 секунду, максимально сжимая мышцы верхней части спины.",2025-01-15T10:00:00Z
556,cable-crossover-row-high,6,"На выдохе медленно и контролируемо верните рукоятки в исходное положение, полностью выпрямляя руки и возвращая их вверх.",2025-01-15T10:00:00Z
557,cable-crossover-row-low,1,"Встаньте в центре кроссовера, ноги на ширине плеч, колени слегка согнуты. Возьмите рукоятки кабелей, закрепленных в нижней точке крепления.",2025-01-15T10:00:00Z
558,cable-crossover-row-low,2,"Слегка наклоните корпус вперед, сохраняя прямую спину. Руки выпрямлены и направлены вниз, ладони направлены друг к другу или вперед. Это исходное положение.",2025-01-15T10:00:00Z
559,cable-crossover-row-low,3,"Напрягите мышцы пресса и ягодиц для стабилизации корпуса. Держите грудь расправленной, лопатки сведенными.",2025-01-15T10:00:00Z
560,cable-crossover-row-low,4,"На вдохе мощно подтяните рукоятки к поясу, сводя лопатки вместе и сгибая локти, двигая их вверх и внутрь.",2025-01-15T10:00:00Z
561,cable-crossover-row-low,5,"В конечной точке сделайте паузу на 1 секунду, максимально сжимая мышцы спины и бицепсы.",2025-01-15T10:00:00Z
562,cable-crossover-row-low,6,"На выдохе медленно и контролируемо верните рукоятки в исходное положение, полностью выпрямляя руки и возвращая их вниз.",2025-01-15T10:00:00Z
563,cable-horizontal-row-kneeling,1,"Встаньте на колени перед тренажером, расположив колени на мягком коврике или подушке. Ноги могут быть скрещены или разведены для стабильности.",2025-01-15T10:00:00Z
564,cable-horizontal-row-kneeling,2,"Возьмите рукоятку прямым хватом (ладонь направлена вниз), руки полностью выпрямлены. Слегка отклоните корпус назад, сохраняя прямую спину. Это исходное положение.",2025-01-15T10:00:00Z
565,cable-horizontal-row-kneeling,3,"Напрягите мышцы пресса, ягодиц и спины для стабилизации корпуса. Держите грудь расправленной, лопатки сведенными.",2025-01-15T10:00:00Z
566,cable-horizontal-row-kneeling,4,"На вдохе мощно подтяните рукоятку к поясу, сводя лопатки вместе и сгибая локти близко к корпусу.",2025-01-15T10:00:00Z
567,cable-horizontal-row-kneeling,5,"В конечной точке сделайте паузу на 1 секунду, максимально сжимая мышцы спины и бицепсы.",2025-01-15T10:00:00Z
568,cable-horizontal-row-kneeling,6,"На выдохе медленно и контролируемо верните рукоятку в исходное положение, полностью выпрямляя руки.",2025-01-15T10:00:00Z
569,hammer-strength-row,1,"Сядьте на сиденье тренажера, плотно прижав грудь к подушке. Стопы должны быть устойчиво поставлены на платформу для ног.",2025-11-08T20:00:00Z
570,hammer-strength-row,2,"Возьмите рукоятки тренажера хватом на ширине плеч или чуть шире. Руки полностью выпрямлены, лопатки слегка разведены. Это исходное положение.",2025-11-08T20:00:00Z
571,hammer-strength-row,3,"Напрягите мышцы пресса и спины для стабилизации корпуса. Держите грудь расправленной, сохраняя естественный прогиб в пояснице.",2025-11-08T20:00:00Z
572,hammer-strength-row,4,"На вдохе мощно подтяните рукоятки к поясу, сводя лопатки вместе и сгибая локти близко к корпусу. Движение должно быть синхронным для обеих рук.",2025-11-08T20:00:00Z
573,hammer-strength-row,5,"В конечной точке сделайте паузу на 1 секунду, максимально сжимая мышцы спины и бицепсы. Рукоятки должны быть на уровне пояса или чуть выше.",2025-11-08T20:00:00Z
574,hammer-strength-row,6,"На выдохе медленно и контролируемо верните рукоятки в исходное положение, полностью выпрямляя руки и возвращая лопатки в исходное положение.",2025-11-08T20:00:00Z
575,t-bar-row-machine,1,"Сядьте на сиденье тренажера, плотно прижав грудь к подушке. Стопы должны быть устойчиво поставлены на платформу для ног.",2025-11-08T20:00:00Z
576,t-bar-row-machine,2,"Возьмите рукоятку Т-образного тренажера двумя руками хватом на ширине плеч или чуть шире. Руки полностью выпрямлены, лопатки слегка разведены. Это исходное положение.",2025-11-08T20:00:00Z
577,t-bar-row-machine,3,"Напрягите мышцы пресса и спины для стабилизации корпуса. Держите грудь расправленной, сохраняя естественный прогиб в пояснице.",2025-11-08T20:00:00Z
578,t-bar-row-machine,4,"На вдохе мощно подтяните рукоятку к поясу, сводя лопатки вместе и сгибая локти близко к корпусу.",2025-11-08T20:00:00Z
579,t-bar-row-machine,5,"В конечной точке сделайте паузу на 1 секунду, максимально сжимая мышцы спины и бицепсы. Рукоятка должна быть на уровне пояса или чуть выше.",2025-11-08T20:00:00Z
580,t-bar-row-machine,6,"На выдохе медленно и контролируемо верните рукоятку в исходное положение, полностью выпрямляя руки и возвращая лопатки в исходное положение.",2025-11-08T20:00:00Z
581,trx-row,1,"Подойдите к TRX петлям и возьмитесь за рукоятки хватом на ширине плеч, ладони направлены друг к другу. Отойдите назад, наклоняя корпус назад, пока руки не будут полностью выпрямлены. Стопы должны быть устойчиво поставлены на пол.",2025-11-30T19:52:21Z
582,trx-row,2,"Напрягите мышцы пресса и ягодиц, чтобы тело было прямым от головы до пяток. Активно контролируйте стабильность TRX петель, не допуская их раскачивания. Сделайте глубокий вдох и подготовьтесь к подтягиванию.",2025-11-30T19:52:21Z
583,trx-row,3,"На мощном выдохе подтяните тело к рукояткам TRX, активно вовлекая широчайшие мышцы, ромбовидные, средние дельты и бицепсы. Контролируйте петли на протяжении всего движения, держите локти направленными назад.",2025-11-30T19:52:21Z
584,trx-row,4,"Подтягивайтесь до тех пор, пока грудь не окажется на уровне рукояток или руки не согнутся в локтях под углом 90 градусов. В верхней точке сведите лопатки вместе и напрягите мышцы спины.",2025-11-30T19:52:21Z
585,trx-row,5,"На вдохе медленно и контролируемо верните тело в исходное положение, полностью выпрямляя руки. Продолжайте контролировать TRX петли на протяжении всей амплитуды движения, не допуская потери контроля.",2025-11-30T19:52:21Z
586,trx-row-wide-grip,1,"Подойдите к TRX петлям и возьмитесь за рукоятки широким хватом (руки значительно шире плеч), ладони направлены друг к другу. Отойдите назад, наклоняя корпус назад, пока руки не будут полностью выпрямлены. Стопы должны быть устойчиво поставлены на пол.",2025-11-30T19:52:21Z
587,trx-row-wide-grip,2,"Напрягите мышцы пресса и ягодиц, чтобы тело было прямым от головы до пяток. Активно контролируйте стабильность TRX петель, не допуская их раскачивания. Широкий хват требует хорошей гибкости плеч. Сделайте глубокий вдох и подготовьтесь к подтягиванию.",2025-11-30T19:52:21Z
588,trx-row-wide-grip,3,"На мощном выдохе подтяните тело к рукояткам TRX, активно вовлекая внешнюю часть широчайших мышц, ромбовидные, средние дельты. Контролируйте петли на протяжении всего движения, держите локти направленными назад и широко.",2025-11-30T19:52:21Z
589,trx-row-wide-grip,4,"Подтягивайтесь до тех пор, пока грудь не окажется на уровне рукояток или руки не согнутся в локтях. В верхней точке сведите лопатки вместе и напрягите мышцы спины, фокусируясь на внешней части широчайших.",2025-11-30T19:52:21Z
590,trx-row-wide-grip,5,"На вдохе медленно и контролируемо верните тело в исходное положение, полностью выпрямляя руки. Продолжайте контролировать TRX петли на протяжении всей амплитуды движения, не допуская потери контроля или чрезмерного растяжения плечевых суставов.",2025-11-30T19:52:21Z
591,trx-row-close-grip,1,"Подойдите к TRX петлям и возьмитесь за рукоятки узким хватом (руки уже плеч), ладони направлены друг к другу. Отойдите назад, наклоняя корпус назад, пока руки не будут полностью выпрямлены. Стопы должны быть устойчиво поставлены на пол.",2025-11-30T19:52:21Z
592,trx-row-close-grip,2,"Напрягите мышцы пресса и ягодиц, чтобы тело было прямым от головы до пяток. Активно контролируйте стабильность TRX петель, не допуская их раскачивания. Узкий хват создает больший акцент на бицепсы. Сделайте глубокий вдох и подготовьтесь к подтягиванию.",2025-11-30T19:52:21Z
593,trx-row-close-grip,3,"На мощном выдохе подтяните тело к рукояткам TRX, активно вовлекая центральную часть широчайших мышц, ромбовидные, бицепсы и брахиалис. Контролируйте петли на протяжении всего движения, держите локти близко к корпусу.",2025-11-30T19:52:21Z
594,trx-row-close-grip,4,"Подтягивайтесь до тех пор, пока грудь не окажется на уровне рукояток или руки не согнутся в локтях. В верхней точке сведите лопатки вместе и напрягите мышцы спины и бицепсы, фокусируясь на центральной части широчайших.",2025-11-30T19:52:21Z
595,trx-row-close-grip,5,"На вдохе медленно и контролируемо верните тело в исходное положение, полностью выпрямляя руки. Продолжайте контролировать TRX петли на протяжении всей амплитуды движения, не допуская потери контроля.",2025-11-30T19:52:21Z
596,trx-row-archer,1,"Подойдите к TRX петлям и возьмитесь за рукоятки хватом на ширине плеч, ладони направлены друг к другу. Отойдите назад, наклоняя корпус назад, пока руки не будут полностью выпрямлены. Стопы должны быть устойчиво поставлены на пол.",2025-11-30T19:52:21Z
597,trx-row-archer,2,"Напрягите мышцы пресса и ягодиц максимально сильно, чтобы тело было прямым от головы до пяток и предотвратить ротацию. Активно контролируйте стабильность TRX петель. Сделайте глубокий вдох и подготовьтесь к одностороннему подтягиванию.",2025-11-30T19:52:21Z
598,trx-row-archer,3,"На мощном выдохе начните подтягивать тело к рукояткам TRX, смещая вес на одну рабочую руку (например, правую). Левая рука постепенно выпрямляется, а правая активно подтягивает тело. Контролируйте петли и предотвращайте ротацию корпуса.",2025-11-30T19:52:21Z
599,trx-row-archer,4,"Подтягивайтесь до тех пор, пока рабочая рука не согнется в локте под углом 90 градусов или грудь не окажется близко к рукоятке рабочей руки. В верхней точке сведите лопатку рабочей стороны вместе и максимально напрягите мышцы спины и кор.",2025-11-30T19:52:21Z
600,trx-row-archer,5,"На вдохе медленно и контролируемо верните тело в исходное положение, возвращая вес на обе руки и полностью выпрямляя их. Продолжайте контролировать TRX петли и предотвращать ротацию на протяжении всей амплитуды движения. Повторите для другой стороны.",2025-11-30T19:52:21Z
