exercise_id,force,breathing_eccentric,breathing_concentric,breathing_description,programming,muscle_details,created_at,updated_at
dumbbell-bench-press-flat,push,Вдох,Выдох,"Вдох при опускании гантелей к груди, выдох при жиме вверх. Дышите глубоко и контролируемо, не задерживайте дыхание.","{""sets"":{""min"":3,""max"":5},""reps"":{""min"":6,""max"":12},""rest"":{""min"":120,""max"":180},""tempo"":""3-1-1-0"",""intensity"":{""min"":70,""max"":85}}","{""primary_muscles"":[""pectoralis-major"",""anterior-deltoid"",""triceps-brachii""],""secondary_muscles"":[""serratus-anterior"",""core-muscles""],""stabilizers"":[""rhomboids"",""trapezius""]}",2024-01-15T10:00:00Z,2024-01-15T10:00:00Z
barbell-bench-press,push,Вдох,Выдох,"Вдох при опускании штанги к груди, выдох при жиме вверх. Дышите глубоко и контролируемо, используйте технику Вальсальвы при максимальных весах.","{""sets"":{""min"":3,""max"":6},""reps"":{""min"":3,""max"":10},""rest"":{""min"":180,""max"":300},""tempo"":""3-1-1-0"",""intensity"":{""min"":80,""max"":95}}","{""primary_muscles"":[""pectoralis-major"",""anterior-deltoid"",""triceps-brachii""],""secondary_muscles"":[""serratus-anterior"",""core-muscles""],""stabilizers"":[""rhomboids"",""trapezius"",""latissimus-dorsi""]}",2024-01-15T10:00:00Z,2024-01-15T10:00:00Z
push-ups,push,Вдох,Выдох,"Вдох при опускании тела вниз, выдох при подъеме вверх. Дышите ритмично и контролируемо, не задерживайте дыхание.","{""sets"":{""min"":2,""max"":5},""reps"":{""min"":8,""max"":25},""rest"":{""min"":60,""max"":120},""tempo"":""2-1-1-0"",""intensity"":{""min"":60,""max"":80}}","{""primary_muscles"":[""pectoralis-major"",""anterior-deltoid"",""triceps-brachii""],""secondary_muscles"":[""serratus-anterior"",""core-muscles""],""stabilizers"":[""rhomboids"",""trapezius"",""erector-spinae""]}",2024-01-15T10:00:00Z,2024-01-15T10:00:00Z
incline-dumbbell-press,push,Вдох,Выдох,"Вдох при опускании гантелей к груди, выдох при жиме вверх. Дышите глубоко и контролируемо, не задерживайте дыхание.","{""sets"":{""min"":3,""max"":5},""reps"":{""min"":6,""max"":12},""rest"":{""min"":120,""max"":180},""tempo"":""3-1-1-0"",""intensity"":{""min"":70,""max"":85}}","{""primary_muscles"":[""upper-pectoralis"",""anterior-deltoid"",""triceps-brachii""],""secondary_muscles"":[""serratus-anterior"",""core-muscles""],""stabilizers"":[""rhomboids"",""trapezius""]}",2024-01-15T10:00:00Z,2024-01-15T10:00:00Z
dips-chest-focus,push,Вдох,Выдох,"Вдох при опускании тела вниз, выдох при подъеме вверх. Дышите глубоко и контролируемо, не задерживайте дыхание в нижней точке.","{""sets"":{""min"":3,""max"":5},""reps"":{""min"":6,""max"":15},""rest"":{""min"":120,""max"":180},""tempo"":""3-1-1-0"",""intensity"":{""min"":70,""max"":85}}","{""primary_muscles"":[""pectoralis-major"",""anterior-deltoid"",""triceps-brachii""],""secondary_muscles"":[""serratus-anterior"",""core-muscles""],""stabilizers"":[""rhomboids"",""trapezius"",""latissimus-dorsi""]}",2024-01-15T10:00:00Z,2024-01-15T10:00:00Z
machine-chest-press-plate-loaded,push,Вдох,Выдох,"Вдох при опускании рукояток к груди, выдох при жиме вперед. Дышите глубоко и контролируемо, не задерживайте дыхание.","{""sets"":{""min"":3,""max"":5},""reps"":{""min"":8,""max"":15},""rest"":{""min"":90,""max"":150},""tempo"":""2-1-1-0"",""intensity"":{""min"":65,""max"":80}}","{""primary_muscles"":[""pectoralis-major"",""anterior-deltoid"",""triceps-brachii""],""secondary_muscles"":[""serratus-anterior"",""core-muscles""],""stabilizers"":[""rhomboids"",""trapezius""]}",2024-01-15T10:00:00Z,2024-01-15T10:00:00Z
smith-machine-bench-press,push,Вдох,Выдох,"Вдох при опускании штанги к груди, выдох при жиме вверх. Дышите глубоко и контролируемо, не задерживайте дыхание.","{""sets"":{""min"":3,""max"":5},""reps"":{""min"":6,""max"":12},""rest"":{""min"":120,""max"":180},""tempo"":""3-1-1-0"",""intensity"":{""min"":70,""max"":85}}","{""primary_muscles"":[""pectoralis-major"",""anterior-deltoid"",""triceps-brachii""],""secondary_muscles"":[""serratus-anterior"",""core-muscles""],""stabilizers"":[""rhomboids"",""trapezius""]}",2024-01-15T10:00:00Z,2024-01-15T10:00:00Z
decline-dumbbell-press,push,Вдох,Выдох,"Вдох при опускании гантелей к нижней части груди, выдох при жиме вверх. Дышите глубоко и контролируемо, не задерживайте дыхание.","{""sets"":{""min"":3,""max"":5},""reps"":{""min"":6,""max"":12},""rest"":{""min"":120,""max"":180},""tempo"":""3-1-1-0"",""intensity"":{""min"":70,""max"":85}}","{""primary_muscles"":[""lower-pectoralis"",""anterior-deltoid"",""triceps-brachii""],""secondary_muscles"":[""serratus-anterior"",""core-muscles""],""stabilizers"":[""rhomboids"",""trapezius""]}",2024-01-15T10:00:00Z,2024-01-15T10:00:00Z
push-ups-on-handles,push,Вдох,Выдох,"Вдох при опускании тела вниз, выдох при подъеме вверх. Дышите ритмично и контролируемо, не задерживайте дыхание.","{""sets"":{""min"":2,""max"":5},""reps"":{""min"":8,""max"":20},""rest"":{""min"":60,""max"":120},""tempo"":""2-1-1-0"",""intensity"":{""min"":60,""max"":80}}","{""primary_muscles"":[""pectoralis-major"",""anterior-deltoid"",""triceps-brachii""],""secondary_muscles"":[""serratus-anterior"",""core-muscles""],""stabilizers"":[""rhomboids"",""trapezius"",""erector-spinae""]}",2024-01-15T10:00:00Z,2024-01-15T10:00:00Z
dumbbell-fly-flat-bench,push,Вдох,Выдох,"Вдох при разведении гантелей в стороны, выдох при сведении к центру. Дышите глубоко и контролируемо, не задерживайте дыхание в растянутой позиции.","{""sets"":{""min"":3,""max"":4},""reps"":{""min"":10,""max"":15},""rest"":{""min"":90,""max"":120},""tempo"":""3-1-2-0"",""intensity"":{""min"":60,""max"":75}}","{""primary_muscles"":[""pectoralis-major""],""secondary_muscles"":[""anterior-deltoid"",""serratus-anterior""],""stabilizers"":[""biceps-brachii"",""core-muscles""]}",2024-01-15T10:00:00Z,2024-01-15T10:00:00Z
dumbbell-fly-floor,push,Вдох,Выдох,"Вдох при разведении гантелей в стороны, выдох при сведении к центру. Ограниченная амплитуда позволяет лучше контролировать дыхание.","{""sets"":{""min"":3,""max"":4},""reps"":{""min"":12,""max"":18},""rest"":{""min"":75,""max"":100},""tempo"":""2-1-2-0"",""intensity"":{""min"":55,""max"":70}}","{""primary_muscles"":[""pectoralis-major""],""secondary_muscles"":[""anterior-deltoid"",""serratus-anterior""],""stabilizers"":[""biceps-brachii"",""core-muscles""]}",2024-01-15T10:00:00Z,2024-01-15T10:00:00Z
"dumbbell-fly-incline-bench ",push,Вдох,Выдох,"Вдох при разведении гантелей в стороны, выдох при сведении к центру. Наклонное положение требует более контролируемого дыхания.","{""sets"":{""min"":3,""max"":4},""reps"":{""min"":10,""max"":15},""rest"":{""min"":90,""max"":120},""tempo"":""3-1-2-0"",""intensity"":{""min"":65,""max"":80}}","{""primary_muscles"":[""upper-pectoralis""],""secondary_muscles"":[""anterior-deltoid"",""serratus-anterior""],""stabilizers"":[""biceps-brachii"",""core-muscles""]}",2024-01-15T10:00:00Z,2024-01-15T10:00:00Z
cable-fly-flat,push,Вдох,Выдох,"Вдох при разведении рук в стороны, выдох при сведении к центру. Постоянное натяжение кабелей требует контролируемого дыхания.","{""sets"":{""min"":3,""max"":4},""reps"":{""min"":10,""max"":15},""rest"":{""min"":90,""max"":120},""tempo"":""3-1-2-0"",""intensity"":{""min"":70,""max"":85}}","{""primary_muscles"":[""pectoralis-major""],""secondary_muscles"":[""anterior-deltoid"",""serratus-anterior""],""stabilizers"":[""biceps-brachii"",""core-muscles""]}",2024-01-15T10:00:00Z,2024-01-15T10:00:00Z
cable-fly-standing,push,Вдох,Выдох,"Вдох при разведении рук в стороны, выдох при сведении к центру. Стоячее положение требует более контролируемого дыхания и стабилизации.","{""sets"":{""min"":3,""max"":4},""reps"":{""min"":10,""max"":15},""rest"":{""min"":90,""max"":120},""tempo"":""3-1-2-0"",""intensity"":{""min"":65,""max"":80}}","{""primary_muscles"":[""pectoralis-major""],""secondary_muscles"":[""anterior-deltoid"",""serratus-anterior""],""stabilizers"":[""biceps-brachii"",""core-muscles"",""erector-spinae"",""glutes""]}",2024-01-15T10:00:00Z,2024-01-15T10:00:00Z
pec-deck-fly,push,Вдох,Выдох,"Вдох при разведении рук в стороны, выдох при сведении к центру. Фиксированная траектория позволяет лучше контролировать дыхание.","{""sets"":{""min"":3,""max"":4},""reps"":{""min"":12,""max"":18},""rest"":{""min"":75,""max"":100},""tempo"":""2-1-2-0"",""intensity"":{""min"":60,""max"":75}}","{""primary_muscles"":[""pectoralis-major""],""secondary_muscles"":[""anterior-deltoid"",""serratus-anterior""],""stabilizers"":[""biceps-brachii"",""core-muscles""]}",2024-01-15T10:00:00Z,2024-01-15T10:00:00Z
cable-crossover-low-to-high,push,Вдох,Выдох,"Вдох при разведении рук в стороны, выдох при сведении к центру. Стоячее положение с кабелями снизу требует контролируемого дыхания и стабилизации.","{""sets"":{""min"":3,""max"":4},""reps"":{""min"":10,""max"":15},""rest"":{""min"":90,""max"":120},""tempo"":""3-1-2-0"",""intensity"":{""min"":65,""max"":80}}","{""primary_muscles"":[""upper-pectoralis""],""secondary_muscles"":[""anterior-deltoid"",""serratus-anterior""],""stabilizers"":[""biceps-brachii"",""core-muscles"",""erector-spinae"",""glutes""]}",2024-01-15T10:00:00Z,2024-01-15T10:00:00Z
dumbbell-pullover,pull,Вдох,Выдох,"Вдох при опускании гантели за голову, выдох при подъеме к груди. Глубокое дыхание помогает расширению грудной клетки и растяжению мышц.","{""sets"":{""min"":3,""max"":4},""reps"":{""min"":12,""max"":18},""rest"":{""min"":90,""max"":120},""tempo"":""3-1-2-0"",""intensity"":{""min"":60,""max"":75}}","{""primary_muscles"":[""pectoralis-major"",""latissimus-dorsi""],""secondary_muscles"":[""anterior-deltoid"",""serratus-anterior""],""stabilizers"":[""triceps-brachii"",""core-muscles""]}",2024-01-15T10:00:00Z,2024-01-15T10:00:00Z
resistance-band-fly,push,Вдох,Выдох,"Вдох при разведении рук в стороны, выдох при сведении к центру. Постоянное натяжение лент требует контролируемого дыхания и стабилизации.","{""sets"":{""min"":3,""max"":4},""reps"":{""min"":15,""max"":25},""rest"":{""min"":60,""max"":90},""tempo"":""2-1-2-0"",""intensity"":{""min"":50,""max"":70}}","{""primary_muscles"":[""pectoralis-major""],""secondary_muscles"":[""anterior-deltoid"",""serratus-anterior""],""stabilizers"":[""biceps-brachii"",""core-muscles""]}",2024-01-15T10:00:00Z,2024-01-15T10:00:00Z
incline-barbell-bench-press,push,Вдох,Выдох,"Вдох при опускании штанги к верхней части груди, выдох при жиме вверх. Дышите глубоко и контролируемо, используйте технику Вальсальвы при максимальных весах. Наклонное положение требует более контролируемого дыхания для поддержания стабильности корпуса.","{""sets"":{""min"":3,""max"":5},""reps"":{""min"":6,""max"":10},""rest"":{""min"":150,""max"":240},""tempo"":""3-1-1-0"",""intensity"":{""min"":75,""max"":90}}","{""primary_muscles"":[""upper-pectorals"",""anterior-deltoid"",""triceps-brachii""],""secondary_muscles"":[""serratus-anterior"",""core-muscles""],""stabilizers"":[""rhomboids"",""trapezius"",""latissimus-dorsi""]}",2024-01-15T10:00:00Z,2024-01-15T10:00:00Z
decline-barbell-bench-press,push,Вдох,Выдох,"Вдох при опускании штанги к нижней части груди, выдох при жиме вверх. Дышите глубоко и контролируемо, используйте технику Вальсальвы при максимальных весах. Положение головой вниз требует особого контроля дыхания для предотвращения головокружения и повышения давления.","{""sets"":{""min"":3,""max"":5},""reps"":{""min"":6,""max"":10},""rest"":{""min"":150,""max"":240},""tempo"":""3-1-1-0"",""intensity"":{""min"":75,""max"":90}}","{""primary_muscles"":[""lower-pectoralis"",""anterior-deltoid"",""triceps-brachii""],""secondary_muscles"":[""serratus-anterior"",""core-muscles""],""stabilizers"":[""rhomboids"",""trapezius"",""latissimus-dorsi""]}",2024-01-15T10:00:00Z,2024-01-15T10:00:00Z
close-grip-push-ups,push,Вдох,Выдох,"Вдох при медленном опускании тела вниз, мощный выдох при отталкивании от пола. Дышите ритмично и контролируемо, не задерживайте дыхание. Узкий хват требует больше усилий от трицепсов, поэтому контролируемое дыхание помогает поддерживать правильную технику.","{""sets"":{""min"":3,""max"":5},""reps"":{""min"":8,""max"":20},""rest"":{""min"":90,""max"":150},""tempo"":""2-1-1-0"",""intensity"":{""min"":70,""max"":85}}","{""primary_muscles"":[""triceps-brachii"",""pectoralis-major"",""anterior-deltoid""],""secondary_muscles"":[""serratus-anterior"",""core-muscles""],""stabilizers"":[""rhomboids"",""trapezius"",""erector-spinae""]}",2024-01-15T10:00:00Z,2024-01-15T10:00:00Z
wide-grip-push-ups,push,Вдох,Выдох,"Вдох при медленном опускании тела вниз, мощный выдох при отталкивании от пола. Дышите ритмично и контролируемо, не задерживайте дыхание. Широкая постановка рук акцентирует нагрузку на грудные мышцы, но требует хорошей гибкости плеч, поэтому контролируемое дыхание помогает поддерживать правильную технику и избегать чрезмерного растяжения.","{""sets"":{""min"":3,""max"":5},""reps"":{""min"":10,""max"":25},""rest"":{""min"":60,""max"":120},""tempo"":""2-1-1-0"",""intensity"":{""min"":55,""max"":75}}","{""primary_muscles"":[""pectoralis-major"",""anterior-deltoid"",""triceps-brachii""],""secondary_muscles"":[""serratus-anterior"",""core-muscles""],""stabilizers"":[""rhomboids"",""trapezius"",""erector-spinae""]}",2024-01-15T10:00:00Z,2024-01-15T10:00:00Z
decline-push-ups,push,Вдох,Выдох,"Вдох при медленном опускании тела вниз, мощный выдох при отталкивании от пола. Дышите ритмично и контролируемо, не задерживайте дыхание. Наклонное положение с ногами на возвышении увеличивает нагрузку на верхнюю часть груди и плечи, поэтому контролируемое дыхание критически важно для поддержания стабильности корпуса и правильной техники.","{""sets"":{""min"":3,""max"":5},""reps"":{""min"":8,""max"":15},""rest"":{""min"":60,""max"":120},""tempo"":""2-1-1-0"",""intensity"":{""min"":70,""max"":85}}","{""primary_muscles"":[""pectoralis-major"",""anterior-deltoid"",""triceps-brachii""],""secondary_muscles"":[""serratus-anterior"",""core-muscles"",""upper-pectorals""],""stabilizers"":[""rhomboids"",""trapezius"",""erector-spinae""]}",2024-01-15T10:00:00Z,2024-01-15T10:00:00Z
incline-push-ups,push,Вдох,Выдох,"Вдох при медленном опускании тела вниз, выдох при подъеме вверх. Дышите ритмично и контролируемо, не задерживайте дыхание. Упрощенная версия отжиманий требует меньше усилий благодаря углу наклона, поэтому дыхание должно быть комфортным и естественным, что позволяет начинающим лучше контролировать технику.","{""sets"":{""min"":2,""max"":4},""reps"":{""min"":10,""max"":20},""rest"":{""min"":60,""max"":90},""tempo"":""2-1-1-0"",""intensity"":{""min"":50,""max"":65}}","{""primary_muscles"":[""pectoralis-major"",""anterior-deltoid"",""triceps-brachii""],""secondary_muscles"":[""serratus-anterior"",""core-muscles""],""stabilizers"":[""rhomboids"",""trapezius"",""erector-spinae""]}",2024-01-15T10:00:00Z,2024-01-15T10:00:00Z
plyometric-push-ups,push,Вдох,Выдох,"Глубокий вдох при опускании тела вниз, резкий мощный выдох при взрывном отталкивании и отрыве рук от пола. В плиометрических упражнениях дыхание играет критическую роль для генерации максимальной мощности. Выдох должен быть быстрым и резким во время взрывной фазы, что помогает стабилизировать корпус и создать дополнительную силу. Не задерживайте дыхание между повторениями - используйте короткие вдохи между каждым взрывным движением.","{""sets"":{""min"":3,""max"":5},""reps"":{""min"":5,""max"":10},""rest"":{""min"":120,""max"":180},""tempo"":""2-0-0-0"",""intensity"":{""min"":70,""max"":85}}","{""primary_muscles"":[""pectoralis-major"",""anterior-deltoid"",""triceps-brachii""],""secondary_muscles"":[""serratus-anterior"",""core-muscles"",""trapezius"",""erector-spinae""],""stabilizers"":[""rhomboids"",""quadriceps"",""gluteus-maximus""]}",2024-01-15T10:00:00Z,2024-01-15T10:00:00Z
ring-push-ups,push,Вдох,Выдох,"Глубокий вдох при медленном и контролируемом опускании тела вниз, мощный выдох при отталкивании от колец и возвращении в исходное положение. Контролируемое дыхание критически важно для поддержания стабильности колец и правильной техники. Нестабильность колец требует более осознанного контроля дыхания по сравнению с обычными отжиманиями. Выдох при подъеме помогает стабилизировать корпус и создать дополнительную силу для контроля колец.","{""sets"":{""min"":3,""max"":4},""reps"":{""min"":5,""max"":12},""rest"":{""min"":120,""max"":180},""tempo"":""3-1-1-0"",""intensity"":{""min"":75,""max"":90}}","{""primary_muscles"":[""pectoralis-major"",""anterior-deltoid"",""triceps-brachii""],""secondary_muscles"":[""serratus-anterior"",""core-muscles""],""stabilizers"":[""rhomboids"",""erector-spinae"",""trapezius""]}",2024-01-15T10:00:00Z,2024-01-15T10:00:00Z
dumbbell-press-neutral-grip,push,Вдох,Выдох,"Вдох при медленном опускании гантелей к груди, мощный выдох при жиме вверх. Дышите глубоко и контролируемо, не задерживайте дыхание. Нейтральный хват обеспечивает более естественное положение плеч, поэтому контролируемое дыхание помогает поддерживать правильную технику и стабильность корпуса.","{""sets"":{""min"":3,""max"":5},""reps"":{""min"":8,""max"":12},""rest"":{""min"":120,""max"":180},""tempo"":""3-1-1-0"",""intensity"":{""min"":70,""max"":85}}","{""primary_muscles"":[""triceps-brachii"",""pectoralis-major"",""anterior-deltoid""],""secondary_muscles"":[""serratus-anterior"",""core-muscles""],""stabilizers"":[""rhomboids"",""trapezius"",""brachialis""]}",2024-01-15T10:00:00Z,2024-01-15T10:00:00Z
smith-machine-incline-bench-press,push,Вдох,Выдох,"Вдох при опускании штанги к верхней части груди, выдох при жиме вверх. Дышите глубоко и контролируемо, не задерживайте дыхание. Наклонное положение требует более контролируемого дыхания для поддержания стабильности корпуса.","{""sets"":{""min"":3,""max"":5},""reps"":{""min"":6,""max"":12},""rest"":{""min"":120,""max"":180},""tempo"":""3-1-1-0"",""intensity"":{""min"":70,""max"":85}}","{""primary_muscles"":[""upper-pectorals"",""anterior-deltoid"",""triceps-brachii""],""secondary_muscles"":[""serratus-anterior"",""core-muscles""],""stabilizers"":[""rhomboids"",""trapezius"",""latissimus-dorsi""]}",2024-01-15T10:00:00Z,2024-01-15T10:00:00Z
smith-machine-decline-bench-press,push,Вдох,Выдох,"Вдох при опускании штанги к нижней части груди, выдох при жиме вверх. Дышите глубоко и контролируемо, не задерживайте дыхание. Положение головой вниз требует особого контроля дыхания для предотвращения головокружения и повышения давления. Фиксированная траектория машины Смита обеспечивает безопасность без страховщика.","{""sets"":{""min"":3,""max"":5},""reps"":{""min"":6,""max"":12},""rest"":{""min"":120,""max"":180},""tempo"":""3-1-1-0"",""intensity"":{""min"":70,""max"":85}}","{""primary_muscles"":[""lower-pectorals"",""anterior-deltoid"",""triceps-brachii""],""secondary_muscles"":[""serratus-anterior"",""core-muscles""],""stabilizers"":[""rhomboids"",""trapezius"",""latissimus-dorsi""]}",2024-01-15T10:00:00Z,2024-01-15T10:00:00Z
cable-crossover-high-to-low,push,Вдох,Выдох,"Вдох при разведении рук в стороны и вверх, выдох при сведении рук вниз и внутрь к центру. Стоячее положение с кабелями сверху требует контролируемого дыхания и стабилизации корпуса. Контролируемое дыхание критически важно для поддержания стабильности и правильной техники выполнения упражнения.","{""sets"":{""min"":3,""max"":4},""reps"":{""min"":10,""max"":15},""rest"":{""min"":90,""max"":120},""tempo"":""3-1-2-0"",""intensity"":{""min"":65,""max"":80}}","{""primary_muscles"":[""lower-pectorals"",""anterior-deltoid"",""triceps-brachii""],""secondary_muscles"":[""serratus-anterior"",""core-muscles""],""stabilizers"":[""biceps-brachii"",""erector-spinae"",""glutes""]}",2024-01-15T10:00:00Z,2024-01-15T10:00:00Z
one-arm-push-up,push,Вдох,Выдох,"Глубокий вдох при медленном контролируемом опускании тела вниз, мощный выдох при отталкивании от пола и подъеме вверх. Контролируемое дыхание критически важно для поддержания стабильности корпуса и предотвращения ротации. Односторонняя работа требует максимального напряжения кора, поэтому правильное дыхание помогает создавать внутрибрюшное давление для стабилизации позвоночника. Не задерживайте дыхание - это может привести к потере контроля и травме.","{""sets"":{""min"":3,""max"":5},""reps"":{""min"":3,""max"":8},""rest"":{""min"":120,""max"":180},""tempo"":""3-1-1-0"",""intensity"":{""min"":80,""max"":95}}","{""primary_muscles"":[""pectoralis-major"",""anterior-deltoid"",""triceps-brachii""],""secondary_muscles"":[""serratus-anterior"",""core-muscles"",""obliques""],""stabilizers"":[""erector-spinae"",""gluteus-maximus"",""transverse-abdominis"",""obliques""]}",2024-01-15T10:00:00Z,2024-01-15T10:00:00Z
hammer-chest-press-one-arm,push,Вдох,Выдох,"Глубокий вдох при медленном контролируемом опускании рукоятки к груди, мощный выдох при жиме рукоятки вперед. Контролируемое дыхание критически важно для поддержания стабильности корпуса и предотвращения ротации при односторонней работе. Правильное дыхание помогает создавать внутрибрюшное давление для стабилизации позвоночника и поддержания правильной техники. Не задерживайте дыхание - это может привести к потере контроля и компенсациям.","{""sets"":{""min"":3,""max"":4},""reps"":{""min"":6,""max"":12},""rest"":{""min"":90,""max"":120},""tempo"":""3-1-1-0"",""intensity"":{""min"":70,""max"":85}}","{""primary_muscles"":[""pectoralis-major"",""anterior-deltoid"",""triceps-brachii""],""secondary_muscles"":[""serratus-anterior"",""core-muscles"",""obliques""],""stabilizers"":[""rhomboids"",""erector-spinae"",""transverse-abdominis""]}",2024-01-15T10:00:00Z,2024-01-15T10:00:00Z
cable-pullover,pull,Вдох,Выдох,"Вдох при медленном опускании рук за голову, выдох при подъеме рукоятки к груди. Глубокое дыхание помогает расширению грудной клетки и растяжению широчайших и грудных мышц. Постоянное натяжение кабеля требует контролируемого дыхания для поддержания правильной техники и равномерной нагрузки. Не задерживайте дыхание в растянутой позиции - это может повысить давление.","{""sets"":{""min"":3,""max"":4},""reps"":{""min"":10,""max"":15},""rest"":{""min"":90,""max"":120},""tempo"":""3-1-2-0"",""intensity"":{""min"":65,""max"":80}}","{""primary_muscles"":[""latissimus-dorsi"",""pectoralis-major""],""secondary_muscles"":[""serratus-anterior"",""triceps-brachii"",""core-muscles""],""stabilizers"":[""rhomboids"",""trapezius"",""anterior-deltoid""]}",2024-01-15T10:00:00Z,2024-01-15T10:00:00Z
dumbbell-fly-decline-bench,push,Вдох,Выдох,"Вдох при разведении гантелей в стороны, выдох при сведении к центру. Положение головой вниз требует особого контроля дыхания для предотвращения головокружения и повышения давления. Дышите глубоко и контролируемо, не задерживайте дыхание в растянутой позиции. Контролируемое дыхание критически важно для поддержания стабильности и правильной техники выполнения упражнения.","{""sets"":{""min"":3,""max"":4},""reps"":{""min"":10,""max"":15},""rest"":{""min"":90,""max"":120},""tempo"":""3-1-2-0"",""intensity"":{""min"":65,""max"":80}}","{""primary_muscles"":[""lower-pectorals""],""secondary_muscles"":[""anterior-deltoid"",""serratus-anterior""],""stabilizers"":[""biceps-brachii"",""core-muscles""]}",2024-01-15T10:00:00Z,2024-01-15T10:00:00Z
weighted-push-ups,push,Вдох,Выдох,"Глубокий вдох при медленном контролируемом опускании тела вниз, мощный выдох при отталкивании от пола и подъеме вверх. Контролируемое дыхание критически важно под дополнительным весом - дополнительное отягощение усложняет дыхание и требует более осознанного контроля. Не задерживайте дыхание - это может привести к повышению давления и потере контроля. Дышите ритмично и глубоко на протяжении всего движения, синхронизируя дыхание с фазой движения для максимальной эффективности и безопасности.","{""sets"":{""min"":3,""max"":5},""reps"":{""min"":5,""max"":15},""rest"":{""min"":120,""max"":180},""tempo"":""3-1-1-0"",""intensity"":{""min"":70,""max"":85}}","{""primary_muscles"":[""pectoralis-major"",""anterior-deltoid"",""triceps-brachii""],""secondary_muscles"":[""serratus-anterior"",""core-muscles""],""stabilizers"":[""rhomboids"",""trapezius"",""erector-spinae""]}",2024-01-15T10:00:00Z,2024-01-15T10:00:00Z
dumbbell-bench-press-alternating-floor,push,Вдох,Выдох,"Вдох при медленном контролируемом опускании одной гантели к груди, мощный выдох при жиме вверх. Поддерживайте постоянное дыхание для стабилизации кора на протяжении всего движения. Контролируемое дыхание критически важно для предотвращения ротации корпуса и поддержания правильной техники. Не задерживайте дыхание между повторениями - это может привести к потере контроля и травме. Дышите ритмично, синхронизируя дыхание с движениями каждой руки.","{""sets"":{""min"":3,""max"":5},""reps"":{""min"":8,""max"":12},""rest"":{""min"":120,""max"":180},""tempo"":""3-1-1-0"",""intensity"":{""min"":65,""max"":80}}","{""primary_muscles"":[""pectoralis-major"",""triceps-brachii"",""anterior-deltoid""],""secondary_muscles"":[""core-muscles"",""obliques"",""serratus-anterior""],""stabilizers"":[""erector-spinae"",""transverse-abdominis"",""gluteus-maximus""]}",2024-01-15T10:00:00Z,2024-01-15T10:00:00Z
alternating-dumbbell-bench-press,push,Вдох,Выдох,"Вдох при медленном контролируемом опускании одной гантели к груди, мощный выдох при жиме вверх. Увеличенный диапазон движения на скамье требует более осознанного контроля дыхания для поддержания стабильности корпуса на протяжении всей амплитуды движения. Контролируемое дыхание критически важно для предотвращения ротации позвоночника и поддержания правильной техники выполнения. Не задерживайте дыхание между повторениями - это может привести к потере контроля и травме. Дышите ритмично, синхронизируя дыхание с движениями каждой руки, создавая внутрибрюшное давление для дополнительной стабилизации кора.","{""sets"":{""min"":3,""max"":5},""reps"":{""min"":8,""max"":12},""rest"":{""min"":120,""max"":180},""tempo"":""3-1-1-0"",""intensity"":{""min"":70,""max"":85}}","{""primary_muscles"":[""pectoralis-major"",""triceps-brachii"",""anterior-deltoid""],""secondary_muscles"":[""core-muscles"",""obliques"",""serratus-anterior""],""stabilizers"":[""erector-spinae"",""transverse-abdominis"",""gluteus-maximus"",""rhomboids""]}",2024-01-15T10:00:00Z,2024-01-15T10:00:00Z
incline-alternating-dumbbell-press,push,Вдох,Выдох,"Вдох при медленном контролируемом опускании одной гантели к верхней части груди, мощный выдох при жиме вверх. Наклонное положение требует более осознанного контроля дыхания для поддержания стабильности корпуса на протяжении всей амплитуды движения. Контролируемое дыхание критически важно для предотвращения ротации позвоночника и поддержания правильной техники выполнения. Не задерживайте дыхание между повторениями - это может привести к потере контроля и травме. Дышите ритмично, синхронизируя дыхание с движениями каждой руки, создавая внутрибрюшное давление для дополнительной стабилизации кора.","{""sets"":{""min"":3,""max"":5},""reps"":{""min"":8,""max"":12},""rest"":{""min"":120,""max"":180},""tempo"":""3-1-1-0"",""intensity"":{""min"":70,""max"":85}}","{""primary_muscles"":[""upper-pectorals"",""anterior-deltoid"",""triceps-brachii""],""secondary_muscles"":[""core-muscles"",""obliques"",""serratus-anterior""],""stabilizers"":[""erector-spinae"",""transverse-abdominis"",""gluteus-maximus"",""rhomboids""]}",2024-01-15T10:00:00Z,2024-01-15T10:00:00Z
svend-press,push,Вдох,Выдох,"Вдох при отведении пластины к груди, мощный выдох при выталкивании вперед. Дышите глубоко и контролируемо, синхронизируя дыхание с движением. Контролируемое дыхание критически важно для поддержания стабильности корпуса и правильной техники выполнения. Не задерживайте дыхание во время удержания пластины - это может повысить давление и привести к потере контроля. Дышите ритмично, создавая внутрибрюшное давление для дополнительной стабилизации кора во время изометрического напряжения.","{""sets"":{""min"":3,""max"":4},""reps"":{""min"":12,""max"":20},""rest"":{""min"":60,""max"":90},""tempo"":""2-1-2-0"",""intensity"":{""min"":50,""max"":70}}","{""primary_muscles"":[""pectoralis-major"",""anterior-deltoid"",""serratus-anterior""],""secondary_muscles"":[""triceps-brachii"",""core-muscles""],""stabilizers"":[""rhomboids"",""trapezius""]}",2024-01-15T10:00:00Z,2024-01-15T10:00:00Z
neutral-grip-barbell-bench-press,push,Вдох,Выдох,"Вдох при медленном контролируемом опускании штанги к груди, мощный выдох при жиме вверх. Дышите глубоко и контролируемо, не задерживайте дыхание. Нейтральный хват обеспечивает более естественное положение плеч, поэтому контролируемое дыхание помогает поддерживать правильную технику и стабильность корпуса. При работе с максимальными весами можно использовать технику Вальсальвы для дополнительной стабилизации, но не злоупотребляйте ей. Дышите ритмично, синхронизируя дыхание с движением для максимальной эффективности и безопасности.","{""sets"":{""min"":3,""max"":5},""reps"":{""min"":6,""max"":12},""rest"":{""min"":120,""max"":180},""tempo"":""3-1-1-0"",""intensity"":{""min"":70,""max"":85}}","{""primary_muscles"":[""triceps-brachii"",""pectoralis-major"",""anterior-deltoid""],""secondary_muscles"":[""serratus-anterior"",""core-muscles""],""stabilizers"":[""rhomboids"",""trapezius"",""brachialis""]}",2024-01-15T10:00:00Z,2024-01-15T10:00:00Z
kettlebell-floor-press,push,Вдох,Выдох,"Вдох при медленном контролируемом опускании гири к груди, мощный выдох при жиме вверх. Дышите глубоко и контролируемо, не задерживайте дыхание. Положение на полу ограничивает диапазон движения, поэтому контролируемое дыхание помогает поддерживать правильную технику и стабильность корпуса на протяжении всей амплитуды. Уникальная форма гири требует особого контроля, поэтому правильное дыхание критически важно для поддержания стабильности и предотвращения потери контроля. Дышите ритмично, синхронизируя дыхание с движением для максимальной эффективности и безопасности.","{""sets"":{""min"":3,""max"":5},""reps"":{""min"":6,""max"":12},""rest"":{""min"":120,""max"":180},""tempo"":""3-1-1-0"",""intensity"":{""min"":65,""max"":80}}","{""primary_muscles"":[""pectoralis-major"",""anterior-deltoid"",""triceps-brachii""],""secondary_muscles"":[""serratus-anterior"",""core-muscles""],""stabilizers"":[""rhomboids"",""trapezius"",""forearms""]}",2024-01-15T10:00:00Z,2024-01-15T10:00:00Z
landmine-press,push,Вдох,Выдох,"Вдох при опускании штанги к груди, мощный выдох при жиме вперед и вверх. Дышите глубоко и контролируемо, синхронизируя дыхание с движением. Стоячее положение требует активной работы кора для стабилизации, поэтому контролируемое дыхание критически важно для поддержания правильной техники и предотвращения компенсаций. Не задерживайте дыхание - это может привести к потере контроля и нарушению стабильности корпуса. Дышите ритмично, создавая внутрибрюшное давление для дополнительной стабилизации позвоночника.","{""sets"":{""min"":3,""max"":5},""reps"":{""min"":8,""max"":15},""rest"":{""min"":90,""max"":150},""tempo"":""2-1-1-0"",""intensity"":{""min"":65,""max"":80}}","{""primary_muscles"":[""pectoralis-major"",""anterior-deltoid"",""triceps-brachii""],""secondary_muscles"":[""serratus-anterior"",""core-muscles"",""obliques""],""stabilizers"":[""erector-spinae"",""transverse-abdominis"",""gluteus-maximus"",""quadriceps""]}",2024-01-15T10:00:00Z,2024-01-15T10:00:00Z
trx-push-ups,push,Вдох,Выдох,"Глубокий вдох при медленном и контролируемом опускании тела вниз, мощный выдох при отталкивании от TRX петель и возвращении в исходное положение. Контролируемое дыхание критически важно для поддержания стабильности TRX петель и правильной техники. Нестабильность TRX требует более осознанного контроля дыхания по сравнению с обычными отжиманиями, но проще чем на кольцах. Выдох при подъеме помогает стабилизировать корпус и создать дополнительную силу для контроля петель. Не задерживайте дыхание - это может привести к потере контроля и нарушению стабильности.","{""sets"":{""min"":3,""max"":4},""reps"":{""min"":6,""max"":15},""rest"":{""min"":90,""max"":150},""tempo"":""3-1-1-0"",""intensity"":{""min"":70,""max"":85}}","{""primary_muscles"":[""pectoralis-major"",""anterior-deltoid"",""triceps-brachii""],""secondary_muscles"":[""serratus-anterior"",""core-muscles""],""stabilizers"":[""rhomboids"",""erector-spinae"",""trapezius""]}",2024-01-15T10:00:00Z,2024-01-15T10:00:00Z
diamond-push-ups,push,Вдох,Выдох,"Вдох при медленном контролируемом опускании тела вниз, мощный выдох при отталкивании от пола и подъеме вверх. Дышите ритмично и контролируемо, не задерживайте дыхание. Узкая постановка рук требует больше усилий от трицепсов и создает повышенную нагрузку на запястья, поэтому контролируемое дыхание критически важно для поддержания правильной техники и предотвращения компенсаций. Выдох при подъеме помогает стабилизировать корпус и создать дополнительную силу для преодоления повышенного сопротивления. Не задерживайте дыхание - это может привести к повышению давления и потере контроля.","{""sets"":{""min"":3,""max"":5},""reps"":{""min"":6,""max"":15},""rest"":{""min"":90,""max"":150},""tempo"":""2-1-1-0"",""intensity"":{""min"":75,""max"":90}}","{""primary_muscles"":[""triceps-brachii"",""pectoralis-major"",""anterior-deltoid""],""secondary_muscles"":[""serratus-anterior"",""core-muscles""],""stabilizers"":[""rhomboids"",""trapezius"",""erector-spinae"",""forearms""]}",2024-01-15T10:00:00Z,2024-01-15T10:00:00Z
push-ups-with-pause,push,Вдох,Выдох,"Вдох при медленном контролируемом опускании тела вниз, задержка дыхания на 2-3 секунды в нижней точке во время паузы, затем мощный выдох при отталкивании от пола и подъеме вверх. Контролируемое дыхание критически важно для поддержания правильной техники во время паузы. Не задерживайте дыхание слишком долго - это может привести к повышению давления и головокружению. Выдох при подъеме помогает стабилизировать корпус и создать дополнительную силу для преодоления повышенного сопротивления после паузы. Дышите ритмично, синхронизируя дыхание с движением для максимальной эффективности и безопасности.","{""sets"":{""min"":3,""max"":5},""reps"":{""min"":5,""max"":12},""rest"":{""min"":90,""max"":180},""tempo"":""3-2-1-0"",""intensity"":{""min"":75,""max"":90}}","{""primary_muscles"":[""pectoralis-major"",""anterior-deltoid"",""triceps-brachii""],""secondary_muscles"":[""serratus-anterior"",""core-muscles"",""back-extensors""],""stabilizers"":[""rhomboids"",""trapezius"",""erector-spinae""]}",2024-01-15T10:00:00Z,2024-01-15T10:00:00Z
archer-push-ups,push,Вдох,Выдох,"Глубокий вдох при медленном контролируемом опускании тела вниз с смещением веса на рабочую руку, мощный выдох при отталкивании от пола и возвращении в исходное положение. Контролируемое дыхание критически важно для поддержания стабильности корпуса и предотвращения ротации при односторонней нагрузке. Односторонняя работа требует максимального напряжения кора, поэтому правильное дыхание помогает создавать внутрибрюшное давление для стабилизации позвоночника. Не задерживайте дыхание - это может привести к потере контроля и травме. Дышите ритмично, синхронизируя дыхание с движением для максимальной эффективности и безопасности.","{""sets"":{""min"":3,""max"":5},""reps"":{""min"":3,""max"":8},""rest"":{""min"":120,""max"":180},""tempo"":""3-1-1-0"",""intensity"":{""min"":80,""max"":95}}","{""primary_muscles"":[""pectoralis-major"",""anterior-deltoid"",""triceps-brachii""],""secondary_muscles"":[""serratus-anterior"",""core-muscles"",""obliques""],""stabilizers"":[""erector-spinae"",""gluteus-maximus"",""transverse-abdominis"",""obliques"",""rhomboids""]}",2024-01-15T10:00:00Z,2024-01-15T10:00:00Z
barbell-floor-press,push,Вдох,Выдох,"Вдох при контролируемом опускании штанги до легкого касания локтями пола, выдох при мощном жиме вверх. Поддерживайте внутрибрюшное давление и не допускайте задержки дыхания в верхней фазе. Ограниченная амплитуда облегчает контроль плеч, но требует жесткой стабилизации корпуса.","{""sets"":{""min"":3,""max"":5},""reps"":{""min"":4,""max"":8},""rest"":{""min"":150,""max"":240},""tempo"":""2-1-1-0"",""intensity"":{""min"":75,""max"":90}}","{""primary_muscles"":[""pectoralis-major"",""triceps-brachii"",""anterior-deltoid""],""secondary_muscles"":[""serratus-anterior"",""core-muscles"",""rhomboids""],""stabilizers"":[""latissimus-dorsi"",""posterior-deltoid"",""trapezius""]}",2025-11-08T10:00:00Z,2025-11-08T10:00:00Z
hammer-strength-chest-press,push,Вдох,Выдох,"Вдохните глубоко при контролируемом опускании рукояток к груди, выдыхайте мощно при жиме вперед. Сохраняйте лёгкую паузу в нижней точке и не теряйте напряжение корпуса.","{""sets"":{""min"":3,""max"":4},""reps"":{""min"":6,""max"":12},""rest"":{""min"":90,""max"":150},""tempo"":""2-1-1-0"",""intensity"":{""min"":70,""max"":85}}","{""primary_muscles"":[""pectoralis-major"",""anterior-deltoid"",""triceps-brachii""],""secondary_muscles"":[""serratus-anterior"",""core-muscles""],""stabilizers"":[""rhomboids"",""trapezius""]}",2025-11-08T10:15:00Z,2025-11-08T10:15:00Z
standing-cable-crossover-press,push,Вдох,Выдох,"Вдох при контролируемом возвращении рукояток к грудной клетке, выдох при жиме вперед. Сохраняйте напряжение кора и не задерживайте дыхание.","{""sets"":{""min"":3,""max"":4},""reps"":{""min"":8,""max"":12},""rest"":{""min"":90,""max"":150},""tempo"":""2-1-1-0"",""intensity"":{""min"":65,""max"":80}}","{""primary_muscles"":[""pectoralis-major"",""anterior-deltoid"",""triceps-brachii""],""secondary_muscles"":[""serratus-anterior"",""core-muscles""],""stabilizers"":[""erector-spinae"",""gluteus-maximus"",""obliques""]}",2025-11-08T11:00:00Z,2025-11-08T11:00:00Z
incline-hammer-strength-press,push,Вдох,Выдох,"Глубокий вдох при контролируемом опускании рукояток к верхней части груди, мощный выдох при жиме вперед. Сохраняйте лёгкую паузу в нижней точке и не теряйте напряжение корпуса.","{""sets"":{""min"":3,""max"":4},""reps"":{""min"":6,""max"":12},""rest"":{""min"":90,""max"":150},""tempo"":""2-1-1-0"",""intensity"":{""min"":70,""max"":85}}","{""primary_muscles"":[""upper-pectorals"",""anterior-deltoid"",""triceps-brachii""],""secondary_muscles"":[""serratus-anterior"",""core-muscles"",""rhomboids""],""stabilizers"":[""trapezius"",""latissimus-dorsi""]}",2025-11-08T12:00:00Z,2025-11-08T12:00:00Z
explosive-medicine-ball-press,push,Вдох,Выдох,"Сделайте вдох, когда подводите медбол к груди и выполняете амортизирующий присед. Выдыхайте резко при взрывном жиме и мягко добирайте воздух при ловле, чтобы не задерживать дыхание.","{""sets"":{""min"":3,""max"":5},""reps"":{""min"":4,""max"":8},""rest"":{""min"":90,""max"":150},""tempo"":""1-0-X-1"",""intensity"":{""min"":40,""max"":60},""notes"":{""ballWeight"":{""min"":3,""max"":10}}}","{""primary_muscles"":[""pectoralis-major"",""anterior-deltoid"",""triceps-brachii""],""secondary_muscles"":[""serratus-anterior"",""core-muscles"",""obliques""],""stabilizers"":[""rhomboids"",""transverse-abdominis"",""gluteus-maximus""]}",2025-11-08T13:00:00Z,2025-11-08T13:00:00Z
pull-ups-wide-grip,pull,Выдох,Вдох,"Выдох при контролируемом опускании тела вниз, глубокий вдох при мощном подтягивании вверх. Дышите ритмично и контролируемо, не задерживайте дыхание. Широкий хват требует хорошей гибкости плеч, поэтому контролируемое дыхание критически важно для поддержания правильной техники и предотвращения чрезмерного растяжения плечевых суставов. Выдох при опускании помогает расслабить мышцы и подготовить их к следующему повторению.","{""sets"":{""min"":3,""max"":5},""reps"":{""min"":4,""max"":12},""rest"":{""min"":120,""max"":180},""tempo"":""2-1-1-0"",""intensity"":{""min"":70,""max"":85}}","{""primary_muscles"":[""latissimus-dorsi"",""rhomboids"",""middle-deltoid""],""secondary_muscles"":[""biceps-brachii"",""trapezius"",""core-muscles""],""stabilizers"":[""erector-spinae"",""posterior-deltoid"",""forearms"",""rear-deltoid""]}",2025-11-08T14:00:00Z,2025-11-08T14:00:00Z
pull-ups-medium-grip,pull,Выдох,Вдох,"Выдох при контролируемом опускании тела вниз, глубокий вдох при мощном подтягивании вверх. Дышите ритмично и контролируемо, не задерживайте дыхание. Сбалансированная нагрузка делает дыхание более естественным, что позволяет начинающим лучше контролировать технику выполнения. Выдох при опускании помогает расслабить мышцы и подготовить их к следующему повторению. Дышите глубоко для максимальной эффективности и поддержания выносливости.","{""sets"":{""min"":2,""max"":5},""reps"":{""min"":5,""max"":15},""rest"":{""min"":90,""max"":150},""tempo"":""2-1-1-0"",""intensity"":{""min"":60,""max"":80}}","{""primary_muscles"":[""latissimus-dorsi"",""rhomboids"",""biceps-brachii"",""middle-deltoid""],""secondary_muscles"":[""trapezius"",""core-muscles"",""forearms""],""stabilizers"":[""erector-spinae"",""posterior-deltoid"",""rear-deltoid""]}",2025-11-08T14:05:00Z,2025-11-08T14:05:00Z
pull-ups-close-grip,pull,Выдох,Вдох,"Выдох при контролируемом опускании тела вниз, глубокий вдох при мощном подтягивании вверх. Дышите ритмично и контролируемо, не задерживайте дыхание. Узкий хват создает больший акцент на бицепсы, поэтому контролируемое дыхание помогает поддерживать правильную технику и предотвращает использование инерции. Выдох при опускании помогает расслабить мышцы и подготовить их к следующему повторению. Дышите глубоко для максимальной эффективности.","{""sets"":{""min"":3,""max"":5},""reps"":{""min"":5,""max"":12},""rest"":{""min"":120,""max"":180},""tempo"":""2-1-1-0"",""intensity"":{""min"":70,""max"":85}}","{""primary_muscles"":[""latissimus-dorsi"",""rhomboids"",""biceps-brachii"",""brachialis""],""secondary_muscles"":[""trapezius"",""core-muscles"",""forearms"",""middle-deltoid""],""stabilizers"":[""erector-spinae"",""posterior-deltoid"",""rear-deltoid""]}",2025-11-08T14:10:00Z,2025-11-08T14:10:00Z
pull-ups-underhand-grip,pull,Выдох,Вдох,"Выдох при контролируемом опускании тела вниз, глубокий вдох при мощном подтягивании вверх. Дышите ритмично и контролируемо, не задерживайте дыхание. Обратный хват максимально активирует бицепсы, поэтому контролируемое дыхание критически важно для поддержания правильной техники и предотвращения использования инерции. Выдох при опускании помогает расслабить мышцы и подготовить их к следующему повторению. Дышите глубоко для максимальной эффективности и поддержания выносливости.","{""sets"":{""min"":2,""max"":5},""reps"":{""min"":6,""max"":15},""rest"":{""min"":90,""max"":150},""tempo"":""2-1-1-0"",""intensity"":{""min"":65,""max"":80}}","{""primary_muscles"":[""biceps-brachii"",""latissimus-dorsi"",""rhomboids"",""brachialis""],""secondary_muscles"":[""trapezius"",""core-muscles"",""forearms"",""lower-latissimus-dorsi""],""stabilizers"":[""erector-spinae"",""posterior-deltoid"",""rear-deltoid""]}",2025-11-08T14:15:00Z,2025-11-08T14:15:00Z
pull-ups-neutral-grip,pull,Выдох,Вдох,"Выдох при контролируемом опускании тела вниз, глубокий вдох при мощном подтягивании вверх. Дышите ритмично и контролируемо, не задерживайте дыхание. Нейтральный хват обеспечивает более естественное положение суставов, поэтому дыхание должно быть комфортным и естественным. Выдох при опускании помогает расслабить мышцы и подготовить их к следующему повторению. Дышите глубоко для максимальной эффективности и поддержания выносливости. Нейтральный хват делает это упражнение отличным выбором для людей с проблемами плеч или локтей.","{""sets"":{""min"":3,""max"":5},""reps"":{""min"":5,""max"":12},""rest"":{""min"":120,""max"":180},""tempo"":""2-1-1-0"",""intensity"":{""min"":70,""max"":85}}","{""primary_muscles"":[""latissimus-dorsi"",""rhomboids"",""biceps-brachii"",""middle-deltoid""],""secondary_muscles"":[""trapezius"",""core-muscles"",""forearms"",""brachialis""],""stabilizers"":[""erector-spinae"",""posterior-deltoid"",""rear-deltoid""]}",2025-11-08T14:20:00Z,2025-11-08T14:20:00Z
pull-ups-archer,pull,Выдох,Вдох,"Выдох при контролируемом опускании тела вниз с смещением веса на рабочую руку, глубокий вдох при мощном подтягивании вверх. Контролируемое дыхание критически важно для поддержания стабильности корпуса и предотвращения ротации при односторонней нагрузке. Односторонняя работа требует максимального напряжения кора, поэтому правильное дыхание помогает создавать внутрибрюшное давление для стабилизации позвоночника. Не задерживайте дыхание - это может привести к потере контроля и травме. Дышите ритмично, синхронизируя дыхание с движением для максимальной эффективности и безопасности.","{""sets"":{""min"":3,""max"":5},""reps"":{""min"":3,""max"":8},""rest"":{""min"":120,""max"":180},""tempo"":""3-1-1-0"",""intensity"":{""min"":80,""max"":95}}","{""primary_muscles"":[""latissimus-dorsi"",""rhomboids"",""biceps-brachii"",""middle-deltoid""],""secondary_muscles"":[""trapezius"",""core-muscles"",""obliques"",""forearms""],""stabilizers"":[""erector-spinae"",""posterior-deltoid"",""transverse-abdominis"",""obliques""]}",2025-11-08T15:00:00Z,2025-11-08T15:00:00Z
pull-ups-one-arm,pull,Выдох,Вдох,"Выдох при контролируемом опускании тела вниз на одной руке, глубокий вдох при мощном подтягивании вверх. Контролируемое дыхание критически важно для поддержания стабильности корпуса и предотвращения ротации при экстремальной односторонней нагрузке. Односторонняя работа требует максимального напряжения кора, поэтому правильное дыхание помогает создавать внутрибрюшное давление для стабилизации позвоночника. Не задерживайте дыхание - это может привести к потере контроля и травме. Дышите ритмично, синхронизируя дыхание с движением для максимальной эффективности и безопасности. Экстремальная нагрузка требует особого контроля дыхания.","{""sets"":{""min"":2,""max"":4},""reps"":{""min"":1,""max"":5},""rest"":{""min"":180,""max"":300},""tempo"":""3-1-1-0"",""intensity"":{""min"":90,""max"":100}}","{""primary_muscles"":[""latissimus-dorsi"",""rhomboids"",""biceps-brachii"",""middle-deltoid""],""secondary_muscles"":[""trapezius"",""core-muscles"",""obliques"",""forearms"",""brachialis""],""stabilizers"":[""erector-spinae"",""posterior-deltoid"",""transverse-abdominis"",""obliques"",""gluteus-maximus""]}",2025-11-08T15:05:00Z,2025-11-08T15:05:00Z
pull-ups-weighted,pull,Выдох,Вдох,"Выдох при контролируемом опускании тела вниз, глубокий вдох при мощном подтягивании вверх. Контролируемое дыхание критически важно под дополнительным весом - дополнительное отягощение усложняет дыхание и требует более осознанного контроля. Не задерживайте дыхание - это может привести к повышению давления и потере контроля. Дышите ритмично и глубоко на протяжении всего движения, синхронизируя дыхание с фазой движения для максимальной эффективности и безопасности. Дополнительный вес увеличивает нагрузку на дыхательную систему, поэтому особенно важно контролировать дыхание.","{""sets"":{""min"":3,""max"":5},""reps"":{""min"":3,""max"":10},""rest"":{""min"":150,""max"":240},""tempo"":""3-1-1-0"",""intensity"":{""min"":75,""max"":90}}","{""primary_muscles"":[""latissimus-dorsi"",""rhomboids"",""biceps-brachii"",""middle-deltoid""],""secondary_muscles"":[""trapezius"",""core-muscles"",""forearms"",""brachialis""],""stabilizers"":[""erector-spinae"",""posterior-deltoid"",""rear-deltoid""]}",2025-11-08T15:10:00Z,2025-11-08T15:10:00Z
pull-ups-l-sit,pull,Выдох,Вдох,"Выдох при контролируемом опускании тела вниз с удержанием L-сита, глубокий вдох при мощном подтягивании вверх. Контролируемое дыхание критически важно для поддержания стабильности кора и правильной техники удержания ног. Комбинация подтягивания и L-сита создает экстремальные требования к дыхательной системе, поэтому особенно важно контролировать дыхание. Не задерживайте дыхание - это может привести к потере контроля и нарушению техники удержания ног. Дышите ритмично, синхронизируя дыхание с движением для максимальной эффективности и безопасности. Удержание ног требует дополнительного контроля дыхания.","{""sets"":{""min"":3,""max"":4},""reps"":{""min"":3,""max"":8},""rest"":{""min"":150,""max"":240},""tempo"":""3-1-1-0"",""intensity"":{""min"":80,""max"":95}}","{""primary_muscles"":[""latissimus-dorsi"",""rhomboids"",""biceps-brachii"",""middle-deltoid"",""rectus-abdominis"",""transverse-abdominis"",""iliopsoas""],""secondary_muscles"":[""trapezius"",""core-muscles"",""forearms"",""quadriceps"",""hamstrings""],""stabilizers"":[""erector-spinae"",""posterior-deltoid"",""obliques"",""gluteus-maximus""]}",2025-11-08T15:15:00Z,2025-11-08T15:15:00Z
pull-ups-behind-neck,pull,Выдох,Вдох,"Выдох при контролируемом опускании тела вниз, глубокий вдох при мощном подтягивании за голову. Контролируемое дыхание критически важно для поддержания правильной техники и предотвращения чрезмерного растяжения плечевых суставов. Уникальная траектория движения требует особого контроля дыхания для поддержания стабильности и правильной техники. Не задерживайте дыхание - это может привести к потере контроля и травме плечевых суставов. Дышите ритмично, синхронизируя дыхание с движением для максимальной эффективности и безопасности. Подтягивание за голову требует исключительной гибкости плеч, поэтому контролируемое дыхание помогает поддерживать правильную технику.","{""sets"":{""min"":3,""max"":5},""reps"":{""min"":4,""max"":10},""rest"":{""min"":120,""max"":180},""tempo"":""3-1-1-0"",""intensity"":{""min"":75,""max"":90}}","{""primary_muscles"":[""latissimus-dorsi"",""rhomboids"",""middle-deltoid"",""posterior-deltoid""],""secondary_muscles"":[""trapezius"",""biceps-brachii"",""core-muscles"",""forearms""],""stabilizers"":[""erector-spinae"",""rear-deltoid"",""infraspinatus"",""teres-minor""]}",2025-11-08T15:20:00Z,2025-11-08T15:20:00Z
explosive-pull-ups,pull,Выдох,Вдох,"Глубокий вдох при контролируемом опускании тела вниз, резкий мощный выдох при взрывном подтягивании вверх. В плиометрических упражнениях дыхание играет критическую роль для генерации максимальной мощности. Выдох должен быть быстрым и резким во время взрывной фазы, что помогает стабилизировать корпус и создать дополнительную силу. Не задерживайте дыхание между повторениями - используйте короткие вдохи между каждым взрывным движением. Контролируемое дыхание критически важно для поддержания координации и предотвращения потери контроля при высокой скорости движения.","{""sets"":{""min"":3,""max"":5},""reps"":{""min"":3,""max"":8},""rest"":{""min"":120,""max"":180},""tempo"":""2-0-0-0"",""intensity"":{""min"":70,""max"":85}}","{""primary_muscles"":[""latissimus-dorsi"",""rhomboids"",""biceps-brachii"",""middle-deltoid""],""secondary_muscles"":[""trapezius"",""core-muscles"",""forearms"",""brachialis""],""stabilizers"":[""erector-spinae"",""posterior-deltoid"",""rear-deltoid"",""transverse-abdominis""]}",2025-11-08T16:00:00Z,2025-11-08T16:00:00Z
scapular-retraction-hang,pull,Вдох,Выдох,"Вдох при расслаблении и опускании лопаток, выдох при активном втягивании лопаток вверх и назад. Дышите глубоко и контролируемо, синхронизируя дыхание с движением лопаток. Контролируемое дыхание помогает поддерживать правильную технику и предотвращает задержку дыхания, которая может повысить давление. Дышите ритмично на протяжении всего упражнения, создавая внутрибрюшное давление для стабилизации корпуса во время втягивания лопаток.","{""sets"":{""min"":2,""max"":4},""reps"":{""min"":8,""max"":15},""rest"":{""min"":60,""max"":90},""tempo"":""1-1-1-1"",""intensity"":{""min"":40,""max"":60}}","{""primary_muscles"":[""rhomboids"",""middle-trapezius"",""posterior-deltoid""],""secondary_muscles"":[""lower-trapezius"",""latissimus-dorsi"",""core-muscles""],""stabilizers"":[""erector-spinae"",""forearms"",""biceps-brachii""]}",2025-11-08T16:05:00Z,2025-11-08T16:05:00Z
dead-hang,pull,Вдох,Выдох,"Дышите глубоко и естественно на протяжении всего виса. Не задерживайте дыхание - это может повысить давление и привести к головокружению. Контролируемое дыхание помогает расслабить мышцы и улучшить растяжение позвоночника. Дышите ритмично, используя диафрагмальное дыхание для максимального расслабления и эффективности упражнения.","{""sets"":{""min"":2,""max"":4},""reps"":{""min"":1,""max"":1},""rest"":{""min"":60,""max"":120},""tempo"":""0-0-0-0"",""intensity"":{""min"":30,""max"":50},""notes"":{""holdTime"":{""min"":10,""max"":60}}}","{""primary_muscles"":[""latissimus-dorsi"",""forearms"",""grip-muscles""],""secondary_muscles"":[""rhomboids"",""core-muscles"",""biceps-brachii""],""stabilizers"":[""erector-spinae"",""trapezius"",""posterior-deltoid""]}",2025-11-08T16:10:00Z,2025-11-08T16:10:00Z
chest-to-bar-pull-ups,pull,Выдох,Вдох,"Выдох при контролируемом опускании тела вниз, глубокий вдох при мощном подтягивании до касания грудью перекладины. Контролируемое дыхание критически важно для поддержания правильной техники и максимальной амплитуды движения. Увеличенная амплитуда требует больше усилий, поэтому особенно важно контролировать дыхание для поддержания силы на протяжении всего движения. Не задерживайте дыхание - это может привести к потере контроля и уменьшению амплитуды. Дышите ритмично, синхронизируя дыхание с движением для максимальной эффективности.","{""sets"":{""min"":3,""max"":5},""reps"":{""min"":3,""max"":10},""rest"":{""min"":120,""max"":180},""tempo"":""2-1-1-0"",""intensity"":{""min"":75,""max"":90}}","{""primary_muscles"":[""latissimus-dorsi"",""rhomboids"",""biceps-brachii"",""middle-deltoid""],""secondary_muscles"":[""trapezius"",""core-muscles"",""forearms"",""brachialis""],""stabilizers"":[""erector-spinae"",""posterior-deltoid"",""rear-deltoid""]}",2025-11-08T16:15:00Z,2025-11-08T16:15:00Z
muscle-up,pull,Выдох,Вдох,"Выдох при контролируемом опускании тела вниз, глубокий вдох при мощном взрывном подтягивании и переходе в отжимание. Контролируемое дыхание критически важно для поддержания координации между двумя фазами движения. Первая фаза (подтягивание) требует мощного вдоха для генерации взрывной силы, вторая фаза (переход и отжимание) требует контролируемого выдоха для стабилизации. Не задерживайте дыхание - это может привести к потере координации и нарушению техники. Дышите ритмично, синхронизируя дыхание с каждой фазой движения для максимальной эффективности и безопасности.","{""sets"":{""min"":2,""max"":4},""reps"":{""min"":1,""max"":5},""rest"":{""min"":180,""max"":300},""tempo"":""2-0-1-0"",""intensity"":{""min"":85,""max"":95}}","{""primary_muscles"":[""latissimus-dorsi"",""rhomboids"",""biceps-brachii"",""triceps-brachii"",""anterior-deltoid"",""middle-deltoid""],""secondary_muscles"":[""trapezius"",""core-muscles"",""forearms"",""pectoralis-major""],""stabilizers"":[""erector-spinae"",""posterior-deltoid"",""transverse-abdominis"",""obliques""]}",2025-11-08T16:20:00Z,2025-11-08T16:20:00Z
pull-ups-rings,pull,Выдох,Вдох,"Выдох при контролируемом опускании тела вниз, глубокий вдох при мощном подтягивании вверх. Контролируемое дыхание критически важно для поддержания стабильности колец и правильной техники. Нестабильность колец требует более осознанного контроля дыхания по сравнению с подтягиваниями на турнике. Выдох при опускании помогает расслабить мышцы и подготовить их к следующему повторению, а вдох при подъеме помогает стабилизировать корпус и создать дополнительную силу для контроля колец. Не задерживайте дыхание - это может привести к потере контроля и нарушению стабильности.","{""sets"":{""min"":3,""max"":5},""reps"":{""min"":3,""max"":10},""rest"":{""min"":120,""max"":180},""tempo"":""3-1-1-0"",""intensity"":{""min"":75,""max"":90}}","{""primary_muscles"":[""latissimus-dorsi"",""rhomboids"",""biceps-brachii"",""middle-deltoid""],""secondary_muscles"":[""trapezius"",""core-muscles"",""forearms"",""brachialis""],""stabilizers"":[""erector-spinae"",""posterior-deltoid"",""transverse-abdominis"",""obliques""]}",2025-11-08T17:00:00Z,2025-11-08T17:00:00Z
pull-ups-rings-wide-grip,pull,Выдох,Вдох,"Выдох при контролируемом опускании тела вниз, глубокий вдох при мощном подтягивании вверх. Контролируемое дыхание критически важно для поддержания стабильности колец и правильной техники при широком хвате. Широкий хват на нестабильных кольцах требует исключительной гибкости плеч и контроля, поэтому особенно важно контролировать дыхание для поддержания правильной техники и предотвращения чрезмерного растяжения плечевых суставов. Выдох при опускании помогает расслабить мышцы, а вдох при подъеме помогает стабилизировать корпус и создать дополнительную силу для контроля колец.","{""sets"":{""min"":3,""max"":5},""reps"":{""min"":3,""max"":8},""rest"":{""min"":120,""max"":180},""tempo"":""3-1-1-0"",""intensity"":{""min"":80,""max"":95}}","{""primary_muscles"":[""latissimus-dorsi"",""rhomboids"",""middle-deltoid""],""secondary_muscles"":[""trapezius"",""biceps-brachii"",""core-muscles"",""forearms""],""stabilizers"":[""erector-spinae"",""posterior-deltoid"",""transverse-abdominis"",""obliques"",""rear-deltoid""]}",2025-11-08T17:05:00Z,2025-11-08T17:05:00Z
trx-row-standing,pull,Выдох,Вдох,"Выдох при контролируемом возвращении тела в исходное положение, глубокий вдох при мощном подтягивании тела к рукояткам TRX. Контролируемое дыхание критически важно для поддержания стабильности TRX петель и правильной техники. Нестабильность TRX требует более осознанного контроля дыхания по сравнению с тягой на тренажере. Выдох при возвращении помогает расслабить мышцы и подготовить их к следующему повторению, а вдох при подтягивании помогает стабилизировать корпус и создать дополнительную силу для контроля петель. Не задерживайте дыхание - это может привести к потере контроля и нарушению стабильности.","{""sets"":{""min"":3,""max"":5},""reps"":{""min"":6,""max"":15},""rest"":{""min"":90,""max"":150},""tempo"":""2-1-1-0"",""intensity"":{""min"":65,""max"":80}}","{""primary_muscles"":[""latissimus-dorsi"",""rhomboids"",""middle-deltoid"",""biceps-brachii""],""secondary_muscles"":[""trapezius"",""core-muscles"",""forearms"",""brachialis""],""stabilizers"":[""erector-spinae"",""posterior-deltoid"",""transverse-abdominis"",""obliques""]}",2025-11-08T17:10:00Z,2025-11-08T17:10:00Z
trx-pull-ups-assisted,pull,Выдох,Вдох,"Выдох при контролируемом опускании тела вниз, глубокий вдох при мощном подтягивании вверх. Контролируемое дыхание критически важно для поддержания стабильности TRX петель и правильной техники. Нестабильность TRX требует более осознанного контроля дыхания по сравнению с подтягиваниями на турнике, но поддержка ногами делает дыхание более комфортным для начинающих. Выдох при опускании помогает расслабить мышцы и подготовить их к следующему повторению, а вдох при подъеме помогает стабилизировать корпус и создать дополнительную силу для контроля петель. Дышите ритмично для максимальной эффективности.","{""sets"":{""min"":2,""max"":4},""reps"":{""min"":6,""max"":15},""rest"":{""min"":90,""max"":120},""tempo"":""2-1-1-0"",""intensity"":{""min"":50,""max"":70}}","{""primary_muscles"":[""latissimus-dorsi"",""rhomboids"",""biceps-brachii"",""middle-deltoid""],""secondary_muscles"":[""trapezius"",""core-muscles"",""forearms"",""brachialis""],""stabilizers"":[""erector-spinae"",""posterior-deltoid"",""transverse-abdominis"",""obliques""]}",2025-11-08T17:15:00Z,2025-11-08T17:15:00Z
lat-pulldown-wide-grip,pull,Выдох,Вдох,"Выдох при контролируемом возвращении рукоятки вверх, глубокий вдох при мощном подтягивании рукоятки вниз к груди. Дышите ритмично и контролируемо, не задерживайте дыхание. Широкий хват требует хорошей гибкости плеч, поэтому контролируемое дыхание критически важно для поддержания правильной техники и предотвращения чрезмерного растяжения плечевых суставов. Выдох при возвращении помогает расслабить мышцы и подготовить их к следующему повторению. Дышите глубоко для максимальной эффективности и поддержания выносливости.","{""sets"":{""min"":3,""max"":5},""reps"":{""min"":6,""max"":12},""rest"":{""min"":90,""max"":150},""tempo"":""2-1-1-0"",""intensity"":{""min"":70,""max"":85}}","{""primary_muscles"":[""latissimus-dorsi"",""rhomboids"",""middle-deltoid""],""secondary_muscles"":[""biceps-brachii"",""trapezius"",""core-muscles""],""stabilizers"":[""erector-spinae"",""posterior-deltoid"",""forearms"",""rear-deltoid""]}",2025-11-08T18:00:00Z,2025-11-08T18:00:00Z
lat-pulldown-medium-grip,pull,Выдох,Вдох,"Выдох при контролируемом возвращении рукоятки вверх, глубокий вдох при мощном подтягивании рукоятки вниз к груди. Дышите ритмично и контролируемо, не задерживайте дыхание. Сбалансированная нагрузка делает дыхание более естественным, что позволяет начинающим лучше контролировать технику выполнения. Выдох при возвращении помогает расслабить мышцы и подготовить их к следующему повторению. Дышите глубоко для максимальной эффективности и поддержания выносливости.","{""sets"":{""min"":3,""max"":5},""reps"":{""min"":8,""max"":15},""rest"":{""min"":90,""max"":150},""tempo"":""2-1-1-0"",""intensity"":{""min"":65,""max"":80}}","{""primary_muscles"":[""latissimus-dorsi"",""rhomboids"",""biceps-brachii"",""middle-deltoid""],""secondary_muscles"":[""trapezius"",""core-muscles"",""forearms""],""stabilizers"":[""erector-spinae"",""posterior-deltoid"",""rear-deltoid""]}",2025-11-08T18:05:00Z,2025-11-08T18:05:00Z
lat-pulldown-close-grip,pull,Выдох,Вдох,"Выдох при контролируемом возвращении рукоятки вверх, глубокий вдох при мощном подтягивании рукоятки вниз к груди. Дышите ритмично и контролируемо, не задерживайте дыхание. Узкий хват создает больший акцент на бицепсы, поэтому контролируемое дыхание помогает поддерживать правильную технику и предотвращает использование инерции. Выдох при возвращении помогает расслабить мышцы и подготовить их к следующему повторению. Дышите глубоко для максимальной эффективности.","{""sets"":{""min"":3,""max"":5},""reps"":{""min"":8,""max"":12},""rest"":{""min"":90,""max"":150},""tempo"":""2-1-1-0"",""intensity"":{""min"":70,""max"":85}}","{""primary_muscles"":[""latissimus-dorsi"",""rhomboids"",""biceps-brachii"",""brachialis""],""secondary_muscles"":[""trapezius"",""core-muscles"",""forearms"",""middle-deltoid""],""stabilizers"":[""erector-spinae"",""posterior-deltoid"",""rear-deltoid""]}",2025-11-08T18:10:00Z,2025-11-08T18:10:00Z
lat-pulldown-underhand-grip,pull,Выдох,Вдох,"Выдох при контролируемом возвращении рукоятки вверх, глубокий вдох при мощном подтягивании рукоятки вниз к груди. Дышите ритмично и контролируемо, не задерживайте дыхание. Обратный хват максимально активирует бицепсы, поэтому контролируемое дыхание критически важно для поддержания правильной техники и предотвращения использования инерции. Выдох при возвращении помогает расслабить мышцы и подготовить их к следующему повторению. Дышите глубоко для максимальной эффективности и поддержания выносливости.","{""sets"":{""min"":3,""max"":5},""reps"":{""min"":8,""max"":15},""rest"":{""min"":90,""max"":150},""tempo"":""2-1-1-0"",""intensity"":{""min"":65,""max"":80}}","{""primary_muscles"":[""biceps-brachii"",""latissimus-dorsi"",""rhomboids"",""brachialis""],""secondary_muscles"":[""trapezius"",""core-muscles"",""forearms"",""lower-latissimus-dorsi""],""stabilizers"":[""erector-spinae"",""posterior-deltoid"",""rear-deltoid""]}",2025-11-08T18:15:00Z,2025-11-08T18:15:00Z
lat-pulldown-neutral-grip,pull,Выдох,Вдох,"Выдох при контролируемом возвращении рукоятки вверх, глубокий вдох при мощном подтягивании рукоятки вниз к груди. Дышите ритмично и контролируемо, не задерживайте дыхание. Нейтральный хват обеспечивает более естественное положение суставов, поэтому дыхание должно быть комфортным и естественным. Выдох при возвращении помогает расслабить мышцы и подготовить их к следующему повторению. Дышите глубоко для максимальной эффективности и поддержания выносливости. Нейтральный хват делает это упражнение отличным выбором для людей с проблемами плеч или локтей.","{""sets"":{""min"":3,""max"":5},""reps"":{""min"":8,""max"":12},""rest"":{""min"":90,""max"":150},""tempo"":""2-1-1-0"",""intensity"":{""min"":70,""max"":85}}","{""primary_muscles"":[""latissimus-dorsi"",""rhomboids"",""biceps-brachii"",""middle-deltoid""],""secondary_muscles"":[""trapezius"",""core-muscles"",""forearms"",""brachialis""],""stabilizers"":[""erector-spinae"",""posterior-deltoid"",""rear-deltoid""]}",2025-11-08T18:20:00Z,2025-11-08T18:20:00Z
lat-pulldown-behind-neck,pull,Выдох,Вдох,"Выдох при контролируемом возвращении рукоятки вверх, глубокий вдох при мощном подтягивании рукоятки за голову. Контролируемое дыхание критически важно для поддержания правильной техники и предотвращения чрезмерного растяжения плечевых суставов. Уникальная траектория движения требует особого контроля дыхания для поддержания стабильности и правильной техники. Не задерживайте дыхание - это может привести к потере контроля и травме плечевых суставов. Дышите ритмично, синхронизируя дыхание с движением для максимальной эффективности и безопасности. Подтягивание за голову требует исключительной гибкости плеч, поэтому контролируемое дыхание помогает поддерживать правильную технику.","{""sets"":{""min"":3,""max"":5},""reps"":{""min"":4,""max"":10},""rest"":{""min"":120,""max"":180},""tempo"":""3-1-1-0"",""intensity"":{""min"":75,""max"":90}}","{""primary_muscles"":[""latissimus-dorsi"",""rhomboids"",""middle-deltoid"",""posterior-deltoid""],""secondary_muscles"":[""trapezius"",""biceps-brachii"",""core-muscles"",""forearms""],""stabilizers"":[""erector-spinae"",""rear-deltoid"",""infraspinatus"",""teres-minor""]}",2025-11-08T19:00:00Z,2025-11-08T19:00:00Z
lat-pulldown-straight-arm,pull,Выдох,Вдох,"Выдох при контролируемом возвращении рукоятки вверх, глубокий вдох при мощном опускании рукоятки вниз прямыми руками. Контролируемое дыхание критически важно для поддержания стабильности корпуса и правильной техники выполнения упражнения прямыми руками. Изолирующее движение требует большего контроля и концентрации, поэтому особенно важно контролировать дыхание. Не задерживайте дыхание - это может привести к потере контроля и нарушению стабильности корпуса. Дышите ритмично, синхронизируя дыхание с движением для максимальной эффективности и безопасности. Упражнение прямыми руками требует хорошей стабильности, поэтому контролируемое дыхание помогает поддерживать правильную технику.","{""sets"":{""min"":3,""max"":4},""reps"":{""min"":10,""max"":15},""rest"":{""min"":90,""max"":120},""tempo"":""2-1-2-0"",""intensity"":{""min"":65,""max"":80}}","{""primary_muscles"":[""latissimus-dorsi""],""secondary_muscles"":[""rhomboids"",""core-muscles"",""serratus-anterior""],""stabilizers"":[""erector-spinae"",""trapezius"",""posterior-deltoid"",""rear-deltoid"",""obliques""]}",2025-11-08T19:05:00Z,2025-11-08T19:05:00Z
lat-pulldown-one-arm,pull,Выдох,Вдох,"Выдох при контролируемом возвращении рукоятки вверх, глубокий вдох при мощном подтягивании рукоятки одной рукой вниз к груди. Контролируемое дыхание критически важно для поддержания стабильности корпуса и предотвращения ротации при односторонней нагрузке. Односторонняя работа требует максимального напряжения кора, поэтому правильное дыхание помогает создавать внутрибрюшное давление для стабилизации позвоночника. Не задерживайте дыхание - это может привести к потере контроля и компенсациям. Дышите ритмично, синхронизируя дыхание с движением для максимальной эффективности и безопасности. Односторонняя нагрузка требует особого контроля дыхания для поддержания правильной техники и предотвращения мышечных дисбалансов.","{""sets"":{""min"":3,""max"":4},""reps"":{""min"":6,""max"":12},""rest"":{""min"":90,""max"":120},""tempo"":""3-1-1-0"",""intensity"":{""min"":70,""max"":85}}","{""primary_muscles"":[""latissimus-dorsi"",""rhomboids"",""biceps-brachii"",""middle-deltoid""],""secondary_muscles"":[""trapezius"",""core-muscles"",""obliques"",""forearms"",""brachialis""],""stabilizers"":[""erector-spinae"",""posterior-deltoid"",""transverse-abdominis"",""obliques""]}",2025-11-08T19:10:00Z,2025-11-08T19:10:00Z
lat-pulldown-wide-grip-chest,pull,Выдох,Вдох,"Выдох при контролируемом возвращении рукоятки вверх, глубокий вдох при мощном подтягивании рукоятки широким хватом вниз к верхней части груди. Дышите ритмично и контролируемо, не задерживайте дыхание. Широкий хват требует хорошей гибкости плеч, поэтому контролируемое дыхание критически важно для поддержания правильной техники и предотвращения чрезмерного растяжения плечевых суставов. Выдох при возвращении помогает расслабить мышцы и подготовить их к следующему повторению. Дышите глубоко для максимальной эффективности и поддержания выносливости.","{""sets"":{""min"":3,""max"":5},""reps"":{""min"":6,""max"":12},""rest"":{""min"":90,""max"":150},""tempo"":""2-1-1-0"",""intensity"":{""min"":70,""max"":85}}","{""primary_muscles"":[""latissimus-dorsi"",""rhomboids"",""middle-deltoid""],""secondary_muscles"":[""biceps-brachii"",""trapezius"",""core-muscles""],""stabilizers"":[""erector-spinae"",""posterior-deltoid"",""forearms"",""rear-deltoid""]}",2025-11-08T19:15:00Z,2025-11-08T19:15:00Z
cable-pulldown-standing,pull,Выдох,Вдох,"Выдох при контролируемом возвращении рукояток вверх, глубокий вдох при мощном подтягивании рукояток вниз к груди. Дышите ритмично и контролируемо, не задерживайте дыхание. Стоячее положение требует активной работы стабилизаторов корпуса, поэтому контролируемое дыхание критически важно для поддержания правильной техники и стабильности. Выдох при возвращении помогает расслабить мышцы и подготовить их к следующему повторению. Дышите глубоко для максимальной эффективности и поддержания выносливости. Постоянное натяжение кабелей требует контролируемого дыхания для поддержания правильной техники на протяжении всей амплитуды движения.","{""sets"":{""min"":3,""max"":5},""reps"":{""min"":8,""max"":15},""rest"":{""min"":90,""max"":150},""tempo"":""2-1-1-0"",""intensity"":{""min"":65,""max"":80}}","{""primary_muscles"":[""latissimus-dorsi"",""rhomboids"",""biceps-brachii"",""middle-deltoid""],""secondary_muscles"":[""trapezius"",""core-muscles"",""forearms"",""brachialis""],""stabilizers"":[""erector-spinae"",""posterior-deltoid"",""transverse-abdominis"",""gluteus-maximus"",""quadriceps""]}",2025-01-15T10:00:00Z,2025-01-15T10:00:00Z
cable-pulldown-seated,pull,Выдох,Вдох,"Выдох при контролируемом возвращении рукояток вверх, глубокий вдох при мощном подтягивании рукояток вниз к груди. Дышите ритмично и контролируемо, не задерживайте дыхание. Сидячее положение обеспечивает стабильность корпуса, поэтому дыхание должно быть комфортным и естественным. Выдох при возвращении помогает расслабить мышцы и подготовить их к следующему повторению. Дышите глубоко для максимальной эффективности и поддержания выносливости. Постоянное натяжение кабелей обеспечивает равномерную нагрузку, поэтому контролируемое дыхание помогает поддерживать правильную технику на протяжении всей амплитуды движения.","{""sets"":{""min"":3,""max"":5},""reps"":{""min"":8,""max"":15},""rest"":{""min"":90,""max"":150},""tempo"":""2-1-1-0"",""intensity"":{""min"":65,""max"":80}}","{""primary_muscles"":[""latissimus-dorsi"",""rhomboids"",""biceps-brachii"",""middle-deltoid""],""secondary_muscles"":[""trapezius"",""core-muscles"",""forearms"",""brachialis""],""stabilizers"":[""erector-spinae"",""posterior-deltoid"",""rear-deltoid""]}",2025-01-15T10:00:00Z,2025-01-15T10:00:00Z
australian-pull-ups,pull,Выдох,Вдох,"Выдох при контролируемом опускании тела вниз, глубокий вдох при мощном подтягивании тела вверх до касания грудью перекладины. Дышите ритмично и контролируемо, не задерживайте дыхание. Горизонтальное положение тела делает дыхание более комфортным по сравнению с вертикальными подтягиваниями, что позволяет начинающим лучше контролировать технику выполнения. Выдох при опускании помогает расслабить мышцы и подготовить их к следующему повторению. Дышите глубоко для максимальной эффективности и поддержания выносливости.","{""sets"":{""min"":2,""max"":5},""reps"":{""min"":6,""max"":15},""rest"":{""min"":90,""max"":150},""tempo"":""2-1-1-0"",""intensity"":{""min"":60,""max"":75}}","{""primary_muscles"":[""latissimus-dorsi"",""rhomboids"",""biceps-brachii"",""middle-deltoid""],""secondary_muscles"":[""trapezius"",""core-muscles"",""forearms"",""brachialis""],""stabilizers"":[""erector-spinae"",""posterior-deltoid"",""rear-deltoid"",""gluteus-maximus"",""hamstrings""]}",2025-01-15T10:00:00Z,2025-01-15T10:00:00Z
australian-pull-ups-feet-elevated,pull,Выдох,Вдох,"Выдох при контролируемом опускании тела вниз, глубокий вдох при мощном подтягивании тела вверх до касания грудью перекладины. Дышите ритмично и контролируемо, не задерживайте дыхание. Увеличенный угол наклона тела требует более осознанного контроля дыхания для поддержания стабильности корпуса на протяжении всей амплитуды движения. Выдох при опускании помогает расслабить мышцы и подготовить их к следующему повторению. Дышите глубоко для максимальной эффективности и поддержания выносливости.","{""sets"":{""min"":3,""max"":5},""reps"":{""min"":5,""max"":12},""rest"":{""min"":90,""max"":150},""tempo"":""2-1-1-0"",""intensity"":{""min"":70,""max"":85}}","{""primary_muscles"":[""latissimus-dorsi"",""rhomboids"",""biceps-brachii"",""middle-deltoid""],""secondary_muscles"":[""trapezius"",""core-muscles"",""forearms"",""brachialis""],""stabilizers"":[""erector-spinae"",""posterior-deltoid"",""rear-deltoid"",""gluteus-maximus"",""hamstrings"",""quadriceps""]}",2025-01-15T10:00:00Z,2025-01-15T10:00:00Z
australian-pull-ups-underhand-grip,pull,Выдох,Вдох,"Выдох при контролируемом опускании тела вниз, глубокий вдох при мощном подтягивании тела вверх до касания грудью перекладины. Дышите ритмично и контролируемо, не задерживайте дыхание. Обратный хват максимально активирует бицепсы, поэтому контролируемое дыхание критически важно для поддержания правильной техники и предотвращения использования инерции. Выдох при опускании помогает расслабить мышцы и подготовить их к следующему повторению. Дышите глубоко для максимальной эффективности и поддержания выносливости.","{""sets"":{""min"":2,""max"":5},""reps"":{""min"":6,""max"":15},""rest"":{""min"":90,""max"":150},""tempo"":""2-1-1-0"",""intensity"":{""min"":65,""max"":80}}","{""primary_muscles"":[""biceps-brachii"",""latissimus-dorsi"",""rhomboids"",""brachialis""],""secondary_muscles"":[""trapezius"",""core-muscles"",""forearms"",""lower-latissimus-dorsi"",""middle-deltoid""],""stabilizers"":[""erector-spinae"",""posterior-deltoid"",""rear-deltoid"",""gluteus-maximus"",""hamstrings""]}",2025-01-15T10:00:00Z,2025-01-15T10:00:00Z
dumbbell-one-arm-row,pull,Выдох,Вдох,"Выдох при контролируемом опускании гантели вниз, глубокий вдох при мощном подтягивании гантели к поясу. Контролируемое дыхание критически важно для поддержания стабильности корпуса и предотвращения ротации позвоночника при односторонней нагрузке. Односторонняя работа требует максимального напряжения кора, поэтому правильное дыхание помогает создавать внутрибрюшное давление для стабилизации позвоночника. Не задерживайте дыхание - это может привести к потере контроля и компенсациям. Дышите ритмично, синхронизируя дыхание с движением для максимальной эффективности и безопасности.","{""sets"":{""min"":3,""max"":5},""reps"":{""min"":8,""max"":12},""rest"":{""min"":90,""max"":150},""tempo"":""2-1-1-0"",""intensity"":{""min"":70,""max"":85}}","{""primary_muscles"":[""latissimus-dorsi"",""rhomboids"",""middle-deltoid"",""biceps-brachii""],""secondary_muscles"":[""trapezius"",""core-muscles"",""forearms"",""brachialis""],""stabilizers"":[""erector-spinae"",""posterior-deltoid"",""transverse-abdominis"",""obliques"",""gluteus-maximus""]}",2025-01-15T10:00:00Z,2025-01-15T10:00:00Z
dumbbell-bent-over-row,pull,Выдох,Вдох,"Выдох при контролируемом опускании гантелей вниз, глубокий вдох при мощном подтягивании гантелей к поясу. Дышите ритмично и контролируемо, не задерживайте дыхание. Двусторонняя работа обеспечивает сбалансированную нагрузку, поэтому дыхание должно быть комфортным и естественным. Выдох при опускании помогает расслабить мышцы и подготовить их к следующему повторению. Дышите глубоко для максимальной эффективности и поддержания выносливости. Контролируемое дыхание критически важно для поддержания стабильности корпуса в наклонном положении.","{""sets"":{""min"":3,""max"":5},""reps"":{""min"":8,""max"":12},""rest"":{""min"":90,""max"":150},""tempo"":""2-1-1-0"",""intensity"":{""min"":70,""max"":85}}","{""primary_muscles"":[""latissimus-dorsi"",""rhomboids"",""middle-deltoid"",""biceps-brachii""],""secondary_muscles"":[""trapezius"",""core-muscles"",""forearms"",""brachialis""],""stabilizers"":[""erector-spinae"",""posterior-deltoid"",""gluteus-maximus"",""hamstrings""]}",2025-01-15T10:00:00Z,2025-01-15T10:00:00Z
dumbbell-incline-bench-row,pull,Выдох,Вдох,"Выдох при контролируемом опускании гантелей вниз, глубокий вдох при мощном подтягивании гантелей к поясу. Дышите ритмично и контролируемо, не задерживайте дыхание. Наклонная скамья обеспечивает поддержку корпуса, поэтому дыхание должно быть комфортным и естественным. Выдох при опускании помогает расслабить мышцы и подготовить их к следующему повторению. Дышите глубоко для максимальной эффективности и поддержания выносливости. Положение лицом вниз требует особого контроля дыхания для предотвращения дискомфорта.","{""sets"":{""min"":3,""max"":5},""reps"":{""min"":8,""max"":15},""rest"":{""min"":90,""max"":150},""tempo"":""2-1-1-0"",""intensity"":{""min"":65,""max"":80}}","{""primary_muscles"":[""latissimus-dorsi"",""rhomboids"",""middle-deltoid"",""biceps-brachii""],""secondary_muscles"":[""trapezius"",""core-muscles"",""forearms"",""brachialis""],""stabilizers"":[""posterior-deltoid"",""rear-deltoid""]}",2025-01-15T10:00:00Z,2025-01-15T10:00:00Z
plank-row,pull,Выдох,Вдох,"Выдох при контролируемом опускании гантели вниз, глубокий вдох при мощном подтягивании гантели к поясу. Контролируемое дыхание критически важно для поддержания стабильности корпуса в планке и предотвращения ротации позвоночника при односторонней нагрузке. Комбинация планки и тяги создает экстремальные требования к дыхательной системе, поэтому особенно важно контролировать дыхание. Не задерживайте дыхание - это может привести к потере контроля и нарушению техники планки. Дышите ритмично, синхронизируя дыхание с движением для максимальной эффективности и безопасности. Удержание планки требует дополнительного контроля дыхания.","{""sets"":{""min"":3,""max"":4},""reps"":{""min"":6,""max"":10},""rest"":{""min"":120,""max"":180},""tempo"":""2-1-1-0"",""intensity"":{""min"":75,""max"":90}}","{""primary_muscles"":[""latissimus-dorsi"",""rhomboids"",""middle-deltoid"",""biceps-brachii"",""transverse-abdominis"",""rectus-abdominis""],""secondary_muscles"":[""trapezius"",""core-muscles"",""forearms"",""brachialis"",""obliques""],""stabilizers"":[""erector-spinae"",""posterior-deltoid"",""gluteus-maximus"",""quadriceps"",""serratus-anterior""]}",2025-01-15T10:00:00Z,2025-01-15T10:00:00Z
barbell-bent-over-row,pull,Выдох,Вдох,"Выдох при контролируемом опускании штанги вниз, глубокий вдох при мощном подтягивании штанги к поясу. Дышите ритмично и контролируемо, не задерживайте дыхание. Наклонное положение требует активной работы стабилизаторов корпуса, поэтому контролируемое дыхание критически важно для поддержания правильной техники и стабильности. Выдох при опускании помогает расслабить мышцы и подготовить их к следующему повторению. Дышите глубоко для максимальной эффективности и поддержания выносливости.","{""sets"":{""min"":3,""max"":5},""reps"":{""min"":6,""max"":12},""rest"":{""min"":120,""max"":180},""tempo"":""2-1-1-0"",""intensity"":{""min"":70,""max"":85}}","{""primary_muscles"":[""latissimus-dorsi"",""rhomboids"",""middle-deltoid"",""biceps-brachii""],""secondary_muscles"":[""trapezius"",""core-muscles"",""forearms"",""brachialis""],""stabilizers"":[""erector-spinae"",""posterior-deltoid"",""gluteus-maximus"",""hamstrings""]}",2025-01-15T10:00:00Z,2025-01-15T10:00:00Z
barbell-bent-over-row-underhand,pull,Выдох,Вдох,"Выдох при контролируемом опускании штанги вниз, глубокий вдох при мощном подтягивании штанги к поясу. Дышите ритмично и контролируемо, не задерживайте дыхание. Обратный хват создает больший акцент на бицепсы, поэтому контролируемое дыхание критически важно для поддержания правильной техники и предотвращения использования инерции. Выдох при опускании помогает расслабить мышцы и подготовить их к следующему повторению. Дышите глубоко для максимальной эффективности и поддержания выносливости.","{""sets"":{""min"":3,""max"":5},""reps"":{""min"":6,""max"":12},""rest"":{""min"":120,""max"":180},""tempo"":""2-1-1-0"",""intensity"":{""min"":70,""max"":85}}","{""primary_muscles"":[""latissimus-dorsi"",""rhomboids"",""biceps-brachii"",""brachialis""],""secondary_muscles"":[""trapezius"",""middle-deltoid"",""core-muscles"",""forearms"",""lower-latissimus-dorsi""],""stabilizers"":[""erector-spinae"",""posterior-deltoid"",""gluteus-maximus"",""hamstrings""]}",2025-01-15T10:00:00Z,2025-01-15T10:00:00Z
yates-row,pull,Выдох,Вдох,"Выдох при контролируемом опускании штанги вниз, глубокий вдох при мощном подтягивании штанги к нижней части груди или верхней части живота. Дышите ритмично и контролируемо, не задерживайте дыхание. Более вертикальное положение корпуса снижает нагрузку на поясницу, но требует более осознанного контроля дыхания для поддержания стабильности. Выдох при опускании помогает расслабить мышцы и подготовить их к следующему повторению. Дышите глубоко для максимальной эффективности.","{""sets"":{""min"":3,""max"":5},""reps"":{""min"":6,""max"":12},""rest"":{""min"":120,""max"":180},""tempo"":""2-1-1-0"",""intensity"":{""min"":70,""max"":85}}","{""primary_muscles"":[""latissimus-dorsi"",""rhomboids"",""middle-deltoid"",""posterior-deltoid"",""trapezius""],""secondary_muscles"":[""biceps-brachii"",""core-muscles"",""forearms"",""brachialis""],""stabilizers"":[""erector-spinae"",""rear-deltoid"",""gluteus-maximus"",""hamstrings""]}",2025-01-15T10:00:00Z,2025-01-15T10:00:00Z
pendlay-row,pull,Выдох,Вдох,"Глубокий вдох перед началом движения, мощный выдох при взрывном подтягивании штанги от пола к поясу. Вдох при возвращении штанги на пол и полной остановке. Контролируемое дыхание критически важно для поддержания правильной техники и генерации максимальной взрывной силы. Каждое повторение начинается с полной остановки, что требует особого контроля дыхания для подготовки к следующему взрывному движению. Не задерживайте дыхание - это может привести к потере контроля и нарушению техники.","{""sets"":{""min"":3,""max"":5},""reps"":{""min"":4,""max"":8},""rest"":{""min"":150,""max"":240},""tempo"":""1-0-1-0"",""intensity"":{""min"":75,""max"":90}}","{""primary_muscles"":[""latissimus-dorsi"",""rhomboids"",""middle-deltoid"",""biceps-brachii""],""secondary_muscles"":[""trapezius"",""core-muscles"",""forearms"",""brachialis"",""erector-spinae""],""stabilizers"":[""posterior-deltoid"",""gluteus-maximus"",""hamstrings"",""quadriceps""]}",2025-01-15T10:00:00Z,2025-01-15T10:00:00Z
ez-bar-bent-over-row,pull,Выдох,Вдох,"Выдох при контролируемом опускании EZ-грифа вниз, глубокий вдох при мощном подтягивании грифа к поясу. Дышите ритмично и контролируемо, не задерживайте дыхание. Изогнутая форма грифа обеспечивает более естественное положение запястий, что делает дыхание более комфортным. Выдох при опускании помогает расслабить мышцы и подготовить их к следующему повторению. Дышите глубоко для максимальной эффективности и поддержания выносливости.","{""sets"":{""min"":3,""max"":5},""reps"":{""min"":6,""max"":12},""rest"":{""min"":120,""max"":180},""tempo"":""2-1-1-0"",""intensity"":{""min"":70,""max"":85}}","{""primary_muscles"":[""latissimus-dorsi"",""rhomboids"",""middle-deltoid"",""biceps-brachii""],""secondary_muscles"":[""trapezius"",""core-muscles"",""forearms"",""brachialis""],""stabilizers"":[""erector-spinae"",""posterior-deltoid"",""gluteus-maximus"",""hamstrings""]}",2025-01-15T10:00:00Z,2025-01-15T10:00:00Z
swiss-bar-row,pull,Выдох,Вдох,"Выдох при контролируемом опускании швейцарского грифа вниз, глубокий вдох при мощном подтягивании грифа к поясу. Дышите ритмично и контролируемо, не задерживайте дыхание. Нейтральный хват обеспечивает более естественное положение плеч, поэтому дыхание должно быть комфортным и естественным. Выдох при опускании помогает расслабить мышцы и подготовить их к следующему повторению. Дышите глубоко для максимальной эффективности и поддержания выносливости. Нейтральный хват делает это упражнение отличным выбором для людей с проблемами плеч.","{""sets"":{""min"":3,""max"":5},""reps"":{""min"":6,""max"":12},""rest"":{""min"":120,""max"":180},""tempo"":""2-1-1-0"",""intensity"":{""min"":70,""max"":85}}","{""primary_muscles"":[""latissimus-dorsi"",""rhomboids"",""middle-deltoid"",""biceps-brachii""],""secondary_muscles"":[""trapezius"",""core-muscles"",""forearms"",""brachialis""],""stabilizers"":[""erector-spinae"",""posterior-deltoid"",""gluteus-maximus"",""hamstrings""]}",2025-01-15T10:00:00Z,2025-01-15T10:00:00Z
cable-seated-row,pull,Выдох,Вдох,"Выдох при контролируемом возвращении рукоятки вперед, глубокий вдох при мощном подтягивании рукоятки к поясу. Дышите ритмично и контролируемо, не задерживайте дыхание. Сидячее положение обеспечивает стабильность корпуса, поэтому дыхание должно быть комфортным и естественным. Выдох при возвращении помогает расслабить мышцы и подготовить их к следующему повторению. Дышите глубоко для максимальной эффективности и поддержания выносливости. Постоянное натяжение кабеля обеспечивает равномерную нагрузку, поэтому контролируемое дыхание помогает поддерживать правильную технику на протяжении всей амплитуды движения.","{""sets"":{""min"":3,""max"":5},""reps"":{""min"":8,""max"":15},""rest"":{""min"":90,""max"":150},""tempo"":""2-1-1-0"",""intensity"":{""min"":65,""max"":80}}","{""primary_muscles"":[""latissimus-dorsi"",""rhomboids"",""middle-deltoid"",""biceps-brachii""],""secondary_muscles"":[""trapezius"",""core-muscles"",""forearms"",""brachialis""],""stabilizers"":[""erector-spinae"",""posterior-deltoid"",""rear-deltoid""]}",2025-01-15T10:00:00Z,2025-01-15T10:00:00Z
cable-standing-row,pull,Выдох,Вдох,"Выдох при контролируемом возвращении рукоятки вперед, глубокий вдох при мощном подтягивании рукоятки к поясу. Дышите ритмично и контролируемо, не задерживайте дыхание. Стоячее положение требует активной работы стабилизаторов корпуса, поэтому контролируемое дыхание критически важно для поддержания правильной техники и стабильности. Выдох при возвращении помогает расслабить мышцы и подготовить их к следующему повторению. Дышите глубоко для максимальной эффективности и поддержания выносливости. Постоянное натяжение кабеля требует контролируемого дыхания для поддержания правильной техники на протяжении всей амплитуды движения.","{""sets"":{""min"":3,""max"":5},""reps"":{""min"":8,""max"":15},""rest"":{""min"":90,""max"":150},""tempo"":""2-1-1-0"",""intensity"":{""min"":65,""max"":80}}","{""primary_muscles"":[""latissimus-dorsi"",""rhomboids"",""middle-deltoid"",""biceps-brachii""],""secondary_muscles"":[""trapezius"",""core-muscles"",""forearms"",""brachialis""],""stabilizers"":[""erector-spinae"",""posterior-deltoid"",""transverse-abdominis"",""gluteus-maximus"",""quadriceps""]}",2025-01-15T10:00:00Z,2025-01-15T10:00:00Z
cable-one-arm-row,pull,Выдох,Вдох,"Выдох при контролируемом возвращении рукоятки вперед, глубокий вдох при мощном подтягивании рукоятки одной рукой к поясу. Контролируемое дыхание критически важно для поддержания стабильности корпуса и предотвращения ротации позвоночника при односторонней нагрузке. Односторонняя работа требует максимального напряжения кора, поэтому правильное дыхание помогает создавать внутрибрюшное давление для стабилизации позвоночника. Не задерживайте дыхание - это может привести к потере контроля и компенсациям. Дышите ритмично, синхронизируя дыхание с движением для максимальной эффективности и безопасности. Односторонняя нагрузка требует особого контроля дыхания для поддержания правильной техники и предотвращения мышечных дисбалансов.","{""sets"":{""min"":3,""max"":4},""reps"":{""min"":6,""max"":12},""rest"":{""min"":90,""max"":120},""tempo"":""3-1-1-0"",""intensity"":{""min"":70,""max"":85}}","{""primary_muscles"":[""latissimus-dorsi"",""rhomboids"",""middle-deltoid"",""biceps-brachii""],""secondary_muscles"":[""trapezius"",""core-muscles"",""obliques"",""forearms"",""brachialis""],""stabilizers"":[""erector-spinae"",""posterior-deltoid"",""transverse-abdominis"",""obliques""]}",2025-01-15T10:00:00Z,2025-01-15T10:00:00Z
cable-wide-grip-row,pull,Выдох,Вдох,"Выдох при контролируемом возвращении рукоятки вперед, глубокий вдох при мощном подтягивании рукоятки широким хватом к груди. Дышите ритмично и контролируемо, не задерживайте дыхание. Широкий хват требует хорошей гибкости плеч, поэтому контролируемое дыхание критически важно для поддержания правильной техники и предотвращения чрезмерного растяжения плечевых суставов. Выдох при возвращении помогает расслабить мышцы и подготовить их к следующему повторению. Дышите глубоко для максимальной эффективности и поддержания выносливости.","{""sets"":{""min"":3,""max"":5},""reps"":{""min"":6,""max"":12},""rest"":{""min"":90,""max"":150},""tempo"":""2-1-1-0"",""intensity"":{""min"":70,""max"":85}}","{""primary_muscles"":[""latissimus-dorsi"",""rhomboids"",""middle-deltoid""],""secondary_muscles"":[""biceps-brachii"",""trapezius"",""core-muscles""],""stabilizers"":[""erector-spinae"",""posterior-deltoid"",""forearms"",""rear-deltoid""]}",2025-01-15T10:00:00Z,2025-01-15T10:00:00Z
cable-close-grip-row,pull,Выдох,Вдох,"Выдох при контролируемом возвращении рукоятки вперед, глубокий вдох при мощном подтягивании рукоятки узким хватом к поясу. Дышите ритмично и контролируемо, не задерживайте дыхание. Узкий хват создает больший акцент на бицепсы, поэтому контролируемое дыхание критически важно для поддержания правильной техники и предотвращения использования инерции. Выдох при возвращении помогает расслабить мышцы и подготовить их к следующему повторению. Дышите глубоко для максимальной эффективности.","{""sets"":{""min"":3,""max"":5},""reps"":{""min"":8,""max"":12},""rest"":{""min"":90,""max"":150},""tempo"":""2-1-1-0"",""intensity"":{""min"":70,""max"":85}}","{""primary_muscles"":[""latissimus-dorsi"",""rhomboids"",""biceps-brachii"",""brachialis""],""secondary_muscles"":[""trapezius"",""middle-deltoid"",""core-muscles"",""forearms"",""lower-latissimus-dorsi""],""stabilizers"":[""erector-spinae"",""posterior-deltoid"",""rear-deltoid""]}",2025-01-15T10:00:00Z,2025-01-15T10:00:00Z
cable-horizontal-row-underhand-grip,pull,Выдох,Вдох,"Выдох при контролируемом возвращении рукоятки вперед, глубокий вдох при мощном подтягивании рукоятки обратным хватом к поясу. Дышите ритмично и контролируемо, не задерживайте дыхание. Обратный хват максимально активирует бицепсы, поэтому контролируемое дыхание критически важно для поддержания правильной техники и предотвращения использования инерции. Выдох при возвращении помогает расслабить мышцы и подготовить их к следующему повторению. Дышите глубоко для максимальной эффективности и поддержания выносливости.","{""sets"":{""min"":3,""max"":5},""reps"":{""min"":8,""max"":15},""rest"":{""min"":90,""max"":150},""tempo"":""2-1-1-0"",""intensity"":{""min"":65,""max"":80}}","{""primary_muscles"":[""biceps-brachii"",""latissimus-dorsi"",""rhomboids"",""brachialis""],""secondary_muscles"":[""trapezius"",""core-muscles"",""forearms"",""lower-latissimus-dorsi"",""middle-deltoid""],""stabilizers"":[""erector-spinae"",""posterior-deltoid"",""rear-deltoid""]}",2025-01-15T10:00:00Z,2025-01-15T10:00:00Z
cable-horizontal-row-neutral-grip,pull,Выдох,Вдох,"Выдох при контролируемом возвращении рукоятки вперед, глубокий вдох при мощном подтягивании рукоятки нейтральным хватом к поясу. Дышите ритмично и контролируемо, не задерживайте дыхание. Нейтральный хват обеспечивает более естественное положение плеч, поэтому дыхание должно быть комфортным и естественным. Выдох при возвращении помогает расслабить мышцы и подготовить их к следующему повторению. Дышите глубоко для максимальной эффективности и поддержания выносливости. Нейтральный хват делает это упражнение отличным выбором для людей с проблемами плеч или локтей.","{""sets"":{""min"":3,""max"":5},""reps"":{""min"":8,""max"":12},""rest"":{""min"":90,""max"":150},""tempo"":""2-1-1-0"",""intensity"":{""min"":70,""max"":85}}","{""primary_muscles"":[""latissimus-dorsi"",""rhomboids"",""biceps-brachii"",""middle-deltoid""],""secondary_muscles"":[""trapezius"",""core-muscles"",""forearms"",""brachialis""],""stabilizers"":[""erector-spinae"",""posterior-deltoid"",""rear-deltoid""]}",2025-01-15T10:00:00Z,2025-01-15T10:00:00Z
cable-crossover-row-high,pull,Выдох,Вдох,"Выдох при контролируемом возвращении рукояток вперед и вниз, глубокий вдох при мощном подтягивании рукояток из верхней точки крепления к груди. Дышите ритмично и контролируемо, не задерживайте дыхание. Уникальный угол нагрузки требует активной работы стабилизаторов корпуса, поэтому контролируемое дыхание критически важно для поддержания правильной техники и стабильности. Выдох при возвращении помогает расслабить мышцы и подготовить их к следующему повторению. Дышите глубоко для максимальной эффективности.","{""sets"":{""min"":3,""max"":5},""reps"":{""min"":8,""max"":15},""rest"":{""min"":90,""max"":150},""tempo"":""2-1-1-0"",""intensity"":{""min"":65,""max"":80}}","{""primary_muscles"":[""latissimus-dorsi"",""rhomboids"",""middle-deltoid""],""secondary_muscles"":[""biceps-brachii"",""trapezius"",""core-muscles"",""forearms""],""stabilizers"":[""erector-spinae"",""posterior-deltoid"",""transverse-abdominis"",""gluteus-maximus"",""quadriceps"",""rear-deltoid""]}",2025-01-15T10:00:00Z,2025-01-15T10:00:00Z
cable-crossover-row-low,pull,Выдох,Вдох,"Выдох при контролируемом возвращении рукояток вперед и вверх, глубокий вдох при мощном подтягивании рукояток из нижней точки крепления к поясу. Дышите ритмично и контролируемо, не задерживайте дыхание. Уникальный угол нагрузки требует активной работы стабилизаторов корпуса, поэтому контролируемое дыхание критически важно для поддержания правильной техники и стабильности. Выдох при возвращении помогает расслабить мышцы и подготовить их к следующему повторению. Дышите глубоко для максимальной эффективности.","{""sets"":{""min"":3,""max"":5},""reps"":{""min"":8,""max"":15},""rest"":{""min"":90,""max"":150},""tempo"":""2-1-1-0"",""intensity"":{""min"":65,""max"":80}}","{""primary_muscles"":[""latissimus-dorsi"",""rhomboids"",""middle-deltoid"",""biceps-brachii""],""secondary_muscles"":[""trapezius"",""core-muscles"",""forearms"",""brachialis"",""lower-latissimus-dorsi""],""stabilizers"":[""erector-spinae"",""posterior-deltoid"",""transverse-abdominis"",""gluteus-maximus"",""quadriceps"",""rear-deltoid""]}",2025-01-15T10:00:00Z,2025-01-15T10:00:00Z
cable-horizontal-row-kneeling,pull,Выдох,Вдох,"Выдох при контролируемом возвращении рукоятки вперед, глубокий вдох при мощном подтягивании рукоятки к поясу. Дышите ритмично и контролируемо, не задерживайте дыхание. Положение с колена требует активной работы кора для стабилизации, поэтому контролируемое дыхание критически важно для поддержания правильной техники и предотвращения компенсаций. Выдох при возвращении помогает расслабить мышцы и подготовить их к следующему повторению. Дышите глубоко для максимальной эффективности.","{""sets"":{""min"":3,""max"":5},""reps"":{""min"":8,""max"":12},""rest"":{""min"":90,""max"":150},""tempo"":""2-1-1-0"",""intensity"":{""min"":70,""max"":85}}","{""primary_muscles"":[""latissimus-dorsi"",""rhomboids"",""middle-deltoid"",""biceps-brachii""],""secondary_muscles"":[""trapezius"",""core-muscles"",""forearms"",""brachialis"",""transverse-abdominis"",""rectus-abdominis""],""stabilizers"":[""erector-spinae"",""posterior-deltoid"",""rear-deltoid"",""gluteus-maximus""]}",2025-01-15T10:00:00Z,2025-01-15T10:00:00Z
hammer-strength-row,pull,Выдох,Вдох,"Выдох при контролируемом возвращении рукояток вперед, глубокий вдох при мощном подтягивании рукояток к поясу. Дышите ритмично и контролируемо, не задерживайте дыхание. Независимые рычаги позволяют каждой руке работать независимо, поэтому контролируемое дыхание критически важно для поддержания правильной техники и синхронизации движения. Выдох при возвращении помогает расслабить мышцы и подготовить их к следующему повторению. Дышите глубоко для максимальной эффективности и поддержания выносливости.","{""sets"":{""min"":3,""max"":5},""reps"":{""min"":6,""max"":12},""rest"":{""min"":120,""max"":180},""tempo"":""2-1-1-0"",""intensity"":{""min"":70,""max"":85}}","{""primary_muscles"":[""latissimus-dorsi"",""rhomboids"",""middle-deltoid"",""biceps-brachii""],""secondary_muscles"":[""trapezius"",""core-muscles"",""forearms"",""brachialis""],""stabilizers"":[""erector-spinae"",""posterior-deltoid"",""rear-deltoid""]}",2025-11-08T20:00:00Z,2025-11-08T20:00:00Z
t-bar-row-machine,pull,Выдох,Вдох,"Выдох при контролируемом возвращении рукоятки вперед, глубокий вдох при мощном подтягивании рукоятки к поясу. Дышите ритмично и контролируемо, не задерживайте дыхание. Фиксированная траектория и упор груди обеспечивают стабильность корпуса, поэтому дыхание должно быть комфортным и естественным. Выдох при возвращении помогает расслабить мышцы и подготовить их к следующему повторению. Дышите глубоко для максимальной эффективности и поддержания выносливости.","{""sets"":{""min"":3,""max"":5},""reps"":{""min"":6,""max"":12},""rest"":{""min"":120,""max"":180},""tempo"":""2-1-1-0"",""intensity"":{""min"":70,""max"":85}}","{""primary_muscles"":[""latissimus-dorsi"",""rhomboids"",""middle-deltoid"",""biceps-brachii""],""secondary_muscles"":[""trapezius"",""core-muscles"",""forearms"",""brachialis""],""stabilizers"":[""erector-spinae"",""posterior-deltoid"",""rear-deltoid""]}",2025-11-08T20:00:00Z,2025-11-08T20:00:00Z
trx-row,pull,Выдох,Вдох,"Выдох при контролируемом возвращении тела в исходное положение, глубокий вдох при мощном подтягивании тела к рукояткам TRX. Контролируемое дыхание критически важно для поддержания стабильности TRX петель и правильной техники. Нестабильность TRX требует более осознанного контроля дыхания по сравнению с тягой на тренажере. Выдох при возвращении помогает расслабить мышцы и подготовить их к следующему повторению, а вдох при подтягивании помогает стабилизировать корпус и создать дополнительную силу для контроля петель. Не задерживайте дыхание - это может привести к потере контроля и нарушению стабильности.","{""sets"":{""min"":3,""max"":5},""reps"":{""min"":8,""max"":15},""rest"":{""min"":90,""max"":150},""tempo"":""2-1-1-0"",""intensity"":{""min"":60,""max"":75}}","{""primary_muscles"":[""latissimus-dorsi"",""rhomboids"",""middle-deltoid"",""biceps-brachii""],""secondary_muscles"":[""trapezius"",""core-muscles"",""forearms"",""brachialis""],""stabilizers"":[""erector-spinae"",""posterior-deltoid"",""transverse-abdominis"",""obliques""]}",2025-11-30T19:52:21Z,2025-11-30T19:52:21Z
trx-row-wide-grip,pull,Выдох,Вдох,"Выдох при контролируемом возвращении тела в исходное положение, глубокий вдох при мощном подтягивании тела к рукояткам TRX широким хватом. Контролируемое дыхание критически важно для поддержания стабильности TRX петель и правильной техники при широком хвате. Широкий хват на нестабильных петлях требует хорошей гибкости плеч и контроля, поэтому особенно важно контролировать дыхание для поддержания правильной техники и предотвращения чрезмерного растяжения плечевых суставов. Выдох при возвращении помогает расслабить мышцы, а вдох при подтягивании помогает стабилизировать корпус и создать дополнительную силу для контроля петель.","{""sets"":{""min"":3,""max"":5},""reps"":{""min"":6,""max"":15},""rest"":{""min"":90,""max"":150},""tempo"":""2-1-1-0"",""intensity"":{""min"":65,""max"":80}}","{""primary_muscles"":[""latissimus-dorsi"",""rhomboids"",""middle-deltoid""],""secondary_muscles"":[""trapezius"",""biceps-brachii"",""core-muscles"",""forearms""],""stabilizers"":[""erector-spinae"",""posterior-deltoid"",""transverse-abdominis"",""obliques"",""rear-deltoid""]}",2025-11-30T19:52:21Z,2025-11-30T19:52:21Z
trx-row-close-grip,pull,Выдох,Вдох,"Выдох при контролируемом возвращении тела в исходное положение, глубокий вдох при мощном подтягивании тела к рукояткам TRX узким хватом. Контролируемое дыхание критически важно для поддержания стабильности TRX петель и правильной техники при узком хвате. Узкий хват создает больший акцент на бицепсы и требует большего контроля, поэтому особенно важно контролировать дыхание для поддержания правильной техники. Выдох при возвращении помогает расслабить мышцы, а вдох при подтягивании помогает стабилизировать корпус и создать дополнительную силу для контроля петель.","{""sets"":{""min"":3,""max"":5},""reps"":{""min"":6,""max"":15},""rest"":{""min"":90,""max"":150},""tempo"":""2-1-1-0"",""intensity"":{""min"":65,""max"":80}}","{""primary_muscles"":[""latissimus-dorsi"",""rhomboids"",""biceps-brachii"",""brachialis""],""secondary_muscles"":[""trapezius"",""middle-deltoid"",""core-muscles"",""forearms"",""lower-latissimus-dorsi""],""stabilizers"":[""erector-spinae"",""posterior-deltoid"",""transverse-abdominis"",""obliques""]}",2025-11-30T19:52:21Z,2025-11-30T19:52:21Z
trx-row-archer,pull,Выдох,Вдох,"Выдох при контролируемом возвращении тела в исходное положение с смещением веса на рабочую руку, глубокий вдох при мощном подтягивании тела к рукояткам TRX. Контролируемое дыхание критически важно для поддержания стабильности TRX петель и правильной техники при односторонней нагрузке. Односторонняя работа требует максимального напряжения кора, поэтому правильное дыхание помогает создавать внутрибрюшное давление для стабилизации позвоночника. Не задерживайте дыхание - это может привести к потере контроля и травме. Дышите ритмично, синхронизируя дыхание с движением для максимальной эффективности и безопасности. Экстремальная односторонняя нагрузка на нестабильных петлях требует особого контроля дыхания.","{""sets"":{""min"":3,""max"":5},""reps"":{""min"":3,""max"":8},""rest"":{""min"":120,""max"":180},""tempo"":""3-1-1-0"",""intensity"":{""min"":80,""max"":95}}","{""primary_muscles"":[""latissimus-dorsi"",""rhomboids"",""middle-deltoid"",""biceps-brachii""],""secondary_muscles"":[""trapezius"",""core-muscles"",""obliques"",""forearms"",""brachialis""],""stabilizers"":[""erector-spinae"",""posterior-deltoid"",""transverse-abdominis"",""obliques"",""gluteus-maximus""]}",2025-11-30T19:52:21Z,2025-11-30T19:52:21Z
