id,exercise_id,level,message,related_body_part,recommendations,created_at
1,dumbbell-bench-press-flat,critical,Никогда не выполняйте упражнение без страховщика при работе с большими весами. Падение гантели может привести к серьезным травмам.,shoulder,"{""recommendations"":[""Используйте страховщика при работе с весами более 80% от максимума"",""Начинайте с легких весов для освоения техники"",""Используйте ограничители на скамье если они доступны""]}",2024-01-15T10:00:00Z
2,dumbbell-bench-press-flat,important,Следите за положением плеч - они не должны выходить вперед за линию груди. Это может привести к травме плечевого сустава.,shoulder,"{""recommendations"":[""Держите лопатки сведенными и прижатыми к скамье"",""Не опускайте гантели слишком низко"",""При дискомфорте в плечах уменьшите амплитуду движения""]}",2024-01-15T10:00:00Z
3,dumbbell-bench-press-flat,notice,"Контролируйте дыхание - не задерживайте его во время выполнения упражнения, это может повысить артериальное давление.",spine,"{""recommendations"":[""Вдох при опускании, выдох при подъеме"",""Дышите глубоко и ритмично"",""При головокружении прекратите упражнение""]}",2024-01-15T10:00:00Z
4,barbell-bench-press,critical,НИКОГДА не выполняйте жим штанги без страховщика! Падение штанги может привести к смертельным травмам.,shoulder,"{""recommendations"":[""Обязательно используйте страховщика при работе с любыми весами"",""Проверьте надежность стоек и замков"",""При работе в одиночку используйте ограничители""]}",2024-01-15T10:00:00Z
5,barbell-bench-press,important,Следите за положением плеч - они не должны выходить вперед за линию груди. Это может привести к травме плечевого сустава.,shoulder,"{""recommendations"":[""Держите лопатки сведенными и прижатыми к скамье"",""Не опускайте штангу слишком низко"",""При дискомфорте в плечах уменьшите амплитуду движения""]}",2024-01-15T10:00:00Z
6,barbell-bench-press,notice,"Контролируйте дыхание - используйте технику Вальсальвы при максимальных весах, но не задерживайте дыхание надолго.",spine,"{""recommendations"":[""Вдох при опускании, выдох при подъеме"",""При максимальных весах допустима кратковременная задержка дыхания"",""При головокружении немедленно прекратите упражнение""]}",2024-01-15T10:00:00Z
7,push-ups,important,Следите за положением плеч - они не должны выходить вперед за линию груди. Это может привести к травме плечевого сустава.,shoulder,"{""recommendations"":[""Держите лопатки стабильными"",""Не опускайтесь слишком низко при проблемах с плечами"",""При дискомфорте в плечах уменьшите амплитуду движения""]}",2024-01-15T10:00:00Z
8,push-ups,notice,"Контролируйте дыхание - не задерживайте его во время выполнения упражнения, это может повысить артериальное давление.",spine,"{""recommendations"":[""Вдох при опускании, выдох при подъеме"",""Дышите глубоко и ритмично"",""При головокружении прекратите упражнение""]}",2024-01-15T10:00:00Z
9,incline-dumbbell-press,important,Следите за положением плеч - они не должны выходить вперед за линию груди. Это может привести к травме плечевого сустава.,shoulder,"{""recommendations"":[""Держите лопатки сведенными и прижатыми к скамье"",""Не опускайте гантели слишком низко"",""При дискомфорте в плечах уменьшите амплитуду движения""]}",2024-01-15T10:00:00Z
10,incline-dumbbell-press,notice,"Контролируйте дыхание - не задерживайте его во время выполнения упражнения, это может повысить артериальное давление.",spine,"{""recommendations"":[""Вдох при опускании, выдох при подъеме"",""Дышите глубоко и ритмично"",""При головокружении прекратите упражнение""]}",2024-01-15T10:00:00Z
11,dips-chest-focus,critical,НИКОГДА не опускайтесь слишком глубоко! Это может привести к серьезным травмам плечевых суставов и растяжению связок.,shoulder,"{""recommendations"":[""Опускайтесь только до комфортного растяжения"",""При дискомфорте в плечах уменьшите амплитуду"",""Начинайте с частичной амплитуды для освоения техники""]}",2024-01-15T10:00:00Z
12,dips-chest-focus,important,Следите за положением плеч - они не должны выходить вперед за линию груди. Это может привести к травме плечевого сустава.,shoulder,"{""recommendations"":[""Держите плечи стабильными"",""Не опускайтесь слишком низко при проблемах с плечами"",""При дискомфорте в плечах прекратите упражнение""]}",2024-01-15T10:00:00Z
13,machine-chest-press-plate-loaded,important,Следите за положением плеч - они не должны выходить вперед за линию груди. Это может привести к травме плечевого сустава.,shoulder,"{""recommendations"":[""Держите плечи стабильными"",""Не опускайте рукоятки слишком низко"",""При дискомфорте в плечах уменьшите амплитуду движения""]}",2024-01-15T10:00:00Z
14,machine-chest-press-plate-loaded,notice,"Контролируйте дыхание - не задерживайте его во время выполнения упражнения, это может повысить артериальное давление.",spine,"{""recommendations"":[""Вдох при опускании, выдох при подъеме"",""Дышите глубоко и ритмично"",""При головокружении прекратите упражнение""]}",2024-01-15T10:00:00Z
15,smith-machine-bench-press,important,Следите за положением плеч - они не должны выходить вперед за линию груди. Это может привести к травме плечевого сустава.,shoulder,"{""recommendations"":[""Держите лопатки сведенными и прижатыми к скамье"",""Не опускайте штангу слишком низко"",""При дискомфорте в плечах уменьшите амплитуду движения""]}",2024-01-15T10:00:00Z
16,smith-machine-bench-press,notice,"Контролируйте дыхание - не задерживайте его во время выполнения упражнения, это может повысить артериальное давление.",spine,"{""recommendations"":[""Вдох при опускании, выдох при подъеме"",""Дышите глубоко и ритмично"",""При головокружении прекратите упражнение""]}",2024-01-15T10:00:00Z
17,decline-dumbbell-press,critical,Надежно зафиксируйте ноги в упорах скамьи! Соскальзывание может привести к падению и серьезным травмам головы.,head,"{""recommendations"":[""Убедитесь в надежной фиксации ног перед началом"",""Используйте скамью с качественными упорами"",""При необходимости попросите страховщика""]}",2024-01-15T10:00:00Z
18,decline-dumbbell-press,important,Следите за положением плеч - они не должны выходить вперед за линию груди. Это может привести к травме плечевого сустава.,shoulder,"{""recommendations"":[""Держите лопатки сведенными и прижатыми к скамье"",""Не опускайте гантели слишком низко"",""При дискомфорте в плечах уменьшите амплитуду движения""]}",2024-01-15T10:00:00Z
19,decline-dumbbell-press,notice,"Контролируйте дыхание - не задерживайте его во время выполнения упражнения, это может повысить артериальное давление и головокружение.",spine,"{""recommendations"":[""Вдох при опускании, выдох при подъеме"",""Дышите глубоко и ритмично"",""При головокружении немедленно прекратите упражнение""]}",2024-01-15T10:00:00Z
20,push-ups-on-handles,important,Следите за положением плеч - они не должны выходить вперед за линию груди. Это может привести к травме плечевого сустава.,shoulder,"{""recommendations"":[""Держите плечи стабильными"",""Не опускайтесь слишком низко при проблемах с плечами"",""При дискомфорте в плечах уменьшите амплитуду движения""]}",2024-01-15T10:00:00Z
21,push-ups-on-handles,notice,"Контролируйте дыхание - не задерживайте его во время выполнения упражнения, это может повысить артериальное давление.",spine,"{""recommendations"":[""Вдох при опускании, выдох при подъеме"",""Дышите глубоко и ритмично"",""При головокружении прекратите упражнение""]}",2024-01-15T10:00:00Z
22,dumbbell-fly-flat-bench,important,Сохраняйте небольшой сгиб в локтях на протяжении всего движения - выпрямление рук может привести к травме локтевого сустава.,elbow,"{""recommendations"":[""Держите угол в локтях 10-15 градусов постоянно"",""Представьте, что держите мяч между руками"",""При усталости уменьшите вес гантелей""]}",2024-01-15T10:00:00Z
23,dumbbell-fly-flat-bench,important,Не опускайте гантели ниже уровня плеч - это может привести к перерастяжению плечевого сустава и травме.,shoulder,"{""recommendations"":[""Останавливайтесь на уровне плеч"",""При дискомфорте в плечах уменьшите амплитуду"",""Начинайте с легких весов для освоения техники""]}",2024-01-15T10:00:00Z
24,dumbbell-fly-flat-bench,notice,Начинайте с легких весов для освоения правильной техники - разведение требует хорошего контроля и координации.,shoulder,"{""recommendations"":[""Используйте вес, с которым можете выполнить 15-20 повторений"",""Сосредоточьтесь на технике, а не на весе"",""Постепенно увеличивайте нагрузку""]}",2024-01-15T10:00:00Z
25,dumbbell-fly-floor,important,Не пытайтесь увеличить амплитуду движения - пол ограничивает диапазон для вашей безопасности.,elbow,"{""recommendations"":[""Останавливайтесь при касании локтями пола"",""Не отрывайте лопатки от пола"",""Используйте умеренные веса""]}",2024-01-15T10:00:00Z
26,dumbbell-fly-floor,notice,Это упражнение идеально для начинающих и восстановления после травм плеч благодаря ограниченной амплитуде.,shoulder,"{""recommendations"":[""Начинайте с очень легких весов"",""Сосредоточьтесь на технике и контроле"",""Постепенно увеличивайте нагрузку""]}",2024-01-15T10:00:00Z
27,dumbbell-fly-incline-bench,important,Сохраняйте небольшой сгиб в локтях на протяжении всего движения - выпрямление рук может привести к травме локтевого сустава.,elbow,"{""recommendations"":[""Держите угол в локтях 10-15 градусов постоянно"",""Представьте, что держите мяч между руками"",""При усталости уменьшите вес гантелей""]}",2024-01-15T10:00:00Z
28,dumbbell-fly-incline-bench,important,Не опускайте гантели ниже уровня плеч - это может привести к перерастяжению плечевого сустава и травме.,shoulder,"{""recommendations"":[""Останавливайтесь на уровне плеч"",""При дискомфорте в плечах уменьшите амплитуду"",""Начинайте с легких весов для освоения техники""]}",2024-01-15T10:00:00Z
29,dumbbell-fly-incline-bench,notice,Контролируйте угол наклона скамьи - оптимальный диапазон 30-45 градусов для акцента на верхнюю часть груди.,shoulder,"{""recommendations"":[""Начинайте с 30 градусов"",""Постепенно увеличивайте угол"",""При дискомфорте в плечах уменьшите наклон""]}",2024-01-15T10:00:00Z
30,cable-fly-flat,important,Сохраняйте небольшой сгиб в локтях на протяжении всего движения - выпрямление рук может привести к травме локтевого сустава.,elbow,"{""recommendations"":[""Держите угол в локтях 10-15 градусов постоянно"",""Представьте, что держите мяч между руками"",""При усталости уменьшите вес""]}",2024-01-15T10:00:00Z
31,cable-fly-flat,important,Не опускайте руки ниже уровня плеч - это может привести к перерастяжению плечевого сустава и травме.,shoulder,"{""recommendations"":[""Останавливайтесь на уровне плеч"",""При дискомфорте в плечах уменьшите амплитуду"",""Начинайте с легких весов для освоения техники""]}",2024-01-15T10:00:00Z
32,cable-fly-flat,notice,Контролируйте постоянное натяжение кабелей - это ключевое преимущество упражнения перед свободными весами.,shoulder,"{""recommendations"":[""Не расслабляйтесь в растянутой позиции"",""Сосредоточьтесь на постоянном напряжении"",""Используйте умеренные веса для контроля""]}",2024-01-15T10:00:00Z
33,cable-fly-standing,important,Сохраняйте небольшой сгиб в локтях на протяжении всего движения - выпрямление рук может привести к травме локтевого сустава.,elbow,"{""recommendations"":[""Держите угол в локтях 10-15 градусов постоянно"",""Представьте, что держите мяч между руками"",""При усталости уменьшите вес""]}",2024-01-15T10:00:00Z
34,cable-fly-standing,important,Не опускайте руки ниже уровня плеч - это может привести к перерастяжению плечевого сустава и травме.,shoulder,"{""recommendations"":[""Останавливайтесь на уровне плеч"",""При дискомфорте в плечах уменьшите амплитуду"",""Начинайте с легких весов для освоения техники""]}",2024-01-15T10:00:00Z
35,cable-fly-standing,important,Сохраняйте стабильность корпуса - раскачивание тела снижает эффективность и может привести к травме спины.,back,"{""recommendations"":[""Напрягите мышцы кора"",""Держите спину прямо"",""Не раскачивайтесь во время движения""]}",2024-01-15T10:00:00Z
36,pec-deck-fly,important,Сохраняйте небольшой сгиб в локтях на протяжении всего движения - выпрямление рук может привести к травме локтевого сустава.,elbow,"{""recommendations"":[""Держите угол в локтях 10-15 градусов постоянно"",""Представьте, что держите мяч между руками"",""При усталости уменьшите вес""]}",2024-01-15T10:00:00Z
37,pec-deck-fly,important,Не опускайте руки ниже уровня плеч - это может привести к перерастяжению плечевого сустава и травме.,shoulder,"{""recommendations"":[""Останавливайтесь на уровне плеч"",""При дискомфорте в плечах уменьшите амплитуду"",""Начинайте с легких весов для освоения техники""]}",2024-01-15T10:00:00Z
38,pec-deck-fly,notice,Прижимайте спину к спинке сиденья - это обеспечивает стабильность и правильную технику выполнения.,back,"{""recommendations"":[""Не отрывайте спину от спинки"",""Сиденье должно быть отрегулировано по росту"",""Сосредоточьтесь на изоляции грудных мышц""]}",2024-01-15T10:00:00Z
39,pec-deck-fly,critical,ОБЯЗАТЕЛЬНО отрегулируйте высоту сиденья перед началом упражнения! Неправильная настройка может привести к травме плечевых суставов и неэффективной работе мышц.,shoulder,"{""recommendations"":[""Рукоятки должны быть на уровне груди"",""Плечи должны быть параллельны полу в исходном положении"",""При необходимости попросите тренера помочь с настройкой""]}",2024-01-15T10:00:00Z
40,cable-crossover-low-to-high,important,Сохраняйте небольшой сгиб в локтях на протяжении всего движения - выпрямление рук может привести к травме локтевого сустава.,elbow,"{""recommendations"":[""Держите угол в локтях 10-15 градусов постоянно"",""Представьте, что держите мяч между руками"",""При усталости уменьшите вес"",""Не выпрямляйте руки полностью в нижней точке""]}",2024-01-15T10:00:00Z
41,cable-crossover-low-to-high,important,Не поднимайте руки слишком высоко в исходном положении - руки выше уровня плеч могут привести к перерастяжению плечевого сустава и потере акцента на нижнюю часть груди.,shoulder,"{""recommendations"":[""Руки должны быть на уровне плеч или чуть выше"",""При дискомфорте в плечах опустите руки ниже"",""Начинайте с легких весов для освоения техники"",""Контролируйте исходное положение перед началом движения""]}",2024-01-15T10:00:00Z
42,cable-crossover-low-to-high,important,Сохраняйте стабильность корпуса - раскачивание тела снижает эффективность и может привести к травме спины.,back,"{""recommendations"":[""Напрягите мышцы кора"",""Держите спину прямо"",""Не раскачивайтесь во время движения""]}",2024-01-15T10:00:00Z
43,dumbbell-pullover,important,Не опускайте гантель слишком глубоко за голову - это может привести к перерастяжению плечевых суставов и травме.,shoulder,"{""recommendations"":[""Останавливайтесь на уровне головы"",""При дискомфорте в плечах уменьшите амплитуду"",""Начинайте с легких весов для освоения техники""]}",2024-01-15T10:00:00Z
44,dumbbell-pullover,important,Сохраняйте небольшой сгиб в локтях - выпрямление рук может привести к потере контроля над гантелью.,elbow,"{""recommendations"":[""Держите угол в локтях 10-15 градусов постоянно"",""Представьте, что держите мяч между руками"",""При усталости уменьшите вес""]}",2024-01-15T10:00:00Z
45,dumbbell-pullover,notice,Прижимайте спину к скамье - это обеспечивает стабильность и правильную технику выполнения.,back,"{""recommendations"":[""Не отрывайте спину от скамьи"",""Сосредоточьтесь на растяжении грудных мышц"",""Дышите глубоко для расширения грудной клетки""]}",2024-01-15T10:00:00Z
46,resistance-band-fly,important,"Правильно выберите сопротивление ленты - слишком слабое не даст эффекта, слишком сильное нарушит технику.",resistance,"{""recommendations"":[""Начинайте с легкого сопротивления"",""Постепенно увеличивайте нагрузку"",""При усталости уменьшите сопротивление""]}",2024-01-15T10:00:00Z
47,resistance-band-fly,important,"Не разводите руки слишком глубоко - это может привести к перерастяжению плечевых суставов и травме.",shoulder,"{""recommendations"":[""Останавливайтесь на уровне плеч"",""При дискомфорте в плечах уменьшите амплитуду"",""Начинайте с легкого сопротивления для освоения техники""]}",2024-01-15T10:00:00Z
48,resistance-band-fly,notice,"Сохраняйте стабильность корпуса - это обеспечивает правильную технику и максимальную эффективность.",back,"{""recommendations"":[""Напрягите мышцы кора"",""Держите спину прямо"",""Не раскачивайтесь во время движения""]}",2024-01-15T10:00:00Z
49,incline-barbell-bench-press,critical,НИКОГДА не выполняйте жим штанги на наклонной скамье без страховщика! Падение штанги может привести к смертельным травмам.,shoulder,"{""recommendations"":[""Обязательно используйте страховщика при работе с любыми весами"",""Проверьте надежность стоек и замков"",""При работе в одиночку используйте ограничители""]}",2024-01-15T10:00:00Z
50,incline-barbell-bench-press,important,Следите за положением плеч - они не должны выходить вперед за линию груди. Это может привести к травме плечевого сустава.,shoulder,"{""recommendations"":[""Держите лопатки сведенными и прижатыми к скамье"",""Не опускайте штангу слишком низко"",""При дискомфорте в плечах уменьшите амплитуду движения""]}",2024-01-15T10:00:00Z
51,incline-barbell-bench-press,notice,Контролируйте угол наклона скамьи - оптимальный диапазон 30-45 градусов для акцента на верхнюю часть груди.,shoulder,"{""recommendations"":[""Начинайте с 30 градусов для освоения техники"",""Проверьте надежность фиксации скамьи"",""При дискомфорте в плечах уменьшите угол наклона""]}",2024-01-15T10:00:00Z
52,decline-barbell-bench-press,critical,НИКОГДА не выполняйте жим штанги на скамье с отрицательным наклоном без страховщика! Падение штанги может привести к смертельным травмам.,shoulder,"{""recommendations"":[""Обязательно используйте страховщика при работе с любыми весами"",""Проверьте надежность стоек и замков"",""При работе в одиночку используйте ограничители""]}",2024-01-15T10:00:00Z
53,decline-barbell-bench-press,critical,Надежно зафиксируйте ноги в упорах скамьи! Соскальзывание может привести к падению и смертельным травмам головы и шеи.,head,"{""recommendations"":[""Убедитесь в надежной фиксации ног перед началом"",""Используйте скамью с качественными упорами"",""Дважды проверьте фиксацию перед каждым подходом""]}",2024-01-15T10:00:00Z
54,decline-barbell-bench-press,important,Следите за положением плеч - они не должны выходить вперед за линию груди. Это может привести к травме плечевого сустава.,shoulder,"{""recommendations"":[""Держите лопатки сведенными и прижатыми к скамье"",""Не опускайте штангу слишком низко"",""При дискомфорте в плечах уменьшите амплитуду движения""]}",2024-01-15T10:00:00Z
55,close-grip-push-ups,important,"Следите за положением локтей - они должны быть направлены назад вдоль тела, а не разводиться в стороны. Разведение локтей снижает акцент на трицепсы и может привести к травме плечевых суставов.",elbow,"{""recommendations"":[""Держите локти близко к телу на протяжении всего движения"",""Представьте, что локти скользят вдоль ребер"",""При дискомфорте в локтях уменьшите количество повторений""]}",2024-01-15T10:00:00Z
56,close-grip-push-ups,important,"Следите за положением запястий - слишком узкая постановка рук создает чрезмерную нагрузку на запястья и может привести к травме. Если чувствуете дискомфорт, немного расширьте хват.",wrist,"{""recommendations"":[""Расположите руки на ширине плеч или чуть уже"",""При болях в запястьях используйте упоры для отжиманий"",""Выполняйте разминку запястий перед упражнением""]}",2024-01-15T10:00:00Z
57,close-grip-push-ups,notice,"Контролируйте дыхание - не задерживайте его во время выполнения упражнения, это может повысить артериальное давление и снизить эффективность.",spine,"{""recommendations"":[""Вдох при опускании, выдох при подъеме"",""Дышите глубоко и ритмично"",""При головокружении прекратите упражнение""]}",2024-01-15T10:00:00Z
58,wide-grip-push-ups,important,"Следите за шириной постановки рук - чрезмерно широкая постановка (более чем в 2 раза шире плеч) создает излишнюю нагрузку на плечевые суставы и может привести к травме. Оптимальная ширина - в 1.5-2 раза шире плеч.",shoulder,"{""recommendations"":[""Начинайте с ширины в 1.5 раза шире плеч"",""При дискомфорте в плечах уменьшите ширину хвата"",""Если чувствуете чрезмерное растяжение, прекратите упражнение""]}",2024-01-15T10:00:00Z
59,wide-grip-push-ups,important,"Следите за положением плеч - они не должны выходить вперед за линию груди при широкой постановке рук. Это может привести к травме плечевого сустава и чрезмерному растяжению.",shoulder,"{""recommendations"":[""Держите лопатки стабильными на протяжении всего движения"",""Не опускайтесь слишком низко при проблемах с плечами"",""При дискомфорте в плечах уменьшите амплитуду движения""]}",2024-01-15T10:00:00Z
60,wide-grip-push-ups,notice,"Контролируйте дыхание - не задерживайте его во время выполнения упражнения, это может повысить артериальное давление. Широкая постановка рук требует хорошей гибкости плеч, поэтому контролируемое дыхание помогает поддерживать правильную технику.",spine,"{""recommendations"":[""Вдох при опускании, выдох при подъеме"",""Дышите глубоко и ритмично"",""При головокружении или дискомфорте в плечах прекратите упражнение""]}",2024-01-15T10:00:00Z
61,decline-push-ups,critical,"НИКОГДА не используйте слишком высокое возвышение (более 60-70 см) без должной подготовки. Наклонное положение с головой ниже ног значительно увеличивает нагрузку на плечевые суставы и может вызвать головокружение или повышение артериального давления. Начинайте с низкой высоты (30-40 см) и постепенно увеличивайте.",shoulder,"{""recommendations"":[""Начинайте с небольшой высоты возвышения (30-40 см)"",""При головокружении или дискомфорте немедленно прекратите упражнение"",""Не используйте слишком высокое возвышение без подготовки"",""При проблемах с давлением избегайте этого упражнения""]}",2024-01-15T10:00:00Z
62,decline-push-ups,important,"Следите за стабильностью корпуса - наклонное положение значительно усложняет поддержание прямой линии тела. Провисание таза или выгибание спины увеличивает риск травмы позвоночника и снижает эффективность упражнения.",spine,"{""recommendations"":[""Напрягайте пресс и ягодицы на протяжении всего упражнения"",""Представьте, что держите монету между ягодицами"",""Держите голову в нейтральном положении"",""Не допускайте провисания таза""]}",2024-01-15T10:00:00Z
63,decline-push-ups,notice,"Контролируйте дыхание - наклонное положение может вызывать дискомфорт при дыхании. Не задерживайте дыхание, это может повысить артериальное давление и вызвать головокружение. Дышите ритмично на протяжении всего движения.",spine,"{""recommendations"":[""Вдох при опускании, выдох при подъеме"",""Дышите глубоко и контролируемо"",""При головокружении или дискомфорте немедленно прекратите упражнение""]}",2024-01-15T10:00:00Z
64,incline-push-ups,important,"Убедитесь в устойчивости возвышения перед началом упражнения. Нестабильная поверхность (неустойчивый стул, шатающаяся скамья) может привести к падению и серьезным травмам. Проверьте прочность и устойчивость возвышения перед использованием.",shoulder,"{""recommendations"":[""Используйте прочное и устойчивое возвышение"",""Проверьте надежность поверхности перед началом"",""Не используйте неустойчивые предметы в качестве возвышения"",""При необходимости используйте нескользящую поверхность""]}",2024-01-15T10:00:00Z
65,incline-push-ups,important,"Следите за положением плеч - они не должны выходить вперед за линию груди. Это может привести к травме плечевого сустава. Упрощенная версия отжиманий должна быть безопасной, но правильная техника критически важна.",shoulder,"{""recommendations"":[""Держите лопатки стабильными"",""Не опускайтесь слишком низко при проблемах с плечами"",""При дискомфорте в плечах уменьшите амплитуду движения"",""Сохраняйте правильную технику даже при упрощенном упражнении""]}",2024-01-15T10:00:00Z
66,incline-push-ups,notice,"Контролируйте дыхание - не задерживайте его во время выполнения упражнения, это может повысить артериальное давление. Упрощенная версия позволяет лучше контролировать дыхание, используйте это для освоения правильной техники.",spine,"{""recommendations"":[""Вдох при опускании, выдох при подъеме"",""Дышите глубоко и ритмично"",""При головокружении прекратите упражнение"",""Используйте контролируемое дыхание для улучшения техники""]}",2024-01-15T10:00:00Z
67,plyometric-push-ups,critical,"Убедитесь в наличии достаточной базовой силы перед выполнением плиометрических отжиманий. Вы должны уметь выполнить минимум 30 качественных классических отжиманий без остановки, иначе риск травмы многократно возрастает.",shoulder,"{""recommendations"":[""Сначала освоите обычные отжимания до 30+ повторений"",""Освойте отжимания с легким отрывом рук"",""Развивайте базовую силу перед плиометрикой"",""Никогда не форсируйте прогрессию""]}",2024-01-15T10:00:00Z
68,plyometric-push-ups,important,"Используйте мягкую поверхность для защиты запястий от жестких ударов. Плиометрические отжимания создают значительную ударную нагрузку на запястья при приземлении, что может привести к травме на твердых поверхностях.",wrist,"{""recommendations"":[""Используйте специальные плиометрические маты или коврики"",""Избегайте твердых поверхностей типа бетона или плитки"",""При отсутствии мягкой поверхности лучше не выполнять упражнение"",""Можно использовать толстый ковер или гимнастические маты""]}",2024-01-15T10:00:00Z
69,plyometric-push-ups,notice,"Контролируйте приземление - не допускайте жесткого удара. Приземление должно быть мягким и контролируемым. Немедленно поглощайте силу приземления сгибанием локтей. Жесткое приземление может привести к травме запястий, локтей и плеч.",wrist,"{""recommendations"":[""Приземляйтесь мягко с небольшим сгибанием локтей"",""Не останавливайтесь в нижней точке сразу после приземления"",""Начните с небольшой высоты отрыва"",""Развивайте технику мягкого приземления""]}",2024-01-15T10:00:00Z
70,ring-push-ups,critical,"Начинайте с колец на высоте от пола и постепенно опускайте их по мере роста силы. Слишком низкое положение колец может привести к потере контроля и падению с серьезными последствиями.",shoulder,"{""recommendations"":[""Начинайте с колец на высоте 50-60 см от пола"",""Постепенно опускайте кольца по мере роста силы"",""Никогда не начинайте с пола без подготовки"",""Убедитесь в безопасном окружении перед началом""]}",2024-01-15T10:00:00Z
71,ring-push-ups,important,"Активно контролируйте стабильность колец на протяжении всего движения. Не допускайте чрезмерного разворота колец наружу, это создает опасную нагрузку на плечевые суставы и может привести к травме.",shoulder,"{""recommendations"":[""Держите локти направленными назад под углом 45 градусов"",""Активно сопротивляйтесь вращению колец наружу"",""Контролируйте кольца на протяжении всей амплитуды движения"",""При потере контроля немедленно остановитесь""]}",2024-01-15T10:00:00Z
72,ring-push-ups,important,"Требуется значительная сила кора для предотвращения провисания таза. Если не можете удерживать прямую линию тела, вернитесь к отжиманиям на стабильной поверхности для развития базовой силы.",spine,"{""recommendations"":[""Освойте сначала обычные отжимания до 20+ повторений"",""Развивайте силу планки до 60+ секунд"",""Напрягайте кор и ягодицы на протяжении всего движения"",""Прекратите упражнение при потере контроля""]}",2024-01-15T10:00:00Z
73,dumbbell-press-neutral-grip,critical,"Никогда не выполняйте упражнение без страховщика при работе с большими весами. Падение гантели может привести к серьезным травмам. Особенно опасно при усталости, когда контроль над гантелями снижается.",shoulder,"{""recommendations"":[""Используйте страховщика при работе с весами более 80% от максимума"",""Начинайте с легких весов для освоения техники нейтрального хвата"",""Используйте ограничители на скамье если они доступны"",""При усталости немедленно прекратите упражнение""]}",2024-01-15T10:00:00Z
74,dumbbell-press-neutral-grip,important,"Следите за сохранением нейтрального хвата на протяжении всего движения. Поворот ладоней наружу или внутрь снижает эффективность упражнения и может изменить нагрузку на мышцы. Нейтральный хват - ключевой момент техники.",shoulder,"{""recommendations"":[""Держите ладони всегда направленными друг к другу"",""Сосредоточьтесь на контроле хвата на протяжении всего подхода"",""При усталости проверяйте правильность хвата"",""Начинайте с легких весов для закрепления техники""]}",2024-01-15T10:00:00Z
75,dumbbell-press-neutral-grip,notice,"Контролируйте дыхание - не задерживайте его во время выполнения упражнения, это может повысить артериальное давление. Дышите глубоко и ритмично на протяжении всего движения.",spine,"{""recommendations"":[""Вдох при опускании гантелей, выдох при жиме вверх"",""Дышите глубоко и контролируемо"",""При головокружении прекратите упражнение"",""Не используйте технику Вальсальвы в этом упражнении""]}",2024-01-15T10:00:00Z
77,smith-machine-incline-bench-press,important,"Следите за положением плеч - они не должны выходить вперед за линию груди. Это может привести к травме плечевого сустава. Наклонное положение требует особого внимания к стабильности плеч.",shoulder,"{""recommendations"":[""Держите лопатки сведенными и прижатыми к скамье"",""Не опускайте штангу слишком низко"",""При дискомфорте в плечах уменьшите амплитуду движения"",""Контролируйте угол наклона скамьи""]}",2024-01-15T10:00:00Z
78,smith-machine-incline-bench-press,notice,"Контролируйте дыхание - не задерживайте его во время выполнения упражнения, это может повысить артериальное давление и головокружение из-за наклонного положения.",spine,"{""recommendations"":[""Вдох при опускании штанги, выдох при жиме вверх"",""Дышите глубоко и ритмично"",""При головокружении немедленно прекратите упражнение"",""Наклонное положение требует более контролируемого дыхания""]}",2024-01-15T10:00:00Z
79,smith-machine-incline-bench-press,important,"Контролируйте угол наклона скамьи - оптимальный диапазон 30-45 градусов для акцента на верхнюю часть груди. Слишком большой угол смещает нагрузку на плечи, слишком маленький - на среднюю часть груди.",shoulder,"{""recommendations"":[""Начинайте с угла 30 градусов"",""Постепенно увеличивайте угол до 45 градусов"",""При дискомфорте в плечах уменьшите наклон"",""Используйте регулируемую скамью для точной настройки""]}",2024-01-15T10:00:00Z
80,smith-machine-decline-bench-press,critical,"Надежно зафиксируйте ноги в упорах скамьи! Соскальзывание может привести к падению и смертельным травмам головы и шеи. Положение головой вниз делает это особенно опасным.",head,"{""recommendations"":[""Убедитесь в надежной фиксации ног перед началом упражнения"",""Используйте скамью с качественными упорами"",""Дважды проверьте фиксацию перед каждым подходом"",""При необходимости попросите партнера проверить фиксацию""]}",2024-01-15T10:00:00Z
81,smith-machine-decline-bench-press,important,"Следите за положением плеч - они не должны выходить вперед за линию груди. Это может привести к травме плечевого сустава. Положение вниз головой требует особого внимания к стабильности плеч.",shoulder,"{""recommendations"":[""Держите лопатки сведенными и прижатыми к скамье"",""Не опускайте штангу слишком низко"",""При дискомфорте в плечах уменьшите амплитуду движения"",""Контролируйте угол наклона скамьи""]}",2024-01-15T10:00:00Z
82,smith-machine-decline-bench-press,notice,"Контролируйте дыхание - не задерживайте его во время выполнения упражнения. Положение головой вниз может вызвать повышение артериального давления и головокружение. Дышите глубоко и контролируемо на протяжении всего движения.",spine,"{""recommendations"":[""Вдох при опускании штанги, выдох при жиме вверх"",""Дышите глубоко и ритмично"",""При головокружении немедленно прекратите упражнение"",""Наклонное положение требует более контролируемого дыхания""]}",2024-01-15T10:00:00Z
83,cable-crossover-high-to-low,important,Сохраняйте небольшой сгиб в локтях на протяжении всего движения - выпрямление рук может привести к травме локтевого сустава.,elbow,"{""recommendations"":[""Держите угол в локтях 10-15 градусов постоянно"",""Представьте, что держите мяч между руками"",""При усталости уменьшите вес"",""Не выпрямляйте руки полностью в нижней точке""]}",2024-01-15T10:00:00Z
84,cable-crossover-high-to-low,important,Не поднимайте руки слишком высоко в исходном положении - руки выше уровня плеч могут привести к перерастяжению плечевого сустава и потере акцента на нижнюю часть груди.,shoulder,"{""recommendations"":[""Руки должны быть на уровне плеч или чуть выше"",""При дискомфорте в плечах опустите руки ниже"",""Начинайте с легких весов для освоения техники"",""Контролируйте исходное положение перед началом движения""]}",2024-01-15T10:00:00Z
85,cable-crossover-high-to-low,important,Сохраняйте стабильность корпуса - раскачивание тела снижает эффективность и может привести к травме спины. Стоячее положение требует активной стабилизации.,back,"{""recommendations"":[""Напрягите мышцы кора на протяжении всего упражнения"",""Держите спину прямо, слегка наклонив корпус вперед"",""Не раскачивайтесь во время движения"",""Стойте устойчиво на ногах""]}",2024-01-15T10:00:00Z
86,one-arm-push-up,critical,"Высокая нагрузка на плечевой сустав рабочей руки. Односторонняя работа создает экстремальные нагрузки, требующие значительной силы и стабильности. Не выполняйте это упражнение без должной подготовки и развитой силы верхней части тела.",shoulder,"{""recommendations"":[""Освойте сначала обычные отжимания до 25+ повторений"",""Развивайте силу кора и стабилизаторов"",""Используйте отжимания лучника как промежуточную прогрессию"",""При любом дискомфорте в плече немедленно прекратите""]}",2024-01-15T10:00:00Z
87,one-arm-push-up,important,"Контроль ротации корпуса - критически важен для предотвращения травмы позвоночника и поддержания правильной техники. Ротация увеличивает риск компрессионной травмы и снижает эффективность упражнения.",spine,"{""recommendations"":[""Используйте широкую постановку ног для стабильной базы"",""Активно напрягайте пресс и косые мышцы для предотвращения ротации"",""Визуализируйте удержание прямой линии тела"",""Начинайте с неполной амплитуды для освоения контроля""]}",2024-01-15T10:00:00Z
88,one-arm-push-up,important,"Напряжение кора на протяжении всего движения обязательно для безопасности и эффективности. Односторонние упражнения максимально нагружают стабилизаторы и требуют постоянного контроля.",core,"{""recommendations"":[""Напрягайте пресс, ягодицы и косые мышцы постоянно"",""Представьте брюшной пресс как жесткий корсет"",""Не допускайте провисания таза в любую фазу"",""Дышите ритмично для поддержания внутрибрюшного давления""]}",2024-01-15T10:00:00Z
89,hammer-chest-press-one-arm,important,"Контроль стабильности корпуса при односторонней работе критически важен. Ротация позвоночника или таза в сторону рабочей руки увеличивает риск травмы и снижает эффективность. Напрягайте мышцы кора и спины постоянно для поддержания правильного положения.",core,"{""recommendations"":[""Напрягайте пресс, ягодицы и косые мышцы на протяжении всего движения"",""Держите таз и плечи параллельно друг другу"",""Не допускайте ротации в любую сторону"",""Прижимайте всю спину к спинке тренажера""]}",2024-01-15T10:00:00Z
90,hammer-chest-press-one-arm,important,"Правильное положение сиденья и высота рукоятки - отрегулируйте тренажер так, чтобы рукоятка находилась на уровне груди или чуть ниже. Неправильная настройка может привести к нарушению техники и травме плечевого сустава.",shoulder,"{""recommendations"":[""Рукоятка должна быть на уровне середины груди"",""Плечо должно быть параллельно полу в исходном положении"",""При необходимости попросите тренера помочь с настройкой"",""Проверьте настройку перед каждым подходом""]}",2024-01-15T10:00:00Z
91,hammer-chest-press-one-arm,notice,"Контролируемое движение без рывков - односторонняя работа требует большего контроля, чем двусторонняя. Используйте вес, с которым можете выполнить все повторения в правильной технике. При усталости и потере контроля немедленно прекратите упражнение.",shoulder,"{""recommendations"":[""Используйте вес меньше, чем при двустороннем жиме"",""Опускайте рукоятку медленно и контролируемо"",""Избегайте использования инерции или рывков"",""При потере контроля снизьте вес""]}",2024-01-15T10:00:00Z
92,cable-pullover,important,"Сохраняйте небольшой сгиб в локтях на протяжении всего движения - выпрямление рук может привести к травме локтевого сустава и потере контроля.",elbow,"{""recommendations"":[""Держите угол в локтях 10-15 градусов постоянно"",""Представьте, что держите мяч между руками"",""При усталости уменьшите вес""]}",2024-01-15T10:00:00Z
93,cable-pullover,important,"Не опускайте рукоятку слишком низко - это может привести к перерастяжению плечевых суставов и травме. Останавливайтесь на уровне ушей или чуть ниже.",shoulder,"{""recommendations"":[""Останавливайтесь на уровне ушей или чуть ниже"",""При дискомфорте в плечах уменьшите амплитуду движения"",""Начинайте с легких весов для освоения техники""]}",2024-01-15T10:00:00Z
94,cable-pullover,notice,"Контролируйте постоянное натяжение кабеля - это ключевое преимущество упражнения перед свободными весами. Не расслабляйтесь в растянутой позиции.",shoulder,"{""recommendations"":[""Сосредоточьтесь на постоянном напряжении мышц"",""Контролируйте движение на всех фазах"",""Используйте умеренные веса для контроля""]}",2024-01-15T10:00:00Z
95,dumbbell-fly-decline-bench,critical,"Надежно зафиксируйте ноги в упорах скамьи перед началом упражнения! Соскальзывание может привести к падению и смертельным травмам головы и шеи. Положение головой вниз делает это особенно опасным.",head,"{""recommendations"":[""Убедитесь в надежной фиксации ног перед началом упражнения"",""Используйте скамью с качественными упорами"",""Дважды проверьте фиксацию перед каждым подходом"",""При необходимости попросите партнера проверить фиксацию""]}",2024-01-15T10:00:00Z
96,dumbbell-fly-decline-bench,important,"Следите за положением плеч - они не должны выходить вперед за линию груди. Это может привести к травме плечевого сустава. Положение вниз головой требует особого внимания к стабильности плеч.",shoulder,"{""recommendations"":[""Держите лопатки сведенными и прижатыми к скамье"",""Не опускайте гантели слишком низко"",""При дискомфорте в плечах уменьшите амплитуду движения"",""Контролируйте угол наклона скамьи""]}",2024-01-15T10:00:00Z
97,dumbbell-fly-decline-bench,notice,"Контролируйте дыхание - не задерживайте его во время выполнения упражнения. Положение головой вниз может вызвать повышение артериального давления и головокружение. Дышите глубоко и контролируемо на протяжении всего движения.",spine,"{""recommendations"":[""Вдох при разведении гантелей, выдох при сведении"",""Дышите глубоко и ритмично"",""При головокружении немедленно прекратите упражнение"",""Наклонное положение требует более контролируемого дыхания""]}",2024-01-15T10:00:00Z
98,weighted-push-ups,critical,"КРИТИЧЕСКИ ВАЖНО: Правильно закрепите отягощение перед началом упражнения! Неправильно закрепленный жилет или пояс может соскользнуть во время выполнения и привести к серьезной травме спины, шеи или других частей тела. Всегда проверяйте надежность крепления перед каждым подходом.",back,"{""recommendations"":[""Дважды проверьте надежность крепления жилета или пояса перед началом"",""Используйте качественное оборудование для отягощения"",""При использовании пояса убедитесь в правильном положении и затяжке"",""Если отягощение начинает соскальзывать, немедленно прекратите упражнение""]}",2024-01-15T10:00:00Z
99,weighted-push-ups,important,"Постепенно увеличивайте вес отягощения - не добавляйте слишком много веса сразу. Дополнительный вес значительно увеличивает нагрузку на мышцы и суставы. Начинайте с небольшого веса (5-10% от массы тела) и увеличивайте не более чем на 2-5 кг за раз после освоения техники.",shoulder,"{""recommendations"":[""Начинайте с 5-10% от массы тела"",""Увеличивайте вес постепенно по 2-5 кг"",""Освойте технику с легким весом перед прогрессией"",""При дискомфорте или потере техники уменьшите вес""]}",2024-01-15T10:00:00Z
100,weighted-push-ups,notice,"Контролируйте дыхание под нагрузкой - дополнительный вес усложняет дыхание и требует более осознанного контроля. Не задерживайте дыхание, это может привести к повышению давления и потере контроля. Дышите ритмично на протяжении всего движения.",spine,"{""recommendations"":[""Вдох при опускании тела, выдох при подъеме"",""Дышите глубоко и контролируемо"",""Не задерживайте дыхание даже под нагрузкой"",""При одышке уменьшите вес отягощения""]}",2024-01-15T10:00:00Z
101,dumbbell-bench-press-alternating-floor,critical,"КРИТИЧЕСКИ ВАЖНО: Контролируйте стабильность корпуса на протяжении всего упражнения! Ротация позвоночника или таза во время поочередного жима может привести к серьезным травмам спины и дисков. Поочередное выполнение требует максимальной концентрации на стабилизации кора.",spine,"{""recommendations"":[""Активно напрягайте мышцы кора и косые мышцы живота на протяжении всего упражнения"",""Представьте, что держите корпус жестким корсетом"",""Не допускайте малейшей ротации в любую сторону"",""При потере контроля немедленно прекратите упражнение""]}",2024-01-15T10:00:00Z
102,dumbbell-bench-press-alternating-floor,important,"Не допускайте чрезмерного диапазона движения - пол ограничивает диапазон для вашей безопасности плечевых суставов. Не пытайтесь опускать гантель ниже пола, это нарушит технику и может привести к травме. Останавливайтесь при касании локтем пола.",shoulder,"{""recommendations"":[""Останавливайтесь при касании локтем пола"",""Не пытайтесь увеличить амплитуду движения"",""Пол защищает плечи от перерастяжения"",""При болях в плечах используйте более легкие веса""]}",2024-01-15T10:00:00Z
103,dumbbell-bench-press-alternating-floor,notice,"Начинайте с легких весов для освоения координации - поочередное выполнение требует хорошей межмышечной координации. Используйте вес на 10-15% легче, чем при обычном жиме гантелей на скамье, для правильной техники и контроля стабилизации.",shoulder,"{""recommendations"":[""Используйте вес на 10-15% легче чем при обычном жиме гантелей"",""Сосредоточьтесь на технике, а не на весе"",""Постепенно увеличивайте нагрузку по мере улучшения координации"",""При потере контроля снизьте вес""]}",2024-01-15T10:00:00Z
104,alternating-dumbbell-bench-press,critical,"КРИТИЧЕСКИ ВАЖНО: Контролируйте стабильность корпуса на протяжении всего упражнения! Увеличенный диапазон движения на скамье требует еще более активного контроля стабилизации по сравнению с версией на полу. Ротация позвоночника или таза во время поочередного жима может привести к серьезным травмам спины и дисков. Поочередное выполнение требует максимальной концентрации на стабилизации кора на протяжении всей амплитуды движения.",spine,"{""recommendations"":[""Активно напрягайте мышцы кора и косые мышцы живота на протяжении всего упражнения и всей амплитуды движения"",""Представьте, что держите корпус жестким корсетом, особенно при увеличенном диапазоне движения"",""Не допускайте малейшей ротации в любую сторону на протяжении всей амплитуды"",""При потере контроля немедленно прекратите упражнение и уменьшите вес"",""Увеличенная амплитуда движения требует еще большего внимания к стабилизации""]}",2024-01-15T10:00:00Z
105,alternating-dumbbell-bench-press,important,"Контролируйте диапазон движения и опускание гантелей - увеличенная амплитуда движения на скамье позволяет получить больше растяжения, но требует большей осторожности. Не опускайте гантели слишком низко - останавливайтесь при легком касании груди или комфортном растяжении. Чрезмерное опускание может привести к травме плечевых суставов.",shoulder,"{""recommendations"":[""Останавливайтесь при легком касании груди или комфортном растяжении"",""Не пытайтесь опускать гантели слишком низко - это может травмировать плечи"",""Увеличенная амплитуда требует большей осторожности, чем версия на полу"",""При болях в плечах уменьшите амплитуду движения или используйте более легкие веса""]}",2024-01-15T10:00:00Z
106,alternating-dumbbell-bench-press,notice,"Начинайте с легких весов для освоения координации и контроля - поочередное выполнение на скамье с увеличенной амплитудой требует отличной межмышечной координации и стабилизации. Используйте вес на 15-20% легче, чем при обычном жиме гантелей на скамье обеими руками, для правильной техники и контроля стабилизации на протяжении всей амплитуды движения.",shoulder,"{""recommendations"":[""Используйте вес на 15-20% легче чем при обычном жиме гантелей на скамье"",""Сосредоточьтесь на технике и стабилизации, а не на весе"",""Постепенно увеличивайте нагрузку по мере улучшения координации и стабилизации"",""При потере контроля или ротации корпуса немедленно снизьте вес"",""Увеличенная амплитуда требует больше времени для освоения""]}",2024-01-15T10:00:00Z
107,incline-alternating-dumbbell-press,critical,"КРИТИЧЕСКИ ВАЖНО: Контролируйте стабильность корпуса на протяжении всего упражнения! Наклонное положение с увеличенным диапазоном движения требует максимальной концентрации на стабилизации кора. Ротация позвоночника или таза во время поочередного жима может привести к серьезным травмам спины и дисков. Поочередное выполнение в наклонном положении требует еще более активного контроля стабилизации по сравнению с горизонтальной версией на протяжении всей амплитуды движения.",spine,"{""recommendations"":[""Активно напрягайте мышцы кора и косые мышцы живота на протяжении всего упражнения и всей амплитуды движения"",""Представьте, что держите корпус жестким корсетом, особенно в наклонном положении с увеличенным диапазоном"",""Не допускайте малейшей ротации в любую сторону на протяжении всей амплитуды"",""При потере контроля немедленно прекратите упражнение и уменьшите вес"",""Наклонное положение увеличивает требования к стабилизации""]}",2024-01-15T10:00:00Z
108,incline-alternating-dumbbell-press,important,"Следите за положением плеч - они не должны выходить вперед за линию груди во время опускания гантели. Наклонное положение увеличивает риск выхода плеча вперед, что может привести к травме плечевого сустава. Увеличенная амплитуда движения требует еще более внимательного контроля положения плеч.",shoulder,"{""recommendations"":[""Держите лопатки сведенными и прижатыми к скамье на протяжении всего упражнения"",""Не опускайте гантель слишком низко - это увеличивает риск выхода плеча вперед"",""При дискомфорте в плечах уменьшите амплитуду движения или используйте более легкие веса"",""Наклонное положение требует большего внимания к положению плеч""]}",2024-01-15T10:00:00Z
109,incline-alternating-dumbbell-press,notice,"Контролируйте дыхание в наклонном положении - наклонная скамья требует более осознанного контроля дыхания для поддержания стабильности корпуса на протяжении всей амплитуды движения. Не задерживайте дыхание между повторениями - это может привести к потере контроля и травме. Дышите ритмично, синхронизируя дыхание с движениями каждой руки.",spine,"{""recommendations"":[""Вдох при опускании гантели, выдох при жиме вверх"",""Дышите глубоко и контролируемо, не задерживайте дыхание"",""Наклонное положение требует более контролируемого дыхания"",""При головокружении в наклонном положении прекратите упражнение""]}",2024-01-15T10:00:00Z
110,svend-press,important,"Контролируйте сжатие диска между ладонями - недостаточное сжатие может привести к выпадению диска и травме. Всегда сжимайте диск с максимальной силой на протяжении всего движения, создавая изометрическое напряжение. Если диск скользит, уменьшите вес или проверьте хват.",wrist,"{""recommendations"":[""Сжимайте диск с максимальной силой на протяжении всего движения"",""Проверьте хват перед началом выполнения"",""Если диск скользит, уменьшите вес или используйте диск с ручкой"",""Никогда не ослабляйте хват во время выполнения упражнения""]}",2024-01-15T10:00:00Z
111,svend-press,important,"Следите за положением плеч - они не должны выходить вперед или подниматься вверх во время выталкивания диска. Это может привести к травме плечевого сустава и снижает эффективность упражнения. Держите плечи опущенными и отведенными назад, лопатки сведены вместе.",shoulder,"{""recommendations"":[""Держите плечи опущенными и отведенными назад"",""Сводите лопатки вместе на протяжении всего движения"",""Не поднимайте плечи вверх при выталкивании диска"",""При дискомфорте в плечах уменьшите вес или прекратите упражнение""]}",2024-01-15T10:00:00Z
112,svend-press,notice,"Не выпрямляйте локти полностью - полная блокировка суставов может привести к травме и снижает мышечное напряжение. Держите локти слегка согнутыми на протяжении всего движения, оставляя небольшой угол даже в верхней точке. Это обеспечит постоянное напряжение мышц и безопасность суставов.",elbow,"{""recommendations"":[""Держите локти слегка согнутыми на протяжении всего движения"",""Оставляйте небольшой угол в локтях даже в верхней точке"",""Не блокируйте суставы полностью"",""Контролируйте движение во всех фазах""]}",2024-01-15T10:00:00Z
113,neutral-grip-barbell-bench-press,critical,"Используйте страховщика при работе с тяжелыми весами - хотя нейтральный хват более безопасен, работа с максимальными весами все равно требует страховки для предотвращения травм. Всегда тренируйтесь с помощником при работе выше 85% от одноповторного максимума.",,"{""recommendations"":[""Всегда используйте страховщика при тяжелых весах"",""Убедитесь, что помощник знает технику страховки"",""Не тренируйтесь с максимальными весами в одиночку"",""Используйте стойки для жима лежа с ограничителями при работе без страховщика""]}",2024-01-15T10:00:00Z
114,neutral-grip-barbell-bench-press,important,"Контролируйте положение локтей - несмотря на безопасность нейтрального хвата, неправильное положение локтей может привести к травме плечевых суставов. Держите локти под углом 45 градусов к телу, не разводите их слишком широко или не прижимайте слишком близко к туловищу.",shoulder,"{""recommendations"":[""Держите локти под углом 45 градусов к телу"",""Не разводите локти слишком широко в стороны"",""Контролируйте движение на протяжении всей амплитуды"",""При дискомфорте в плечах уменьшите вес или прекратите упражнение""]}",2024-01-15T10:00:00Z
115,neutral-grip-barbell-bench-press,notice,"Начните с меньшего веса для освоения техники - хотя нейтральный хват более безопасен, правильная техника все равно требует времени для освоения. Начните с веса, с которым можете выполнить 12-15 повторений с правильной техникой, затем постепенно увеличивайте нагрузку.",,"{""recommendations"":[""Начните с легкого веса для освоения техники"",""Сфокусируйтесь на правильной технике, а не на максимальном весе"",""Постепенно увеличивайте нагрузку по мере улучшения техники"",""Используйте зеркало или видео для контроля техники""]}",2024-01-15T10:00:00Z
115,kettlebell-floor-press,critical,"Всегда контролируйте гирю - уникальная форма гири требует особого внимания к хвату и стабилизации. Потеря контроля может привести к серьезным травмам головы, лица или груди. При первых признаках потери контроля немедленно опустите гирю на пол безопасным способом.",,"{""recommendations"":[""Всегда держите гирю крепко за рукоятку"",""Начинайте с легкого веса для освоения техники"",""При потере контроля немедленно опустите гирю на пол"",""Не выполняйте упражнение в состоянии усталости""]}",2024-01-15T10:00:00Z
116,kettlebell-floor-press,important,"Следите за положением плеч - они не должны выходить вперед за линию груди. Это может привести к травме плечевого сустава. Положение на полу ограничивает диапазон движения, но все равно требует правильной техники для безопасности.",shoulder,"{""recommendations"":[""Держите плечи прижатыми к полу"",""Не опускайте гирю слишком низко"",""При дискомфорте в плечах уменьшите вес или прекратите упражнение"",""Контролируйте движение на протяжении всей амплитуды""]}",2024-01-15T10:00:00Z
117,kettlebell-floor-press,notice,"Выполняйте упражнение симметрично - всегда выполняйте одинаковое количество повторений на каждую руку для предотвращения мышечного дисбаланса. Начинайте с более слабой руки, чтобы определить рабочий вес для обеих сторон.",,"{""recommendations"":[""Начинайте с более слабой руки"",""Выполняйте одинаковое количество повторений на каждую руку"",""Отдыхайте одинаковое время между подходами для каждой руки"",""Следите за симметрией развития мышц""]}",2024-01-15T10:00:00Z
118,landmine-press,important,"КРИТИЧЕСКИ ВАЖНО: Контролируйте стабильность корпуса на протяжении всего движения - стоячее положение требует активной работы мышц кора для предотвращения компенсаций и ротации позвоночника. Потеря стабильности может привести к серьезным травмам спины. Напрягайте мышцы пресса и ягодиц постоянно, создавая внутрибрюшное давление для стабилизации позвоночника.",core,"{""recommendations"":[""Напрягайте мышцы пресса и ягодиц на протяжении всего движения"",""Создавайте внутрибрюшное давление для стабилизации позвоночника"",""Если чувствуете ротацию или потерю контроля, немедленно уменьшите вес"",""Начинайте с легкого веса для освоения правильной техники стабилизации""]}",2024-01-15T10:00:00Z
119,landmine-press,important,"Следите за правильным положением ног - ноги должны быть на ширине плеч, стопы устойчиво поставлены на пол. Не переносите вес на одну ногу - это может привести к компенсациям, ротации таза и травме. Правильная постановка ног критически важна для поддержания стабильности корпуса и безопасности упражнения.",feet,"{""recommendations"":[""Ноги должны быть на ширине плеч"",""Стопы должны быть устойчиво поставлены на пол"",""Равномерно распределяйте вес на обе ноги"",""Не переносите вес на одну ногу - это может привести к травме""]}",2024-01-15T10:00:00Z
120,landmine-press,notice,"Контролируйте дыхание - не задерживайте его во время выполнения упражнения, это может повысить артериальное давление и привести к потере контроля над стабильностью корпуса. Дышите ритмично: вдох при опускании штанги, выдох при жиме вперед. Контролируемое дыхание критически важно для поддержания стабильности позвоночника.",spine,"{""recommendations"":[""Вдох при опускании штанги, выдох при жиме вперед"",""Дышите глубоко и ритмично"",""Не задерживайте дыхание - это может привести к потере контроля"",""При головокружении прекратите упражнение""]}",2024-01-15T10:00:00Z
121,trx-push-ups,critical,"Начинайте с TRX петель на более высоком положении и постепенно опускайте их по мере роста силы и контроля. Слишком низкое положение петель может привести к потере контроля, падению и серьезным последствиям. Убедитесь в надежном креплении петель перед началом упражнения.",shoulder,"{""recommendations"":[""Начинайте с петель на высоте, где можете контролировать движение"",""Постепенно опускайте петли по мере роста силы"",""Никогда не начинайте с максимально низкого положения без подготовки"",""Убедитесь в надежном креплении петель и безопасном окружении""]}",2024-01-15T10:00:00Z
122,trx-push-ups,important,"Активно контролируйте стабильность TRX петель на протяжении всего движения. Не допускайте раскачивания или разворота петель, это создает опасную нагрузку на плечевые суставы и может привести к потере контроля и травме. При потере контроля немедленно остановитесь.",shoulder,"{""recommendations"":[""Держите локти направленными назад под углом 45 градусов"",""Активно сопротивляйтесь раскачиванию петель"",""Контролируйте петли на протяжении всей амплитуды движения"",""При потере контроля немедленно остановитесь и вернитесь к более простому варианту""]}",2024-01-15T10:00:00Z
123,trx-push-ups,important,"Требуется значительная сила кора для предотвращения провисания таза и поддержания прямой линии тела. Если не можете удерживать правильное положение, вернитесь к отжиманиям на стабильной поверхности для развития базовой силы перед переходом к TRX.",spine,"{""recommendations"":[""Освойте сначала обычные отжимания до 15+ повторений"",""Развивайте силу планки до 60+ секунд"",""Напрягайте кор и ягодицы на протяжении всего движения"",""Прекратите упражнение при потере контроля или провисании таза""]}",2024-01-15T10:00:00Z
125,diamond-push-ups,critical,"КРИТИЧНО: Узкая постановка рук в форме ромба создает повышенную нагрузку на запястья и локти. При любом дискомфорте, боли или ограниченной подвижности запястий немедленно прекратите упражнение. Используйте упоры для отжиманий или выполняйте упражнение на кулаках для снижения нагрузки на запястья. Не выполняйте упражнение при активных травмах запястий или локтей.",wrist,"{""recommendations"":[""При дискомфорте в запястьях используйте упоры для отжиманий"",""Выполняйте упражнение на кулаках для снижения нагрузки"",""Немедленно прекратите при любой боли в запястьях или локтях"",""Освойте сначала обычные отжимания для укрепления запястий"",""Разминайте запястья перед упражнением""]}",2024-01-15T10:00:00Z
126,diamond-push-ups,important,"Следите за положением локтей - они не должны разводиться слишком широко в стороны, это создает опасную нагрузку на локтевые суставы и снижает эффективность упражнения. Локти должны быть направлены назад и слегка в стороны под углом 45 градусов к телу. При дискомфорте в локтях уменьшите количество повторений или используйте более широкую постановку рук.",elbow,"{""recommendations"":[""Держите локти под углом 45 градусов к телу"",""Не разводите локти слишком широко в стороны"",""При дискомфорте в локтях уменьшите количество повторений"",""Начинайте с небольшого количества повторений для адаптации суставов"",""Прекратите упражнение при любой боли в локтях""]}",2024-01-15T10:00:00Z
127,diamond-push-ups,important,"Освойте сначала обычные отжимания до 15-20 повторений с правильной техникой перед переходом к алмазным отжиманиям. Узкая постановка рук значительно усложняет упражнение и требует хорошей базовой силы. Не пытайтесь выполнить упражнение без достаточной подготовки - это может привести к травме запястий, локтей или плеч.",shoulder,"{""recommendations"":[""Освойте сначала обычные отжимания до 15-20 повторений"",""Развивайте силу трицепсов с помощью других упражнений"",""Начинайте с небольшого количества повторений алмазных отжиманий"",""Постепенно увеличивайте нагрузку по мере роста силы"",""При проблемах с плечами используйте более широкую постановку рук""]}",2024-01-15T10:00:00Z
128,push-ups-with-pause,important,"Следите за положением плеч - они не должны выходить вперед за линию груди во время паузы. Пауза в нижней точке увеличивает нагрузку на плечевые суставы, поэтому правильное положение критически важно. Держите лопатки стабильными и не допускайте чрезмерного растяжения плеч. При дискомфорте в плечах уменьшите время паузы или используйте упоры для отжиманий.",shoulder,"{""recommendations"":[""Держите лопатки стабильными на протяжении всего движения и паузы"",""Не опускайтесь слишком низко при проблемах с плечами"",""При дискомфорте в плечах уменьшите время паузы до 1 секунды"",""Используйте упоры для отжиманий для снижения нагрузки на плечи"",""Прекратите упражнение при любой боли в плечах""]}",2024-01-15T10:00:00Z
129,push-ups-with-pause,notice,"Контролируйте дыхание во время паузы - не задерживайте дыхание слишком долго, это может привести к повышению артериального давления и головокружению. Дышите контролируемо, делая короткие вдохи-выдохи во время паузы, если необходимо. Если чувствуете дискомфорт или головокружение, немедленно прекратите упражнение и отдохните.",spine,"{""recommendations"":[""Дышите контролируемо во время паузы, не задерживайте дыхание более 2-3 секунд"",""Если чувствуете дискомфорт, сократите время паузы"",""При головокружении немедленно прекратите упражнение"",""Делайте короткие вдохи-выдохи во время паузы при необходимости"",""Начинайте с коротких пауз (1 секунда) для адаптации""]}",2024-01-15T10:00:00Z
130,push-ups-with-pause,important,"Следите за положением таза во время паузы - не допускайте провисания таза или выгибания спины. Пауза в нижней точке требует дополнительных усилий для поддержания правильного положения тела. Напрягайте мышцы пресса и ягодиц на протяжении всего движения и паузы. Тело должно оставаться в прямой линии от головы до пяток.",lower_back,"{""recommendations"":[""Напрягайте мышцы пресса и ягодиц на протяжении всего движения и паузы"",""Представьте, что держите монету между ягодицами"",""Не допускайте провисания таза или выгибания спины"",""Если не можете поддерживать правильное положение, сократите время паузы"",""Освойте сначала обычные отжимания с правильной техникой""]}",2024-01-15T10:00:00Z
131,archer-push-ups,critical,"Высокая нагрузка на плечевой сустав рабочей руки. Односторонняя работа создает экстремальные нагрузки, требующие значительной силы и стабильности. Не выполняйте это упражнение без должной подготовки и развитой силы верхней части тела. Освойте сначала обычные отжимания до 25+ повторений, затем переходите к отжиманиям лучника.",shoulder,"{""recommendations"":[""Освойте сначала обычные отжимания до 25+ повторений"",""Развивайте силу кора и стабилизаторов перед попыткой"",""Используйте отжимания с паузой как промежуточную прогрессию"",""При любом дискомфорте в плече немедленно прекратите"",""Начинайте с 1-2 повторений на каждую сторону"",""Убедитесь, что у вас нет проблем с плечевыми суставами""]}",2024-01-15T10:00:00Z
132,archer-push-ups,important,"Критически важно поддерживать стабильность корпуса и предотвращать ротацию позвоночника. Односторонняя нагрузка создает сильные ротационные силы, которые могут привести к травме позвоночника при неправильной технике. Напрягайте мышцы пресса, ягодиц и спины на протяжении всего движения, создавая внутрибрюшное давление для стабилизации.",spine,"{""recommendations"":[""Напрягайте мышцы пресса, ягодиц и спины на протяжении всего движения"",""Создавайте внутрибрюшное давление для стабилизации позвоночника"",""Не допускайте ротации корпуса - тело должно оставаться в одной плоскости"",""При потере контроля немедленно прекратите упражнение"",""Развивайте силу кора перед попыткой выполнения упражнения""]}",2024-01-15T10:00:00Z
133,archer-push-ups,important,"Не выполняйте упражнение при усталости или потере контроля - это может привести к серьезным травмам. Односторонняя нагрузка требует максимальной концентрации и контроля. При первых признаках усталости, потери техники или дискомфорта немедленно прекратите упражнение и отдохните. Не пытайтесь выполнить больше повторений, чем можете с правильной техникой.",shoulder,"{""recommendations"":[""Начинайте с минимального количества повторений (1-2 на каждую сторону)"",""При усталости немедленно прекратите упражнение"",""Не пытайтесь выполнить больше повторений, чем можете с правильной техникой"",""Отдыхайте между подходами не менее 2-3 минут"",""Слушайте свое тело и не игнорируйте сигналы усталости""]}",2024-01-15T10:00:00Z
134,barbell-floor-press,critical,"Никогда не выполняйте жим на полу без выставленных страховочных упоров или надежного страховщика. При отказе штанга может прижать грудную клетку и шею, что приводит к тяжелым травмам.",shoulder,"{""recommendations"":[""Всегда выставляйте ограничители чуть выше уровня груди"",""Используйте страховщика при работе с весами выше 80% 1ПМ"",""Перед подходом убедитесь, что стойки и ограничители зафиксированы"",""Не пытайтесь увеличить вес, если нет возможности безопасно сбросить штангу""]}",2025-11-08T10:00:00Z
135,barbell-floor-press,important,"Контролируйте траекторию и положение локтей. Разведение локтей на 90° резко увеличивает нагрузку на переднюю часть плечевого сустава и может привести к растяжению капсулы.",shoulder,"{""recommendations"":[""Держите локти под углом ~45° к корпусу"",""Следите за проекцией запястья над локтем на всем протяжении движения"",""Используйте зеркальный контроль или съемку для оценки техники"",""При дискомфорте уменьшите вес и амплитуду""]}",2025-11-08T10:00:00Z
136,barbell-floor-press,notice,"Следите за контролируемой паузой в точке касания локтей с полом. Отскок штанги или потеря напряжения лишает упражнение защитного эффекта и снижает тренировочную ценность.",,"{""recommendations"":[""Замедляйте фазу опускания за 2 секунды до касания"",""Сохраняйте напряжение в спине и трицепсах, не расслабляйтесь на полу"",""При необходимости используйте темп 2-1-1-0 или команду 'стоп' для фиксированной паузы"",""Откажитесь от подхода, если не можете контролировать касание""]}",2025-11-08T10:00:00Z
138,hammer-strength-chest-press,critical,"ВСЕГДА фиксируйте блины и проверяйте упоры перед началом подхода. Соскальзывающий груз может привести к травме плечевого пояса и грудной клетки.",shoulder,"{""recommendations"":[""Используйте замки или стопора на штангах тренажёра перед каждым подходом"",""Проверяйте, что платформа и упоры установлены симметрично"",""Не перегружайте тренажёр суммарным весом сверх паспортной нормы""]}",2025-11-08T10:15:00Z
139,hammer-strength-chest-press,important,"Отрегулируйте высоту сиденья так, чтобы рукоятки находились на уровне середины груди. Неправильная настройка перегружает плечевые суставы и снижает эффективность упражнения.",shoulder,"{""recommendations"":[""Сядьте так, чтобы локти в нижней точке были под углом 75-90°"",""Используйте фиксатор сиденья, чтобы исключить смещение во время подхода"",""При дискомфорте в плечах уменьшите высоту сиденья и вес""]}",2025-11-08T10:15:00Z
140,hammer-strength-chest-press,notice,"Держите лопатки сведёнными и прижатыми к спинке. Потеря опоры в верхней точке убирает нагрузку с груди и может вызвать напряжение шеи.",upper_back,"{""recommendations"":[""Перед началом подхода сведите и опустите лопатки"",""Сохраняйте контакт грудной клетки со спинкой на протяжении всего движения"",""Если грудь отрывается от спинки, снизьте вес и восстановите контроль""]}",2025-11-08T10:15:00Z
141,standing-cable-crossover-press,critical,"Перед началом подхода убедитесь, что рукоятки, карабины и стопоры кроссовера надёжно зафиксированы и выставлены на одинаковую высоту. Ослабленные крепления могут сорваться под нагрузкой и травмировать плечи.",shoulder,"{""recommendations"":[""Проверьте фиксаторы и карабины на обеих стойках перед каждым подходом"",""Убедитесь, что блоки выставлены на одинаковую высоту и не ослаблены"",""Не начинайте движение, пока тросы не натянуты симметрично и без рывков""]}",2025-11-08T11:00:00Z
142,standing-cable-crossover-press,important,"Контролируйте положение лопаток и локтей: плечи не должны подниматься, а локти — уходить выше линии плеч. Потеря стабильности приводит к импинджменту и снижает активацию груди.",shoulder,"{""recommendations"":[""Сводите и опускайте лопатки перед стартом и держите их в этом положении"",""Не отпускайте рукоятки дальше линии корпуса, если теряете контроль плеч"",""Снизьте вес, если локти уходят вверх или плечи поднимаются к ушам""]}",2025-11-08T11:00:00Z
143,standing-cable-crossover-press,notice,"Сохраняйте активный кор и устойчивую стойку в разножке, чтобы не переразгибать поясницу и не раскачиваться. Стабильность корпуса помогает направлять усилие в грудные мышцы.",lower_back,"{""recommendations"":[""Держите переднюю стопу под коленом, заднюю пятку уверенно давите в пол"",""Напрягайте пресс и ягодицы на протяжении всего подхода"",""Чередуйте ведущую ногу в каждом подходе для равномерной нагрузки""]}",2025-11-08T11:00:00Z
144,incline-hammer-strength-press,critical,"Загружайте тренажёр симметрично и фиксируйте блины стопорами. Разница в весе или соскальзывание блина резко перекручивает рычаг и может травмировать плечо.",shoulder,"{""recommendations"": [""Используйте замки на обеих осях перед каждым подходом"",""Проверяйте, что вес блинов совпадает с каждой стороны"",""Не начинайте подход, если чувствуете люфт в рычаге""]}",2025-11-08T12:00:00Z
145,incline-hammer-strength-press,important,"Держите лопатки сведёнными и прижатыми к спинке на протяжении всей амплитуды. Потеря опоры в верхней точке перегружает переднюю поверхность плеч.",shoulder,"{""recommendations"": [""Перед стартом сведите и опустите лопатки, удерживайте это положение до конца подхода"",""При усталости уменьшите вес, чтобы не выталкивать плечи вперёд"",""Используйте напоминание тренера или запись на видео для контроля осанки""]}",2025-11-08T12:00:00Z
146,incline-hammer-strength-press,notice,"Контролируйте дыхание: глубокий вдох при опускании, выдох при жиме. Задержка дыхания на наклонной спинке повышает давление и может вызвать головокружение.",spine,"{""recommendations"": [""Вдох при опускании рукояток, выдох при жиме"",""Избегайте длительной задержки дыхания, особенно при высоком весе"",""При головокружении прекратите подход и сделайте несколько глубоких вдохов""]}",2025-11-08T12:00:00Z
147,explosive-medicine-ball-press,critical,"Перед броском убедитесь, что траектория мяча свободна: неконтролируемый отскок медбола может ударить по голове или лицу.",head,"{""recommendations"":[""Проверяйте, что в зоне броска нет людей и препятствий"",""Держите дистанцию не менее 1,5 м до стены или партнёра"",""Используйте только целый и неповреждённый медбол""]}",2025-11-08T13:00:00Z
148,explosive-medicine-ball-press,important,"Держите запястья нейтральными и не блокируйте локти при ловле, чтобы избежать перегрузки суставов.",wrist,"{""recommendations"":[""Ловите мяч с мягким сгибом локтей"",""Не разгибайте локти до щелчка при выпуске"",""При дискомфорте уменьшите массу медбола или снизьте темп""]}",2025-11-08T13:00:00Z
149,explosive-medicine-ball-press,notice,"Контролируйте дыхание: не задерживайте воздух при ловле, чтобы сохранять стабильность корпуса и давление.",spine,"{""recommendations"":[""Делайте вдох при приёме мяча и резкий выдох при броске"",""Поддерживайте ритм дыхания без длительных задержек"",""При головокружении прекратите упражнение и восстановите дыхание""]}",2025-11-08T13:00:00Z
150,pull-ups-wide-grip,critical,"НИКОГДА не используйте слишком широкий хват! Чрезмерное растяжение плечевых суставов может привести к серьезным травмам плеч, включая разрыв связок и вывих.",shoulder,"{""recommendations"":[""Используйте хват на ширину вытянутых рук в стороны, но не более"",""При дискомфорте в плечах уменьшите ширину хвата"",""Начинайте с более узкого хвата для освоения техники"",""При болях в плечах прекратите упражнение""]}",2025-11-08T14:00:00Z
151,pull-ups-wide-grip,important,"Следите за положением плеч - они не должны выходить вперед за линию груди во время движения. Это может привести к травме плечевого сустава.",shoulder,"{""recommendations"":[""Держите лопатки сведенными и стабильными"",""Не раскачивайте тело и не используйте инерцию"",""При дискомфорте в плечах уменьшите ширину хвата""]}",2025-11-08T14:00:00Z
152,pull-ups-wide-grip,notice,"Контролируйте дыхание - не задерживайте его во время выполнения упражнения, это может повысить артериальное давление и снизить эффективность.",spine,"{""recommendations"":[""Выдох при опускании, вдох при подтягивании"",""Дышите глубоко и ритмично"",""При головокружении прекратите упражнение""]}",2025-11-08T14:00:00Z
153,pull-ups-medium-grip,important,"Следите за положением плеч - они не должны выходить вперед за линию груди во время движения. Это может привести к травме плечевого сустава.",shoulder,"{""recommendations"":[""Держите лопатки сведенными и стабильными"",""Не раскачивайте тело и не используйте инерцию"",""При дискомфорте в плечах уменьшите ширину хвата""]}",2025-11-08T14:05:00Z
154,pull-ups-medium-grip,notice,"Контролируйте дыхание - не задерживайте его во время выполнения упражнения, это может повысить артериальное давление и снизить эффективность.",spine,"{""recommendations"":[""Выдох при опускании, вдох при подтягивании"",""Дышите глубоко и ритмично"",""При головокружении прекратите упражнение""]}",2025-11-08T14:05:00Z
155,pull-ups-close-grip,important,"Следите за положением запястий и локтей - узкий хват создает повышенную нагрузку на суставы. При дискомфорте или боли прекратите упражнение.",elbow,"{""recommendations"":[""Используйте хват на ширине груди или немного уже плеч"",""Не используйте слишком узкий хват"",""При болях в локтях или запястьях прекратите упражнение"",""Начинайте с более широкого хвата для освоения техники""]}",2025-11-08T14:10:00Z
156,pull-ups-close-grip,notice,"Контролируйте дыхание - не задерживайте его во время выполнения упражнения, это может повысить артериальное давление и снизить эффективность.",spine,"{""recommendations"":[""Выдох при опускании, вдох при подтягивании"",""Дышите глубоко и ритмично"",""При головокружении прекратите упражнение""]}",2025-11-08T14:10:00Z
157,pull-ups-underhand-grip,important,"Следите за положением запястий - обратный хват может создать нагрузку на запястья при неправильной технике. При дискомфорте прекратите упражнение.",wrist,"{""recommendations"":[""Держите запястья в нейтральном положении"",""Не перегибайте запястья вверх или вниз"",""При болях в запястьях прекратите упражнение"",""Начинайте с легких повторений для освоения техники""]}",2025-11-08T14:15:00Z
158,pull-ups-underhand-grip,notice,"Контролируйте дыхание - не задерживайте его во время выполнения упражнения, это может повысить артериальное давление и снизить эффективность.",spine,"{""recommendations"":[""Выдох при опускании, вдох при подтягивании"",""Дышите глубоко и ритмично"",""При головокружении прекратите упражнение""]}",2025-11-08T14:15:00Z
159,pull-ups-neutral-grip,important,"Следите за положением плеч - они не должны выходить вперед за линию груди во время движения. Это может привести к травме плечевого сустава.",shoulder,"{""recommendations"":[""Держите лопатки сведенными и стабильными"",""Не раскачивайте тело и не используйте инерцию"",""При дискомфорте в плечах уменьшите амплитуду движения""]}",2025-11-08T14:20:00Z
160,pull-ups-neutral-grip,notice,"Контролируйте дыхание - не задерживайте его во время выполнения упражнения, это может повысить артериальное давление и снизить эффективность.",spine,"{""recommendations"":[""Выдох при опускании, вдох при подтягивании"",""Дышите глубоко и ритмично"",""При головокружении прекратите упражнение""]}",2025-11-08T14:20:00Z
161,pull-ups-archer,critical,"КРИТИЧЕСКИ ВАЖНО: Односторонняя нагрузка создает экстремальные требования к силе и стабильности. Чрезмерная ротация тела может привести к серьезным травмам позвоночника и плечевых суставов.",spine,"{""recommendations"":[""Развивайте базовую силу для обычных подтягиваний перед попыткой этого упражнения"",""Держите корпус напряженным и контролируйте баланс"",""Начинайте с минимального смещения веса и постепенно увеличивайте нагрузку"",""При любом дискомфорте немедленно прекратите упражнение""]}",2025-11-08T15:00:00Z
162,pull-ups-archer,important,"Следите за контролем баланса - чрезмерная ротация тела может привести к травме. Односторонняя нагрузка требует максимального напряжения кора.",shoulder,"{""recommendations"":[""Держите корпус напряженным на протяжении всего движения"",""Контролируйте баланс, предотвращая ротацию тела"",""Чередуйте рабочую руку в каждом подходе"",""При потере контроля немедленно прекратите упражнение""]}",2025-11-08T15:00:00Z
163,pull-ups-archer,notice,"Контролируйте дыхание - не задерживайте его во время выполнения упражнения, это может повысить артериальное давление и снизить эффективность. Односторонняя работа требует особого контроля дыхания.",spine,"{""recommendations"":[""Выдох при опускании, вдох при подтягивании"",""Дышите глубоко и ритмично"",""При головокружении прекратите упражнение""]}",2025-11-08T15:00:00Z
164,pull-ups-one-arm,critical,"КРИТИЧЕСКИ ВАЖНО: Экстремальная односторонняя нагрузка создает максимальные требования к силе одной руки, стабильности кора и координации. Чрезмерная ротация тела может привести к серьезным травмам позвоночника и плечевых суставов.",spine,"{""recommendations"":[""Развивайте исключительную силу для обычных подтягиваний перед попыткой этого упражнения"",""Держите корпус напряженным и контролируйте баланс"",""Начинайте с негативных повторений или с помощью второй руки"",""При любом дискомфорте немедленно прекратите упражнение""]}",2025-11-08T15:05:00Z
165,pull-ups-one-arm,important,"Следите за контролем баланса - экстремальная односторонняя нагрузка требует максимального напряжения кора и может привести к травме при потере контроля.",shoulder,"{""recommendations"":[""Держите корпус напряженным на протяжении всего движения"",""Контролируйте баланс, предотвращая ротацию тела"",""Чередуйте рабочую руку в каждом подходе"",""При потере контроля немедленно прекратите упражнение""]}",2025-11-08T15:05:00Z
166,pull-ups-one-arm,notice,"Контролируйте дыхание - не задерживайте его во время выполнения упражнения, это может повысить артериальное давление и снизить эффективность. Экстремальная нагрузка требует особого контроля дыхания.",spine,"{""recommendations"":[""Выдох при опускании, вдох при подтягивании"",""Дышите глубоко и ритмично"",""При головокружении прекратите упражнение""]}",2025-11-08T15:05:00Z
167,pull-ups-weighted,critical,"КРИТИЧЕСКИ ВАЖНО: Убедитесь, что дополнительный вес надежно закреплен на поясе или жилете. Падение веса может привести к серьезным травмам. Начинайте с небольшого веса и постепенно увеличивайте нагрузку.",shoulder,"{""recommendations"":[""Проверьте надежность крепления веса перед выполнением упражнения"",""Начинайте с небольшого дополнительного веса (5-10% от веса тела)"",""Используйте качественный пояс для отягощений или жилет-утяжелитель"",""При любом дискомфорте немедленно прекратите упражнение""]}",2025-11-08T15:10:00Z
168,pull-ups-weighted,important,"Следите за техникой выполнения - дополнительный вес увеличивает нагрузку и может привести к нарушению техники. Поддерживайте правильную технику на протяжении всего движения.",shoulder,"{""recommendations"":[""Держите корпус напряженным и контролируйте движение"",""Не увеличивайте вес слишком быстро"",""При нарушении техники уменьшите вес"",""При дискомфорте в плечах уменьшите амплитуду движения""]}",2025-11-08T15:10:00Z
169,pull-ups-weighted,notice,"Контролируйте дыхание - дополнительный вес усложняет дыхание и требует более осознанного контроля. Не задерживайте дыхание, это может повысить артериальное давление.",spine,"{""recommendations"":[""Выдох при опускании, вдох при подтягивании"",""Дышите глубоко и ритмично"",""При головокружении прекратите упражнение""]}",2025-11-08T15:10:00Z
170,pull-ups-l-sit,critical,"КРИТИЧЕСКИ ВАЖНО: Комбинация подтягивания и удержания L-сита создает экстремальные требования к силе верхней части тела и кора. Недостаточная сила кора может привести к нарушению техники и травме.",spine,"{""recommendations"":[""Развивайте силу кора для удержания L-сита перед выполнением этого упражнения"",""Начинайте с удержания L-сита отдельно"",""Держите корпус напряженным на протяжении всего движения"",""При любом дискомфорте немедленно прекратите упражнение""]}",2025-11-08T15:15:00Z
171,pull-ups-l-sit,important,"Следите за удержанием ног в горизонтальном положении - опускание ног снижает эффективность упражнения и нарушает технику. Требуется развитая сила кора и гибкость задней поверхности бедра.",shoulder,"{""recommendations"":[""Держите ноги в горизонтальном положении на протяжении всего движения"",""Развивайте силу кора и гибкость задней поверхности бедра"",""При невозможности удержать L-сит вернитесь к обычным подтягиваниям"",""При дискомфорте в плечах уменьшите амплитуду движения""]}",2025-11-08T15:15:00Z
172,pull-ups-l-sit,notice,"Контролируйте дыхание - комбинация подтягивания и L-сита создает экстремальные требования к дыхательной системе. Не задерживайте дыхание, это может повысить артериальное давление.",spine,"{""recommendations"":[""Выдох при опускании, вдох при подтягивании"",""Дышите глубоко и ритмично"",""При головокружении прекратите упражнение""]}",2025-11-08T15:15:00Z
173,pull-ups-behind-neck,critical,"КРИТИЧЕСКИ ВАЖНО: Подтягивание за голову требует исключительной гибкости плечевых суставов. Недостаточная гибкость может привести к серьезным травмам плечевых суставов и позвоночника.",shoulder,"{""recommendations"":[""Убедитесь, что у вас достаточно гибкости плеч перед выполнением этого упражнения"",""Начинайте с обычных подтягиваний к груди"",""Выполняйте упражнение медленно и контролируемо"",""При любом дискомфорте или боли в плечах немедленно прекратите упражнение""]}",2025-11-08T15:20:00Z
174,pull-ups-behind-neck,important,"Следите за техникой выполнения - неправильная траектория движения может привести к травме плечевых суставов. Направляйте голову за перекладину, а не к груди.",shoulder,"{""recommendations"":[""Держите корпус напряженным и контролируйте движение"",""Избегайте чрезмерного растяжения плечевых суставов"",""При дискомфорте в плечах вернитесь к обычным подтягиваниям"",""Выполняйте упражнение медленно и контролируемо""]}",2025-11-08T15:20:00Z
175,pull-ups-behind-neck,notice,"Контролируйте дыхание - уникальная траектория движения требует особого контроля дыхания. Не задерживайте дыхание, это может повысить артериальное давление.",spine,"{""recommendations"":[""Выдох при опускании, вдох при подтягивании"",""Дышите глубоко и ритмично"",""При головокружении прекратите упражнение""]}",2025-11-08T15:20:00Z
176,explosive-pull-ups,important,"Следите за контролем движения - высокая скорость выполнения может привести к потере контроля и травме. Убедитесь, что у вас достаточно силы для контролируемого выполнения взрывных подтягиваний.",shoulder,"{""recommendations"":[""Развивайте базовую силу для обычных подтягиваний перед взрывными"",""Выполняйте упражнение контролируемо, несмотря на высокую скорость"",""Отдыхайте достаточно между повторениями"",""При потере контроля прекратите упражнение""]}",2025-11-08T16:00:00Z
177,explosive-pull-ups,notice,"Контролируйте дыхание - взрывные движения требуют особого контроля дыхания для генерации максимальной мощности. Не задерживайте дыхание между повторениями.",spine,"{""recommendations"":[""Используйте короткие вдохи между повторениями"",""Выдох должен быть быстрым и резким во время взрывной фазы"",""При головокружении прекратите упражнение""]}",2025-11-08T16:00:00Z
178,scapular-retraction-hang,important,"Следите за положением рук - руки должны оставаться полностью выпрямленными на протяжении всего движения. Сгибание рук в локтях снижает эффективность упражнения.",shoulder,"{""recommendations"":[""Держите руки полностью выпрямленными"",""Фокусируйтесь на движении лопаток, а не рук"",""При усталости в хвате сделайте перерыв"",""Начинайте с коротких подходов для освоения техники""]}",2025-11-08T16:05:00Z
179,scapular-retraction-hang,notice,"Контролируйте дыхание - синхронизация дыхания с движением лопаток помогает поддерживать правильную технику. Не задерживайте дыхание, это может повысить давление.",spine,"{""recommendations"":[""Вдох при расслаблении, выдох при втягивании лопаток"",""Дышите глубоко и ритмично"",""При головокружении прекратите упражнение""]}",2025-11-08T16:05:00Z
180,dead-hang,important,"Следите за силой хвата - недостаточная сила хвата может привести к падению и серьезным травмам. Начинайте с коротких интервалов и постепенно увеличивайте время виса.",shoulder,"{""recommendations"":[""Начинайте с 10-20 секунд и постепенно увеличивайте время"",""При усталости в хвате немедленно аккуратно спуститесь"",""Развивайте силу хвата перед длительными висами"",""Никогда не прыгайте с турника""]}",2025-11-08T16:10:00Z
181,dead-hang,notice,"Контролируйте дыхание - глубокое и естественное дыхание помогает расслабить мышцы и улучшить растяжение позвоночника. Не задерживайте дыхание, это может повысить давление.",spine,"{""recommendations"":[""Дышите глубоко и естественно"",""Используйте диафрагмальное дыхание"",""При головокружении немедленно прекратите упражнение""]}",2025-11-08T16:10:00Z
182,chest-to-bar-pull-ups,important,"Следите за техникой выполнения - увеличенная амплитуда движения требует большей силы и контроля. Убедитесь, что у вас достаточно силы для полной амплитуды движения.",shoulder,"{""recommendations"":[""Развивайте базовую силу для обычных подтягиваний перед chest-to-bar"",""Выполняйте упражнение контролируемо"",""При невозможности достичь полной амплитуды вернитесь к обычным подтягиваниям"",""При дискомфорте в плечах уменьшите амплитуду движения""]}",2025-11-08T16:15:00Z
183,chest-to-bar-pull-ups,notice,"Контролируйте дыхание - увеличенная амплитуда требует больше усилий, поэтому особенно важно контролировать дыхание. Не задерживайте дыхание, это может повысить давление.",spine,"{""recommendations"":[""Выдох при опускании, вдох при подтягивании"",""Дышите глубоко и ритмично"",""При головокружении прекратите упражнение""]}",2025-11-08T16:15:00Z
184,muscle-up,critical,"КРИТИЧЕСКИ ВАЖНО: Muscle-up требует исключительной силы верхней части тела, координации и правильной техники. Недостаточная подготовка может привести к серьезным травмам запястий, плечевых суставов и позвоночника.",shoulder,"{""recommendations"":[""Развивайте базовую силу для подтягиваний и отжиманий перед muscle-up"",""Осваивайте упражнение постепенно с помощью прогрессий"",""Выполняйте упражнение контролируемо, особенно при переходе"",""При любом дискомфорте или боли немедленно прекратите упражнение""]}",2025-11-08T16:20:00Z
185,muscle-up,important,"Следите за техникой перехода - неправильный перевод запястий над перекладиной может привести к травме запястий и потере контроля. Переводите запястья быстро и контролируемо в верхней точке подтягивания.",shoulder,"{""recommendations"":[""Развивайте взрывную силу для подтягивания до уровня груди"",""Практикуйте переход с помощью прогрессий"",""Выполняйте переход быстро, но контролируемо"",""При потере контроля немедленно прекратите упражнение""]}",2025-11-08T16:20:00Z
186,muscle-up,notice,"Контролируйте дыхание - координация между двумя фазами движения требует особого контроля дыхания. Не задерживайте дыхание, это может привести к потере координации и нарушению техники.",spine,"{""recommendations"":[""Вдох при подтягивании, выдох при переходе и отжимании"",""Дышите ритмично, синхронизируя с каждой фазой"",""При головокружении прекратите упражнение""]}",2025-11-08T16:20:00Z
187,pull-ups-rings,critical,"КРИТИЧЕСКИ ВАЖНО: Начинайте с колец на небольшой высоте и постепенно увеличивайте сложность по мере роста силы и контроля. Слишком низкое положение колец может привести к потере контроля и падению с серьезными последствиями.",shoulder,"{""recommendations"":[""Начинайте с колец на высоте 50-60 см от пола"",""Постепенно опускайте кольца по мере роста силы"",""Никогда не начинайте с пола без подготовки"",""Убедитесь в безопасном окружении перед началом""]}",2025-11-08T17:00:00Z
188,pull-ups-rings,important,"Активно контролируйте стабильность колец на протяжении всего движения. Не допускайте чрезмерного разворота колец наружу, это создает опасную нагрузку на плечевые суставы и может привести к травме.",shoulder,"{""recommendations"":[""Держите локти направленными назад под углом 45 градусов"",""Активно сопротивляйтесь вращению колец наружу"",""Контролируйте кольца на протяжении всей амплитуды движения"",""При потере контроля немедленно остановитесь""]}",2025-11-08T17:00:00Z
189,pull-ups-rings,important,"Требуется значительная сила кора для предотвращения провисания таза. Если не можете удерживать прямую линию тела, вернитесь к подтягиваниям на турнике для развития базовой силы.",spine,"{""recommendations"":[""Освойте сначала обычные подтягивания до 10+ повторений"",""Развивайте силу планки до 60+ секунд"",""Напрягайте кор и ягодицы на протяжении всего движения"",""Прекратите упражнение при потере контроля""]}",2025-11-08T17:00:00Z
190,pull-ups-rings-wide-grip,critical,"КРИТИЧЕСКИ ВАЖНО: Широкий хват на нестабильных кольцах требует исключительной гибкости плечевых суставов и контроля. Недостаточная подготовка может привести к серьезным травмам плеч. Освойте сначала обычные подтягивания на кольцах.",shoulder,"{""recommendations"":[""Освойте сначала обычные подтягивания на кольцах"",""Убедитесь в хорошей гибкости плечевых суставов"",""Начинайте с колец на небольшой высоте"",""При любом дискомфорте в плечах немедленно прекратите упражнение""]}",2025-11-08T17:05:00Z
191,pull-ups-rings-wide-grip,important,"Активно контролируйте стабильность колец при широком хвате. Широкий хват усложняет контроль колец, поэтому особенно важно контролировать их на протяжении всего движения.",shoulder,"{""recommendations"":[""Держите локти направленными в стороны"",""Активно сопротивляйтесь вращению колец наружу"",""Контролируйте кольца на протяжении всей амплитуды движения"",""При потере контроля немедленно остановитесь""]}",2025-11-08T17:05:00Z
192,pull-ups-rings-wide-grip,important,"Требуется значительная сила кора для предотвращения провисания таза. Широкий хват увеличивает требования к стабильности корпуса.",spine,"{""recommendations"":[""Освойте сначала обычные подтягивания на кольцах"",""Развивайте силу планки до 60+ секунд"",""Напрягайте кор и ягодицы на протяжении всего движения"",""Прекратите упражнение при потере контроля""]}",2025-11-08T17:05:00Z
193,trx-row-standing,important,"Активно контролируйте стабильность TRX петель на протяжении всего движения. Не допускайте раскачивания или разворота петель, это создает опасную нагрузку на плечевые суставы и может привести к потере контроля и травме.",shoulder,"{""recommendations"":[""Держите локти направленными назад"",""Активно сопротивляйтесь раскачиванию петель"",""Контролируйте петли на протяжении всей амплитуды движения"",""При потере контроля немедленно остановитесь и вернитесь к более простому варианту""]}",2025-11-08T17:10:00Z
194,trx-row-standing,important,"Требуется значительная сила кора для предотвращения провисания таза и поддержания прямой линии тела. Если не можете удерживать правильное положение, вернитесь к тяге на тренажере для развития базовой силы.",spine,"{""recommendations"":[""Освойте сначала тягу на тренажере"",""Развивайте силу планки до 60+ секунд"",""Напрягайте кор и ягодицы на протяжении всего движения"",""Прекратите упражнение при потере контроля или провисании таза""]}",2025-11-08T17:10:00Z
195,trx-row-standing,notice,"Регулируйте сложность изменением угла наклона тела - чем ближе к вертикали, тем легче. Начинайте с более вертикального положения и постепенно увеличивайте наклон по мере роста силы.",shoulder,"{""recommendations"":[""Начинайте с угла 45-60 градусов"",""Постепенно увеличивайте наклон по мере роста силы"",""Не начинайте с максимального наклона без подготовки""]}",2025-11-08T17:10:00Z
196,trx-pull-ups-assisted,important,"Активно контролируйте стабильность TRX петель на протяжении всего движения. Не допускайте раскачивания или разворота петель, это может привести к потере контроля и травме.",shoulder,"{""recommendations"":[""Держите локти направленными назад под углом 45 градусов"",""Активно сопротивляйтесь раскачиванию петель"",""Контролируйте петли на протяжении всей амплитуды движения"",""При потере контроля немедленно остановитесь""]}",2025-11-08T17:15:00Z
197,trx-pull-ups-assisted,important,"Требуется сила кора для предотвращения провисания таза и поддержания прямой линии тела. Ноги на земле создают поддержку, но все равно важно напрягать кор для правильной техники.",spine,"{""recommendations"":[""Напрягайте кор и ягодицы на протяжении всего движения"",""Держите тело прямым от головы до пяток"",""Прекратите упражнение при потере контроля или провисании таза""]}",2025-11-08T17:15:00Z
198,trx-pull-ups-assisted,notice,"Постепенно уменьшайте опору на ноги по мере роста силы, увеличивая угол наклона тела. Когда упражнение станет слишком легким, переходите к полноценным подтягиваниям.",shoulder,"{""recommendations"":[""Начинайте с более вертикального положения"",""Постепенно увеличивайте наклон по мере роста силы"",""Переходите к полноценным подтягиваниям когда сможете выполнить 10+ повторений""]}",2025-11-08T17:15:00Z
199,lat-pulldown-wide-grip,important,"Следите за положением плеч - широкий хват создает значительную нагрузку на плечевые суставы и требует хорошей гибкости. При дискомфорте в плечах уменьшите ширину хвата или перейдите на средний хват.",shoulder,"{""recommendations"":[""Не разводите локти слишком широко"",""Держите локти направленными вниз и немного в стороны"",""При дискомфорте в плечах уменьшите ширину хвата"",""Развивайте гибкость плечевых суставов""]}",2025-11-08T18:00:00Z
200,lat-pulldown-wide-grip,notice,"Контролируйте дыхание - не задерживайте его во время выполнения упражнения, это может повысить артериальное давление. Дышите ритмично и контролируемо.",spine,"{""recommendations"":[""Выдох при возвращении рукоятки вверх, вдох при подтягивании вниз"",""Дышите глубоко и ритмично"",""При головокружении прекратите упражнение""]}",2025-11-08T18:00:00Z
201,lat-pulldown-medium-grip,important,"Следите за положением плеч - они не должны выходить вперед за линию груди. Это может привести к травме плечевого сустава.",shoulder,"{""recommendations"":[""Держите плечи стабильными"",""Не отклоняйтесь слишком сильно назад"",""При дискомфорте в плечах уменьшите вес или амплитуду движения""]}",2025-11-08T18:05:00Z
202,lat-pulldown-medium-grip,notice,"Контролируйте дыхание - не задерживайте его во время выполнения упражнения, это может повысить артериальное давление. Дышите ритмично и контролируемо.",spine,"{""recommendations"":[""Выдох при возвращении рукоятки вверх, вдох при подтягивании вниз"",""Дышите глубоко и ритмично"",""При головокружении прекратите упражнение""]}",2025-11-08T18:05:00Z
203,lat-pulldown-close-grip,important,"Следите за положением локтей - они должны быть направлены вниз и близко к телу. Разведение локтей в стороны снижает эффективность упражнения и может привести к травме.",shoulder,"{""recommendations"":[""Держите локти направленными вниз и близко к телу"",""Не разводите локти в стороны"",""При дискомфорте в локтях уменьшите вес""]}",2025-11-08T18:10:00Z
204,lat-pulldown-close-grip,notice,"Контролируйте дыхание - не задерживайте его во время выполнения упражнения, это может повысить артериальное давление. Дышите ритмично и контролируемо.",spine,"{""recommendations"":[""Выдох при возвращении рукоятки вверх, вдох при подтягивании вниз"",""Дышите глубоко и ритмично"",""При головокружении прекратите упражнение""]}",2025-11-08T18:10:00Z
205,lat-pulldown-underhand-grip,important,"Следите за положением локтей - они должны быть направлены вниз и близко к телу. Обратный хват создает повышенную нагрузку на бицепсы, поэтому особенно важно контролировать движение.",shoulder,"{""recommendations"":[""Держите локти направленными вниз и близко к телу"",""Не разводите локти в стороны"",""При дискомфорте в локтях или запястьях уменьшите вес""]}",2025-11-08T18:15:00Z
206,lat-pulldown-underhand-grip,notice,"Контролируйте дыхание - не задерживайте его во время выполнения упражнения, это может повысить артериальное давление. Дышите ритмично и контролируемо.",spine,"{""recommendations"":[""Выдох при возвращении рукоятки вверх, вдох при подтягивании вниз"",""Дышите глубоко и ритмично"",""При головокружении прекратите упражнение""]}",2025-11-08T18:15:00Z
207,lat-pulldown-neutral-grip,important,"Следите за положением плеч и локтей - нейтральный хват более безопасен для суставов, но все равно важно контролировать движение. При дискомфорте уменьшите вес или амплитуду движения.",shoulder,"{""recommendations"":[""Держите локти направленными вниз и близко к телу"",""Не разводите локти в стороны"",""При дискомфорте в плечах или локтях уменьшите вес""]}",2025-11-08T18:20:00Z
208,lat-pulldown-neutral-grip,notice,"Контролируйте дыхание - не задерживайте его во время выполнения упражнения, это может повысить артериальное давление. Дышите ритмично и контролируемо.",spine,"{""recommendations"":[""Выдох при возвращении рукояток вверх, вдох при подтягивании вниз"",""Дышите глубоко и ритмично"",""При головокружении прекратите упражнение""]}",2025-11-08T18:20:00Z
209,lat-pulldown-behind-neck,critical,"КРИТИЧЕСКОЕ ПРЕДУПРЕЖДЕНИЕ: Упражнение требует исключительной гибкости плечевых суставов. При недостаточной гибкости или наличии проблем с плечами упражнение категорически противопоказано и может привести к серьезной травме. При малейшем дискомфорте или боли в плечах немедленно прекратите выполнение.",shoulder,"{""recommendations"":[""Выполняйте только при наличии отличной гибкости плеч"",""Начните с минимального веса для проверки подвижности"",""При дискомфорте используйте альтернативные упражнения (тяга к груди)"",""Развивайте гибкость плечевых суставов перед выполнением""]}",2025-11-08T19:00:00Z
210,lat-pulldown-behind-neck,important,"Следите за положением головы и шеи - рукоятка не должна касаться шеи или головы. Это может привести к травме. Подтягивайте рукоятку к верхней части трапеций, но не задевайте шею.",spine,"{""recommendations"":[""Держите голову в нейтральном положении"",""Не наклоняйте голову вперед или назад"",""Контролируйте траекторию движения рукоятки""]}",2025-11-08T19:00:00Z
211,lat-pulldown-behind-neck,notice,"Контролируйте дыхание и не допускайте задержки дыхания - это особенно важно при выполнении упражнения за голову. Дышите ритмично и контролируемо.",spine,"{""recommendations"":[""Выдох при возвращении рукоятки вверх, вдох при подтягивании вниз"",""Дышите глубоко и ритмично"",""При головокружении немедленно прекратите упражнение""]}",2025-11-08T19:00:00Z
212,lat-pulldown-straight-arm,important,"Следите за тем, чтобы руки оставались прямыми на протяжении всего движения - сгибание локтей снижает эффективность упражнения. Это изолирующее упражнение, выполняемое строго прямыми руками.",shoulder,"{""recommendations"":[""Не сгибайте локти на протяжении всего движения"",""Используйте контролируемый вес"",""Если не можете удержать руки прямыми, уменьшите вес""]}",2025-11-08T19:05:00Z
213,lat-pulldown-straight-arm,notice,"Контролируйте стабильность корпуса - стоячее положение требует активной стабилизации. Потеря стабильности может привести к травме поясницы.",spine,"{""recommendations"":[""Напрягайте мышцы пресса и ягодиц"",""Не раскачивайте корпус"",""Держите позвоночник в нейтральном положении""]}",2025-11-08T19:05:00Z
214,lat-pulldown-one-arm,important,"Следите за стабильностью корпуса - односторонняя работа создает риск ротации позвоночника. Напрягайте мышцы кора для предотвращения компенсаций.",spine,"{""recommendations"":[""Активно напрягайте мышцы кора"",""Не допускайте ротации корпуса"",""Если не можете удержать корпус стабильным, уменьшите вес""]}",2025-11-08T19:10:00Z
215,lat-pulldown-one-arm,notice,"Контролируйте равномерную нагрузку между сторонами - не создавайте дисбаланс, выполняя больше повторений одной рукой. Начинайте со слабой стороны и выполняйте одинаковое количество повторений.",shoulder,"{""recommendations"":[""Начинайте со слабой стороны"",""Выполняйте одинаковое количество повторений для обеих рук"",""Обращайте внимание на дисбалансы""]}",2025-11-08T19:10:00Z
216,lat-pulldown-wide-grip-chest,important,"Следите за положением плеч - широкий хват создает значительную нагрузку на плечевые суставы и требует хорошей гибкости. При дискомфорте в плечах уменьшите ширину хвата.",shoulder,"{""recommendations"":[""Не разводите локти слишком широко"",""Держите локти направленными вниз и немного в стороны"",""При дискомфорте в плечах уменьшите ширину хвата""]}",2025-11-08T19:15:00Z
217,lat-pulldown-wide-grip-chest,notice,"Контролируйте дыхание - не задерживайте его во время выполнения упражнения, это может повысить артериальное давление. Дышите ритмично и контролируемо.",spine,"{""recommendations"":[""Выдох при возвращении рукоятки вверх, вдох при подтягивании вниз"",""Дышите глубоко и ритмично"",""При головокружении прекратите упражнение""]}",2025-11-08T19:15:00Z
218,cable-pulldown-standing,important,"Следите за стабильностью корпуса - стоячее положение требует активной работы стабилизаторов. Потеря стабильности может привести к травме и снижению эффективности.",spine,"{""recommendations"":[""Напрягайте мышцы пресса и ягодиц на протяжении всего движения"",""Используйте разножку для лучшей стабильности"",""Не раскачивайтесь и не используйте инерцию""]}",2025-01-15T10:00:00Z
219,cable-pulldown-standing,important,"Следите за положением плеч - широкий хват создает значительную нагрузку на плечевые суставы и требует хорошей гибкости. При дискомфорте в плечах уменьшите ширину хвата.",shoulder,"{""recommendations"":[""Не разводите локти слишком широко"",""Держите локти направленными вниз и немного в стороны"",""При дискомфорте в плечах уменьшите ширину хвата""]}",2025-01-15T10:00:00Z
220,cable-pulldown-standing,notice,"Контролируйте дыхание - не задерживайте его во время выполнения упражнения, это может повысить артериальное давление. Дышите ритмично и контролируемо.",spine,"{""recommendations"":[""Выдох при возвращении рукояток вверх, вдох при подтягивании вниз"",""Дышите глубоко и ритмично"",""При головокружении прекратите упражнение""]}",2025-01-15T10:00:00Z
221,cable-pulldown-seated,important,"Следите за положением плеч - широкий хват создает значительную нагрузку на плечевые суставы и требует хорошей гибкости. При дискомфорте в плечах уменьшите ширину хвата.",shoulder,"{""recommendations"":[""Не разводите локти слишком широко"",""Держите локти направленными вниз и немного в стороны"",""При дискомфорте в плечах уменьшите ширину хвата""]}",2025-01-15T10:00:00Z
222,cable-pulldown-seated,notice,"Контролируйте дыхание - не задерживайте его во время выполнения упражнения, это может повысить артериальное давление. Дышите ритмично и контролируемо.",spine,"{""recommendations"":[""Выдох при возвращении рукояток вверх, вдох при подтягивании вниз"",""Дышите глубоко и ритмично"",""При головокружении прекратите упражнение""]}",2025-01-15T10:00:00Z
223,australian-pull-ups,important,"Следите за положением тела - провисание таза или поднятие ягодиц нарушает прямую линию и снижает эффективность. Напрягайте мышцы пресса и ягодиц на протяжении всего движения.",spine,"{""recommendations"":[""Напрягайте мышцы пресса и ягодиц для поддержания прямой линии"",""Представьте, что держите монету между ягодицами"",""Не допускайте провисания таза или поднятия ягодиц""]}",2025-01-15T10:00:00Z
224,australian-pull-ups,notice,"Контролируйте дыхание - не задерживайте его во время выполнения упражнения, это может повысить артериальное давление. Дышите ритмично и контролируемо.",spine,"{""recommendations"":[""Выдох при опускании тела, вдох при подтягивании вверх"",""Дышите глубоко и ритмично"",""При головокружении прекратите упражнение""]}",2025-01-15T10:00:00Z
225,australian-pull-ups-feet-elevated,important,"Следите за стабильностью ног на возвышении - скольжение ног может привести к потере равновесия и травме. Убедитесь, что ноги надежно зафиксированы на возвышении.",legs,"{""recommendations"":[""Используйте устойчивое возвышение с нескользящей поверхностью"",""Начинайте с низкого возвышения и постепенно увеличивайте высоту"",""При скольжении ног прекратите упражнение и проверьте устойчивость возвышения""]}",2025-01-15T10:00:00Z
226,australian-pull-ups-feet-elevated,important,"Следите за положением тела - увеличенный угол наклона создает большую нагрузку. Провисание таза или поднятие ягодиц нарушает прямую линию и снижает эффективность.",spine,"{""recommendations"":[""Напрягайте мышцы пресса и ягодиц для поддержания прямой линии"",""Не допускайте провисания таза или поднятия ягодиц"",""Контролируйте движение особенно тщательно при увеличенном угле""]}",2025-01-15T10:00:00Z
227,australian-pull-ups-feet-elevated,notice,"Контролируйте дыхание - не задерживайте его во время выполнения упражнения, это может повысить артериальное давление. Дышите ритмично и контролируемо.",spine,"{""recommendations"":[""Выдох при опускании тела, вдох при подтягивании вверх"",""Дышите глубоко и ритмично"",""При головокружении прекратите упражнение""]}",2025-01-15T10:00:00Z
228,australian-pull-ups-underhand-grip,important,"Следите за положением запястий - обратный хват создает дополнительную нагрузку на запястья. При дискомфорте в запястьях используйте прямой хват или уменьшите ширину хвата.",wrist,"{""recommendations"":[""Используйте хват на ширине плеч или чуть уже"",""При дискомфорте в запястьях переключитесь на прямой хват"",""Не сгибайте запястья во время выполнения упражнения""]}",2025-01-15T10:00:00Z
229,australian-pull-ups-underhand-grip,notice,"Контролируйте дыхание - не задерживайте его во время выполнения упражнения, это может повысить артериальное давление. Дышите ритмично и контролируемо.",spine,"{""recommendations"":[""Выдох при опускании тела, вдох при подтягивании вверх"",""Дышите глубоко и ритмично"",""При головокружении прекратите упражнение""]}",2025-01-15T10:00:00Z
230,australian-pull-ups,important,"Следите за высотой перекладины - слишком низкая перекладина может привести к касанию головой пола, а слишком высокая усложняет упражнение. Перекладина должна быть на уровне талии или чуть выше.",shoulder,"{""recommendations"":[""Используйте перекладину на высоте примерно на уровне талии"",""При слишком низкой перекладине подложите что-то под голову для безопасности"",""При слишком высокой перекладине используйте возвышение для ног""]}",2025-01-15T10:00:00Z
231,australian-pull-ups-underhand-grip,important,"Следите за положением локтей - обратный хват требует контроля локтей для правильной активации бицепсов. Не разводите локти слишком широко, держите их близко к корпусу.",elbow,"{""recommendations"":[""Держите локти направленными вниз и близко к корпусу"",""Не разводите локти в стороны во время подтягивания"",""Контролируйте движение для максимальной активации бицепсов""]}",2025-01-15T10:00:00Z
232,dumbbell-one-arm-row,critical,"НИКОГДА не допускайте ротации позвоночника при подтягивании гантели! Ротация может привести к серьезным травмам спины. Напрягайте мышцы кора для стабилизации.",spine,"{""recommendations"":[""Напрягайте мышцы пресса и ягодиц для стабилизации корпуса"",""Держите корпус параллельно полу на протяжении всего движения"",""При появлении боли в спине немедленно прекратите упражнение""]}",2025-01-15T10:00:00Z
233,dumbbell-one-arm-row,important,"Следите за положением локтя - не разводите его в сторону, это может привести к травме плеча. Держите локоть близко к телу на протяжении всего движения.",shoulder,"{""recommendations"":[""Держите локоть направленным назад и близко к телу"",""Не разводите локоть в стороны во время подтягивания"",""Контролируйте движение для правильной активации мышц спины""]}",2025-01-15T10:00:00Z
234,dumbbell-one-arm-row,notice,"Контролируйте дыхание - не задерживайте его во время выполнения упражнения, это может повысить артериальное давление. Дышите ритмично и контролируемо.",spine,"{""recommendations"":[""Выдох при опускании гантели, вдох при подтягивании к поясу"",""Дышите глубоко и ритмично"",""При головокружении прекратите упражнение""]}",2025-01-15T10:00:00Z
235,dumbbell-bent-over-row,critical,"НИКОГДА не округляйте спину! Округление спины может привести к серьезным травмам позвоночника. Держите спину прямой и параллельной полу на протяжении всего упражнения.",spine,"{""recommendations"":[""Держите спину прямой и параллельной полу"",""Напрягайте мышцы пресса и ягодиц для стабилизации"",""При появлении боли в спине немедленно прекратите упражнение""]}",2025-01-15T10:00:00Z
236,dumbbell-bent-over-row,important,"Следите за положением локтей - не разводите их в стороны, это может привести к травме плеч. Держите локти близко к телу на протяжении всего движения.",shoulder,"{""recommendations"":[""Держите локти направленными назад и близко к телу"",""Не разводите локти в стороны во время подтягивания"",""Контролируйте движение для правильной активации мышц спины""]}",2025-01-15T10:00:00Z
237,dumbbell-bent-over-row,notice,"Контролируйте дыхание - не задерживайте его во время выполнения упражнения, это может повысить артериальное давление. Дышите ритмично и контролируемо.",spine,"{""recommendations"":[""Выдох при опускании гантелей, вдох при подтягивании к поясу"",""Дышите глубоко и ритмично"",""При головокружении прекратите упражнение""]}",2025-01-15T10:00:00Z
238,dumbbell-incline-bench-row,critical,"НИКОГДА не отрывайте грудь от скамьи при подтягивании! Отрыв груди нарушает стабильность и может привести к травме позвоночника. Держите грудь и живот плотно прижатыми к скамье на протяжении всего упражнения.",spine,"{""recommendations"":[""Держите грудь и живот плотно прижатыми к скамье на протяжении всего движения"",""Напрягайте мышцы пресса для дополнительной стабилизации"",""При появлении боли в спине немедленно прекратите упражнение""]}",2025-01-15T10:00:00Z
239,dumbbell-incline-bench-row,important,"Следите за положением локтей - не разводите их в стороны, это может привести к травме плеч. Держите локти близко к телу на протяжении всего движения.",shoulder,"{""recommendations"":[""Держите локти направленными назад и близко к телу"",""Не разводите локти в стороны во время подтягивания"",""Контролируйте движение для правильной активации мышц спины""]}",2025-01-15T10:00:00Z
240,dumbbell-incline-bench-row,notice,"Контролируйте дыхание - не задерживайте его во время выполнения упражнения, это может повысить артериальное давление. Положение лицом вниз требует особого контроля дыхания.",spine,"{""recommendations"":[""Выдох при опускании гантелей, вдох при подтягивании к поясу"",""Дышите глубоко и ритмично"",""При головокружении или дискомфорте прекратите упражнение""]}",2025-01-15T10:00:00Z
241,plank-row,critical,"НИКОГДА не допускайте ротации позвоночника при подтягивании гантели! Ротация в планке может привести к серьезным травмам спины. Напрягайте мышцы кора для максимальной стабилизации.",spine,"{""recommendations"":[""Напрягайте мышцы пресса, ягодиц и ног для стабилизации корпуса"",""Держите корпус в прямой линии от головы до пяток"",""При появлении боли в спине немедленно прекратите упражнение""]}",2025-01-15T10:00:00Z
242,plank-row,important,"Следите за положением таза - не допускайте провисания или поднятия ягодиц. Это нарушает правильную технику планки и может привести к травме спины.",spine,"{""recommendations"":[""Напрягайте ягодицы и пресс для поддержания прямой линии тела"",""Представьте, что держите монету между ягодицами"",""Регулярно проверяйте положение тела в зеркале""]}",2025-01-15T10:00:00Z
243,plank-row,important,"Следите за положением локтя - не разводите его в сторону, это может привести к травме плеча и нарушить стабильность планки. Держите локоть близко к телу на протяжении всего движения.",shoulder,"{""recommendations"":[""Держите локоть направленным назад и близко к телу"",""Не разводите локоть в стороны во время подтягивания"",""Контролируйте движение для правильной активации мышц спины и стабильности планки""]}",2025-01-15T10:00:00Z
244,barbell-bent-over-row,critical,"НИКОГДА не округляйте спину во время выполнения упражнения! Округление позвоночника под нагрузкой может привести к серьезным травмам межпозвоночных дисков.",spine,"{""recommendations"":[""Держите спину прямой на протяжении всего движения"",""Напрягайте мышцы пресса и ягодиц для стабилизации"",""Если не можете удержать прямую спину, уменьшите вес""]}",2025-01-15T10:00:00Z
245,barbell-bent-over-row,important,"Следите за положением головы - она должна быть в нейтральном положении, взгляд направлен вниз. Не запрокидывайте голову вверх, это может привести к травме шейного отдела позвоночника.",spine,"{""recommendations"":[""Держите голову в нейтральном положении"",""Взгляд должен быть направлен вниз, а не вперед или вверх"",""Представьте, что держите теннисный мяч между подбородком и грудью""]}",2025-01-15T10:00:00Z
246,barbell-bent-over-row,notice,"Контролируйте дыхание - не задерживайте его во время выполнения упражнения, это может повысить артериальное давление и снизить стабильность корпуса.",spine,"{""recommendations"":[""Выдох при подтягивании, вдох при опускании"",""Дышите глубоко и ритмично"",""При головокружении прекратите упражнение""]}",2025-01-15T10:00:00Z
247,barbell-bent-over-row-underhand,critical,"НИКОГДА не округляйте спину во время выполнения упражнения! Округление позвоночника под нагрузкой может привести к серьезным травмам межпозвоночных дисков.",spine,"{""recommendations"":[""Держите спину прямой на протяжении всего движения"",""Напрягайте мышцы пресса и ягодиц для стабилизации"",""Если не можете удержать прямую спину, уменьшите вес""]}",2025-01-15T10:00:00Z
248,barbell-bent-over-row-underhand,important,"Обратный хват создает большую нагрузку на бицепсы - не используйте слишком большие веса, это может привести к травме бицепса или локтевого сустава.",shoulder,"{""recommendations"":[""Начинайте с легких весов для освоения техники"",""При боли в бицепсе или локте прекратите упражнение"",""Используйте меньший вес, чем в тяге прямым хватом""]}",2025-01-15T10:00:00Z
249,barbell-bent-over-row-underhand,notice,"Контролируйте дыхание - не задерживайте его во время выполнения упражнения, это может повысить артериальное давление.",spine,"{""recommendations"":[""Выдох при подтягивании, вдох при опускании"",""Дышите глубоко и ритмично"",""При головокружении прекратите упражнение""]}",2025-01-15T10:00:00Z
250,yates-row,important,"Более вертикальное положение не означает расслабление - продолжайте держать спину прямой и напрягать мышцы корпуса на протяжении всего движения.",spine,"{""recommendations"":[""Держите спину прямой даже в более вертикальном положении"",""Напрягайте мышцы пресса и ягодиц"",""Не расслабляйте корпус""]}",2025-01-15T10:00:00Z
251,yates-row,notice,"Контролируйте дыхание - не задерживайте его во время выполнения упражнения, это может повысить артериальное давление.",spine,"{""recommendations"":[""Выдох при подтягивании, вдох при опускании"",""Дышите глубоко и ритмично"",""При головокружении прекратите упражнение""]}",2025-01-15T10:00:00Z
252,pendlay-row,critical,"НИКОГДА не округляйте спину во время выполнения упражнения! Горизонтальное положение корпуса требует особого контроля, округление позвоночника под нагрузкой может привести к серьезным травмам.",spine,"{""recommendations"":[""Держите спину прямой на протяжении всего движения"",""Напрягайте мышцы пресса и ягодиц для стабилизации"",""Если не можете удержать прямую спину, уменьшите вес или используйте другой вариант тяги""]}",2025-01-15T10:00:00Z
253,pendlay-row,important,"Каждое повторение должно начинаться с полной остановки штанги на полу - не используйте инерцию от предыдущего повторения, это нарушает технику упражнения.",shoulder,"{""recommendations"":[""Делайте паузу между повторениями"",""Позволяйте штанге полностью остановиться на полу"",""Не используйте раскачивание или инерцию""]}",2025-01-15T10:00:00Z
254,pendlay-row,notice,"Взрывное движение требует особого контроля дыхания - делайте глубокий вдох перед каждым повторением, мощный выдох при подтягивании.",spine,"{""recommendations"":[""Глубокий вдох перед началом движения"",""Мощный выдох при подтягивании"",""Вдох при возвращении штанги на пол""]}",2025-01-15T10:00:00Z
255,ez-bar-bent-over-row,important,"Следите за положением запястий - используйте изогнутые части EZ-грифа для более естественного положения, не сгибайте запястья чрезмерно.",shoulder,"{""recommendations"":[""Используйте изогнутые части грифа"",""Держите запястья в нейтральном положении"",""При дискомфорте в запястьях уменьшите вес""]}",2025-01-15T10:00:00Z
256,ez-bar-bent-over-row,notice,"Контролируйте дыхание - не задерживайте его во время выполнения упражнения, это может повысить артериальное давление.",spine,"{""recommendations"":[""Выдох при подтягивании, вдох при опускании"",""Дышите глубоко и ритмично"",""При головокружении прекратите упражнение""]}",2025-01-15T10:00:00Z
257,swiss-bar-row,important,"Нейтральный хват обеспечивает более естественное положение плеч, но это не означает, что можно расслабляться - продолжайте держать спину прямой и контролировать движение.",spine,"{""recommendations"":[""Держите спину прямой на протяжении всего движения"",""Напрягайте мышцы пресса и ягодиц"",""Используйте правильный хват на параллельных рукоятках""]}",2025-01-15T10:00:00Z
258,swiss-bar-row,notice,"Контролируйте дыхание - не задерживайте его во время выполнения упражнения, это может повысить артериальное давление.",spine,"{""recommendations"":[""Выдох при подтягивании, вдох при опускании"",""Дышите глубоко и ритмично"",""При головокружении прекратите упражнение""]}",2025-01-15T10:00:00Z
258,cable-seated-row,important,"Следите за положением спины - она должна оставаться прямой на протяжении всего движения. Округление спины может привести к травме позвоночника.",spine,"{""recommendations"":[""Держите грудь расправленной"",""Напрягайте мышцы пресса для поддержания правильной осанки"",""При дискомфорте в спине уменьшите вес""]}",2025-01-15T10:00:00Z
259,cable-seated-row,notice,"Не используйте инерцию для подтягивания рукоятки - движение должно быть контролируемым и медленным.",shoulder,"{""recommendations"":[""Контролируйте движение на всех этапах"",""Не раскачивайтесь корпусом"",""Используйте подходящий вес для правильной техники""]}",2025-01-15T10:00:00Z
260,cable-standing-row,important,"Следите за положением спины - она должна оставаться прямой на протяжении всего движения. Округление спины может привести к травме позвоночника.",spine,"{""recommendations"":[""Держите грудь расправленной"",""Напрягайте мышцы пресса и ягодиц для стабилизации"",""При дискомфорте в спине уменьшите вес""]}",2025-01-15T10:00:00Z
261,cable-standing-row,notice,"Поддерживайте стабильность корпуса - не допускайте раскачивания. Напрягайте мышцы пресса и ягодиц.",core,"{""recommendations"":[""Напрягайте мышцы пресса на протяжении всего движения"",""Держите ягодицы напряженными"",""Не раскачивайтесь корпусом""]}",2025-01-15T10:00:00Z
262,cable-one-arm-row,critical,"КРИТИЧЕСКИ ВАЖНО: Предотвращайте ротацию позвоночника - корпус должен оставаться неподвижным. Ротация может привести к серьезной травме позвоночника.",spine,"{""recommendations"":[""Напрягайте мышцы пресса для стабилизации"",""Держите корпус неподвижным"",""При ротации уменьшите вес или используйте двустороннюю тягу""]}",2025-01-15T10:00:00Z
263,cable-one-arm-row,important,"Следите за положением спины - она должна оставаться прямой на протяжении всего движения. Округление спины может привести к травме позвоночника.",spine,"{""recommendations"":[""Держите грудь расправленной"",""Напрягайте мышцы пресса для поддержания правильной осанки"",""При дискомфорте в спине используйте двустороннюю тягу""]}",2025-01-15T10:00:00Z
264,cable-wide-grip-row,important,"Широкий хват требует хорошей гибкости плеч. При дискомфорте в плечевых суставах используйте более узкий хват или альтернативные упражнения.",shoulder,"{""recommendations"":[""Убедитесь в достаточной гибкости плеч перед выполнением"",""При дискомфорте используйте средний или узкий хват"",""Не разводите локти слишком широко""]}",2025-01-15T10:00:00Z
265,cable-wide-grip-row,notice,"Следите за положением спины - она должна оставаться прямой на протяжении всего движения.",spine,"{""recommendations"":[""Держите грудь расправленной"",""Напрягайте мышцы пресса для поддержания правильной осанки""]}",2025-01-15T10:00:00Z
266,cable-close-grip-row,important,"Следите за положением спины - она должна оставаться прямой на протяжении всего движения. Округление спины может привести к травме позвоночника.",spine,"{""recommendations"":[""Держите грудь расправленной"",""Напрягайте мышцы пресса для поддержания правильной осанки"",""При дискомфорте в спине уменьшите вес""]}",2025-01-15T10:00:00Z
267,cable-close-grip-row,notice,"Держите локти близко к корпусу - не разводите их в стороны. Это обеспечивает правильную технику и акцент на бицепсы.",shoulder,"{""recommendations"":[""Держите локти под углом 45 градусов к корпусу"",""Не разводите локти в стороны"",""Контролируйте движение на всех этапах""]}",2025-01-15T10:00:00Z
268,cable-horizontal-row-underhand-grip,important,"Следите за положением спины - она должна оставаться прямой на протяжении всего движения. Округление спины может привести к травме позвоночника.",spine,"{""recommendations"":[""Держите грудь расправленной"",""Напрягайте мышцы пресса для поддержания правильной осанки"",""При дискомфорте в спине уменьшите вес""]}",2025-01-15T10:00:00Z
269,cable-horizontal-row-underhand-grip,notice,"Не используйте инерцию для подтягивания рукоятки - движение должно быть контролируемым и медленным.",shoulder,"{""recommendations"":[""Контролируйте движение на всех этапах"",""Не раскачивайтесь корпусом"",""Используйте подходящий вес для правильной техники""]}",2025-01-15T10:00:00Z
270,cable-horizontal-row-neutral-grip,important,"Следите за положением спины - она должна оставаться прямой на протяжении всего движения. Округление спины может привести к травме позвоночника.",spine,"{""recommendations"":[""Держите грудь расправленной"",""Напрягайте мышцы пресса для поддержания правильной осанки"",""При дискомфорте в спине уменьшите вес""]}",2025-01-15T10:00:00Z
271,cable-horizontal-row-neutral-grip,notice,"Нейтральный хват обеспечивает более естественное положение плеч, но все равно следите за техникой выполнения.",shoulder,"{""recommendations"":[""Держите локти близко к корпусу"",""Контролируйте движение на всех этапах"",""При дискомфорте в плечах уменьшите вес""]}",2025-01-15T10:00:00Z
272,cable-crossover-row-high,important,"Следите за положением спины - она должна оставаться прямой на протяжении всего движения. Округление спины может привести к травме позвоночника.",spine,"{""recommendations"":[""Держите грудь расправленной"",""Напрягайте мышцы пресса и ягодиц для стабилизации"",""При дискомфорте в спине уменьшите вес""]}",2025-01-15T10:00:00Z
273,cable-crossover-row-high,notice,"Поддерживайте стабильность корпуса - не допускайте раскачивания. Напрягайте мышцы пресса и ягодиц.",core,"{""recommendations"":[""Напрягайте мышцы пресса на протяжении всего движения"",""Держите ягодицы напряженными"",""Не раскачивайтесь корпусом""]}",2025-01-15T10:00:00Z
274,cable-crossover-row-low,important,"Следите за положением спины - она должна оставаться прямой на протяжении всего движения. Округление спины может привести к травме позвоночника.",spine,"{""recommendations"":[""Держите грудь расправленной"",""Напрягайте мышцы пресса и ягодиц для стабилизации"",""При дискомфорте в спине уменьшите вес""]}",2025-01-15T10:00:00Z
275,cable-crossover-row-low,notice,"Поддерживайте стабильность корпуса - не допускайте раскачивания. Напрягайте мышцы пресса и ягодиц.",core,"{""recommendations"":[""Напрягайте мышцы пресса на протяжении всего движения"",""Держите ягодицы напряженными"",""Не раскачивайтесь корпусом""]}",2025-01-15T10:00:00Z
276,cable-horizontal-row-kneeling,important,"Следите за положением спины - она должна оставаться прямой на протяжении всего движения. Округление спины может привести к травме позвоночника.",spine,"{""recommendations"":[""Держите грудь расправленной"",""Напрягайте мышцы пресса и ягодиц для стабилизации"",""При дискомфорте в спине уменьшите вес""]}",2025-01-15T10:00:00Z
277,cable-horizontal-row-kneeling,notice,"Поддерживайте стабильность корпуса на коленях - не допускайте раскачивания. Напрягайте мышцы пресса, ягодиц и спины.",core,"{""recommendations"":[""Напрягайте мышцы пресса на протяжении всего движения"",""Держите ягодицы напряженными"",""Используйте мягкий коврик для комфорта коленей""]}",2025-01-15T10:00:00Z
278,hammer-strength-row,critical,"ВСЕГДА фиксируйте блины и проверяйте упоры перед началом подхода. Соскальзывающий груз может привести к травме плечевого пояса и спины.",shoulder,"{""recommendations"":[""Используйте замки или стопора на штангах тренажёра перед каждым подходом"",""Проверяйте, что платформа и упоры установлены симметрично"",""Не перегружайте тренажёр суммарным весом сверх паспортной нормы""]}",2025-11-08T20:00:00Z
279,hammer-strength-row,important,"Следите за положением спины - она должна оставаться прямой с естественным прогибом в пояснице. Округление спины может привести к травме позвоночника.",spine,"{""recommendations"":[""Держите грудь расправленной и прижатой к подушке"",""Напрягайте мышцы пресса и ягодиц для стабилизации"",""При дискомфорте в спине уменьшите вес""]}",2025-11-08T20:00:00Z
280,hammer-strength-row,notice,"Контролируйте синхронность движения обеих рук. Независимые рычаги позволяют выравнивать дисбаланс, но движение должно быть скоординированным.",shoulder,"{""recommendations"":[""Начинайте движение обеими руками одновременно"",""Подтягивайте рукоятки с одинаковой скоростью"",""При асимметрии снизьте вес и сосредоточьтесь на технике""]}",2025-11-08T20:00:00Z
281,t-bar-row-machine,critical,"ВСЕГДА фиксируйте блины и проверяйте упоры перед началом подхода. Соскальзывающий груз может привести к травме плечевого пояса и спины.",shoulder,"{""recommendations"":[""Используйте замки или стопора на штанге тренажёра перед каждым подходом"",""Проверяйте, что платформа и упоры установлены правильно"",""Не перегружайте тренажёр суммарным весом сверх паспортной нормы""]}",2025-11-08T20:00:00Z
282,t-bar-row-machine,important,"Следите за положением спины - она должна оставаться прямой с естественным прогибом в пояснице. Округление спины может привести к травме позвоночника.",spine,"{""recommendations"":[""Держите грудь расправленной и прижатой к подушке"",""Напрягайте мышцы пресса и ягодиц для стабилизации"",""При дискомфорте в спине уменьшите вес""]}",2025-11-08T20:00:00Z
283,t-bar-row-machine,notice,"Правильное положение сиденья и высота подушки - отрегулируйте тренажер так, чтобы подушка находилась на уровне груди. Неправильная настройка может привести к нарушению техники.",shoulder,"{""recommendations"":[""Подушка должна быть на уровне середины груди"",""Плечи должны быть параллельны полу в исходном положении"",""При необходимости попросите тренера помочь с настройкой""]}",2025-11-08T20:00:00Z
284,trx-row,important,"Активно контролируйте стабильность TRX петель на протяжении всего движения. Не допускайте раскачивания или разворота петель, это создает опасную нагрузку на плечевые суставы и может привести к потере контроля и травме.",shoulder,"{""recommendations"":[""Держите локти направленными назад"",""Активно сопротивляйтесь раскачиванию петель"",""Контролируйте петли на протяжении всей амплитуды движения"",""При потере контроля немедленно остановитесь и вернитесь к более простому варианту""]}",2025-11-30T19:52:21Z
285,trx-row,important,"Требуется сила кора для предотвращения провисания таза и поддержания прямой линии тела. Если не можете удерживать правильное положение, вернитесь к более вертикальному углу наклона или к тяге на тренажере для развития базовой силы.",spine,"{""recommendations"":[""Освойте сначала тягу на тренажере"",""Развивайте силу планки до 60+ секунд"",""Напрягайте кор и ягодицы на протяжении всего движения"",""Прекратите упражнение при потере контроля или провисании таза""]}",2025-11-30T19:52:21Z
286,trx-row,notice,"Регулируйте сложность изменением угла наклона тела - чем ближе к вертикали, тем легче. Начинайте с более вертикального положения и постепенно увеличивайте наклон по мере роста силы.",shoulder,"{""recommendations"":[""Начинайте с угла 45-60 градусов"",""Постепенно увеличивайте наклон по мере роста силы"",""Не начинайте с максимального наклона без подготовки""]}",2025-11-30T19:52:21Z
287,trx-row-wide-grip,important,"Широкий хват требует хорошей гибкости плечевых суставов. Не начинайте с широкого хвата, если чувствуете дискомфорт в плечах - это может привести к травме. Сначала развивайте гибкость плеч и освойте базовый вариант тяги.",shoulder,"{""recommendations"":[""Освойте сначала базовую TRX тягу"",""Развивайте гибкость плеч перед широким хватом"",""При дискомфорте уменьшите ширину хвата или используйте более вертикальный угол""]}",2025-11-30T19:52:21Z
288,trx-row-wide-grip,important,"Активно контролируйте стабильность TRX петель на протяжении всего движения. Широкий хват увеличивает риск раскачивания петель. Не допускайте раскачивания или разворота петель, это создает опасную нагрузку на плечевые суставы.",shoulder,"{""recommendations"":[""Держите локти направленными назад и широко"",""Активно сопротивляйтесь раскачиванию петель"",""Контролируйте петли на протяжении всей амплитуды движения""]}",2025-11-30T19:52:21Z
289,trx-row-wide-grip,notice,"Требуется сила кора для предотвращения провисания таза и поддержания прямой линии тела. Широкий хват требует большего контроля. Напрягайте кор и ягодицы для поддержания стабильности на протяжении всего движения.",spine,"{""recommendations"":[""Напрягайте кор и ягодицы на протяжении всего движения"",""Прекратите упражнение при потере контроля или провисании таза""]}",2025-11-30T19:52:21Z
290,trx-row-close-grip,important,"Активно контролируйте стабильность TRX петель на протяжении всего движения. Не допускайте раскачивания или разворота петель, это создает опасную нагрузку на плечевые суставы и может привести к потере контроля и травме.",shoulder,"{""recommendations"":[""Держите локти направленными назад и близко к корпусу"",""Активно сопротивляйтесь раскачиванию петель"",""Контролируйте петли на протяжении всей амплитуды движения""]}",2025-11-30T19:52:21Z
291,trx-row-close-grip,important,"Требуется сила кора для предотвращения провисания таза и поддержания прямой линии тела. Напрягайте кор и ягодицы для поддержания стабильности на протяжении всего движения.",spine,"{""recommendations"":[""Напрягайте кор и ягодицы на протяжении всего движения"",""Прекратите упражнение при потере контроля или провисании таза""]}",2025-11-30T19:52:21Z
292,trx-row-close-grip,notice,"Узкий хват создает больший акцент на бицепсы. Не перенапрягайте бицепсы - если чувствуете чрезмерное напряжение, сделайте перерыв или переключитесь на базовый вариант тяги.",shoulder,"{""recommendations"":[""Следите за ощущениями в бицепсах"",""При перенапряжении сделайте перерыв""]}",2025-11-30T19:52:21Z
293,trx-row-archer,critical,"КРИТИЧЕСКИ ВАЖНО: Односторонняя нагрузка на нестабильных петлях создает экстремальный риск ротации позвоночника и травмы. Максимально напрягайте кор и ягодицы для предотвращения ротации. Если не можете удерживать правильное положение без ротации, НЕ ВЫПОЛНЯЙТЕ это упражнение - вернитесь к более простым вариантам.",spine,"{""recommendations"":[""Освойте сначала базовую TRX тягу и варианты с разными хватами"",""Развивайте силу планки до 90+ секунд"",""Максимально напрягайте кор и ягодицы на протяжении всего движения"",""НЕМЕДЛЕННО прекратите упражнение при любой ротации корпуса"",""Если не можете предотвратить ротацию, не выполняйте это упражнение""]}",2025-11-30T19:52:21Z
294,trx-row-archer,important,"Активно контролируйте стабильность TRX петель на протяжении всего движения. Односторонняя нагрузка значительно увеличивает риск раскачивания петель. Не допускайте раскачивания или разворота петель, это создает опасную нагрузку на плечевые суставы и может привести к потере контроля и травме.",shoulder,"{""recommendations"":[""Активно сопротивляйтесь раскачиванию петель"",""Контролируйте петли на протяжении всей амплитуды движения"",""При потере контроля немедленно остановитесь""]}",2025-11-30T19:52:21Z
295,trx-row-archer,important,"Требуется максимальная сила кора для предотвращения провисания таза и поддержания прямой линии тела при односторонней нагрузке. Односторонняя работа требует значительно большего контроля, чем двусторонние варианты.",spine,"{""recommendations"":[""Развивайте силу планки до 90+ секунд"",""Напрягайте кор и ягодицы максимально на протяжении всего движения"",""Прекратите упражнение при потере контроля или провисании таза""]}",2025-11-30T19:52:21Z
